id	name	ruleset	planner	xml	status
Bear School steel sword	Ursine steel sword	ng	SilverDamage base 1-1;SlashingDamage base 204-204;focus_gain add 0.05-0.05;human_exp_bonus_when_fatal add 0.05-0.05	SilverDamage base 1-1;SlashingDamage base 204-204;focus_gain add 0.05-0.05;human_exp_bonus_when_fatal add 0.05-0.05	ok
Bear School steel sword 1	Ursine steel sword - enhanced	ng	SilverDamage base 1-1;SlashingDamage base 244-244;critical_hit_damage_bonus add 0.25-0.25;focus_gain add 0.1-0.1;human_exp_bonus_when_fatal add 0.05-0.05	SilverDamage base 1-1;SlashingDamage base 244-244;critical_hit_damage_bonus add 0.25-0.25;focus_gain add 0.1-0.1;human_exp_bonus_when_fatal add 0.05-0.05	ok
Bear School steel sword 2	Ursine steel sword - superior	ng	SilverDamage base 1-1;SlashingDamage base 284-284;critical_hit_damage_bonus add 0.5-0.5;focus_gain add 0.15-0.15;human_exp_bonus_when_fatal add 0.05-0.05	SilverDamage base 1-1;SlashingDamage base 284-284;critical_hit_damage_bonus add 0.5-0.5;focus_gain add 0.15-0.15;human_exp_bonus_when_fatal add 0.05-0.05	ok
Bear School steel sword 3	Ursine steel sword - mastercrafted	ng	SilverDamage base 1-1;SlashingDamage base 316-316;critical_hit_damage_bonus add 0.75-0.75;focus_gain add 0.2-0.2;human_exp_bonus_when_fatal add 0.05-0.05	SilverDamage base 1-1;SlashingDamage base 316-316;critical_hit_damage_bonus add 0.75-0.75;focus_gain add 0.2-0.2;human_exp_bonus_when_fatal add 0.05-0.05	ok
Bear School steel sword 4	Grandmaster Ursine steel sword	ng	SilverDamage base 1-1;SlashingDamage base 372-372;critical_hit_chance add 0.05-0.05;critical_hit_damage_bonus add 0.75-0.75;dismember_chance_mult add 0.14-0.14;focus_gain add 0.21-0.21;human_exp_bonus_when_fatal add 0.05-0.05	SilverDamage base 1-1;SlashingDamage base 372-372;critical_hit_chance add 0.05-0.05;critical_hit_damage_bonus add 0.75-0.75;dismember_chance_mult add 0.14-0.14;focus_gain add 0.21-0.21;human_exp_bonus_when_fatal add 0.05-0.05	ok
Gryphon School steel sword	Griffin steel sword	ng	SilverDamage base 1-1;SlashingDamage base 132-132;human_exp_bonus_when_fatal add 0.05-0.05;spell_power mult 0.05-0.05	SilverDamage base 1-1;SlashingDamage base 132-132;human_exp_bonus_when_fatal add 0.05-0.05;spell_power mult 0.05-0.05	ok
Gryphon School steel sword 1	Griffin steel sword - enhanced	ng	SilverDamage base 1-1;SlashingDamage base 188-188;human_exp_bonus_when_fatal add 0.05-0.05;spell_power mult 0.1-0.1	SilverDamage base 1-1;SlashingDamage base 188-188;human_exp_bonus_when_fatal add 0.05-0.05;spell_power mult 0.1-0.1	ok
Gryphon School steel sword 2	Griffin steel sword - superior	ng	SilverDamage base 1-1;SlashingDamage base 252-252;critical_hit_damage_bonus add 0.25-0.25;human_exp_bonus_when_fatal add 0.05-0.05;spell_power mult 0.15-0.15	SilverDamage base 1-1;SlashingDamage base 252-252;critical_hit_damage_bonus add 0.25-0.25;human_exp_bonus_when_fatal add 0.05-0.05;spell_power mult 0.15-0.15	ok
Gryphon School steel sword 3	Griffin steel sword - mastercrafted	ng	SilverDamage base 1-1;SlashingDamage base 316-316;critical_hit_chance add 0.05-0.05;critical_hit_damage_bonus add 0.25-0.25;human_exp_bonus_when_fatal add 0.05-0.05;spell_power mult 0.2-0.2	SilverDamage base 1-1;SlashingDamage base 316-316;critical_hit_chance add 0.05-0.05;critical_hit_damage_bonus add 0.25-0.25;human_exp_bonus_when_fatal add 0.05-0.05;spell_power mult 0.2-0.2	ok
Gryphon School steel sword 4	Grandmaster Griffin steel sword	ng	SilverDamage base 1-1;SlashingDamage base 372-372;critical_hit_chance add 0.05-0.05;critical_hit_damage_bonus add 0.25-0.25;dismember_chance_mult add 0.1-0.1;human_exp_bonus_when_fatal add 0.05-0.05;spell_power mult 0.21-0.21	SilverDamage base 1-1;SlashingDamage base 372-372;critical_hit_chance add 0.05-0.05;critical_hit_damage_bonus add 0.25-0.25;dismember_chance_mult add 0.1-0.1;human_exp_bonus_when_fatal add 0.05-0.05;spell_power mult 0.21-0.21	ok
Lynx School steel sword	Feline steel sword	ng	SilverDamage base 1-1;SlashingDamage base 180-180;buff_apply_chance add 0.05-0.05;desc_bleedingchance_mult add 0.05-0.05;human_exp_bonus_when_fatal add 0.05-0.05	SilverDamage base 1-1;SlashingDamage base 180-180;buff_apply_chance add 0.05-0.05;desc_bleedingchance_mult add 0.05-0.05;human_exp_bonus_when_fatal add 0.05-0.05	ok
Lynx School steel sword 1	Feline steel sword - enhanced	ng	SilverDamage base 1-1;SlashingDamage base 228-228;buff_apply_chance add 0.1-0.1;desc_bleedingchance_mult add 0.1-0.1;human_exp_bonus_when_fatal add 0.05-0.05	SilverDamage base 1-1;SlashingDamage base 228-228;buff_apply_chance add 0.1-0.1;desc_bleedingchance_mult add 0.1-0.1;human_exp_bonus_when_fatal add 0.05-0.05	ok
Lynx School steel sword 2	Feline steel sword - superior	ng	SilverDamage base 1-1;SlashingDamage base 276-276;buff_apply_chance add 0.1-0.1;critical_hit_chance add 0.05-0.05;desc_bleedingchance_mult add 0.1-0.1;human_exp_bonus_when_fatal add 0.05-0.05	SilverDamage base 1-1;SlashingDamage base 276-276;buff_apply_chance add 0.1-0.1;critical_hit_chance add 0.05-0.05;desc_bleedingchance_mult add 0.1-0.1;human_exp_bonus_when_fatal add 0.05-0.05	ok
Lynx School steel sword 3	Feline steel sword - mastercrafted	ng	SilverDamage base 1-1;SlashingDamage base 316-316;buff_apply_chance add 0.15-0.15;critical_hit_chance add 0.1-0.1;desc_bleedingchance_mult add 0.15-0.15;human_exp_bonus_when_fatal add 0.05-0.05	SilverDamage base 1-1;SlashingDamage base 316-316;buff_apply_chance add 0.15-0.15;critical_hit_chance add 0.1-0.1;desc_bleedingchance_mult add 0.15-0.15;human_exp_bonus_when_fatal add 0.05-0.05	ok
Lynx School steel sword 4	Grandmaster Feline steel sword	ng	SilverDamage base 1-1;SlashingDamage base 372-372;buff_apply_chance add 0.15-0.15;critical_hit_chance add 0.1-0.1;desc_bleedingchance_mult add 0.15-0.15;dismember_chance_mult add 0.1-0.1;human_exp_bonus_when_fatal add 0.05-0.05;spell_power_aard mult 0.15-0.15	SilverDamage base 1-1;SlashingDamage base 372-372;buff_apply_chance add 0.15-0.15;critical_hit_chance add 0.1-0.1;desc_bleedingchance_mult add 0.15-0.15;dismember_chance_mult add 0.1-0.1;human_exp_bonus_when_fatal add 0.05-0.05;spell_power_aard mult 0.15-0.15	ok
Netflix steel sword	Forgotten Wolven steel sword	ng	SilverDamage base 1-1;SlashingDamage base 201-201;buff_apply_chance add 0.05-0.05;critical_hit_chance add 0.05-0.05;critical_hit_damage_bonus add 0.1-0.1;desc_bleedingchance_mult add 0.05-0.05;focus_gain add 0.06-0.06;human_exp_bonus_when_fatal add 0.05-0.05;spell_power mult 0.05-0.05	SilverDamage base 1-1;SlashingDamage base 201-201;buff_apply_chance add 0.05-0.05;critical_hit_chance add 0.05-0.05;critical_hit_damage_bonus add 0.1-0.1;desc_bleedingchance_mult add 0.05-0.05;focus_gain add 0.06-0.06;human_exp_bonus_when_fatal add 0.05-0.05;spell_power mult 0.05-0.05	ok
Reinald Netflix steel sword	Forgotten Wolven steel sword	ng	SilverDamage base 1-1;SlashingDamage base 201-201;buff_apply_chance add 0.05-0.05;critical_hit_chance add 0.05-0.05;critical_hit_damage_bonus add 0.1-0.1;desc_bleedingchance_mult add 0.05-0.05;focus_gain add 0.06-0.06;human_exp_bonus_when_fatal add 0.05-0.05;spell_power mult 0.05-0.05	SilverDamage base 1-1;SlashingDamage base 201-201;buff_apply_chance add 0.05-0.05;critical_hit_chance add 0.05-0.05;critical_hit_damage_bonus add 0.1-0.1;desc_bleedingchance_mult add 0.05-0.05;focus_gain add 0.06-0.06;human_exp_bonus_when_fatal add 0.05-0.05;spell_power mult 0.05-0.05	ok
Netflix steel sword 1	Forgotten Wolven steel sword - mastercrafted	ng	SilverDamage base 1-1;SlashingDamage base 318-318;buff_apply_chance add 0.05-0.05;critical_hit_chance add 0.06-0.06;critical_hit_damage_bonus add 0.15-0.15;desc_bleedingchance_mult add 0.05-0.05;focus_gain add 0.09-0.09;human_exp_bonus_when_fatal add 0.05-0.05;spell_power mult 0.06-0.06	SilverDamage base 1-1;SlashingDamage base 318-318;buff_apply_chance add 0.05-0.05;critical_hit_chance add 0.06-0.06;critical_hit_damage_bonus add 0.15-0.15;desc_bleedingchance_mult add 0.05-0.05;focus_gain add 0.09-0.09;human_exp_bonus_when_fatal add 0.05-0.05;spell_power mult 0.06-0.06	ok
Netflix steel sword 2	Grandmaster forgotten Wolven steel sword	ng	SilverDamage base 1-1;SlashingDamage base 372-372;buff_apply_chance add 0.05-0.05;critical_hit_chance add 0.07-0.07;critical_hit_damage_bonus add 0.2-0.2;desc_bleedingchance_mult add 0.05-0.05;focus_gain add 0.1-0.1;human_exp_bonus_when_fatal add 0.1-0.1;spell_power mult 0.07-0.07	SilverDamage base 1-1;SlashingDamage base 372-372;buff_apply_chance add 0.05-0.05;critical_hit_chance add 0.07-0.07;critical_hit_damage_bonus add 0.2-0.2;desc_bleedingchance_mult add 0.05-0.05;focus_gain add 0.1-0.1;human_exp_bonus_when_fatal add 0.1-0.1;spell_power mult 0.07-0.07	ok
Red Wolf School steel sword 1	Manticore steel sword	ng	SilverDamage base 1-1;SlashingDamage base 372-372;armor_reduction base 250-250;buff_apply_chance add 0.1-0.1;critical_hit_chance add 0.05-0.05;critical_hit_damage_bonus add 0.5-0.5;desc_bleedingchance_mult add 0.1-0.1;human_exp_bonus_when_fatal add 0.05-0.05	SilverDamage base 1-1;SlashingDamage base 372-372;armor_reduction base 250-250;buff_apply_chance add 0.1-0.1;critical_hit_chance add 0.05-0.05;critical_hit_damage_bonus add 0.5-0.5;desc_bleedingchance_mult add 0.1-0.1;human_exp_bonus_when_fatal add 0.05-0.05	ok
Red Wolf School steel sword 2	Legendary Manticore steel sword	ng	SilverDamage base 1-1;SlashingDamage base 636-636;armor_reduction base 250-250;buff_apply_chance add 0.12-0.12;critical_hit_chance add 0.15-0.15;critical_hit_damage_bonus add 0.5-0.5;desc_bleedingchance_mult add 0.12-0.12;human_exp_bonus_when_fatal add 0.05-0.05	SilverDamage base 1-1;SlashingDamage base 636-636;armor_reduction base 250-250;buff_apply_chance add 0.12-0.12;critical_hit_chance add 0.15-0.15;critical_hit_damage_bonus add 0.5-0.5;desc_bleedingchance_mult add 0.12-0.12;human_exp_bonus_when_fatal add 0.05-0.05	ok
EP1 Viper School steel sword	Viper venomous steel sword	ng	SilverDamage base 1-1;SlashingDamage base 364-364;buff_apply_chance add 0.15-0.15;critical_hit_chance add 0.1-0.1;critical_hit_damage_bonus add 0.75-0.75;desc_poinsonchance_mult add 0.15-0.15;human_exp_bonus_when_fatal add 0.05-0.05;spell_power_aard mult 0.25-0.25	SilverDamage base 1-1;SlashingDamage base 364-364;buff_apply_chance add 0.15-0.15;critical_hit_chance add 0.1-0.1;critical_hit_damage_bonus add 0.75-0.75;desc_poinsonchance_mult add 0.15-0.15;human_exp_bonus_when_fatal add 0.05-0.05;spell_power_aard mult 0.25-0.25	ok
Viper School steel sword	Viper steel sword	ng	SilverDamage base 1-1;SlashingDamage base 55-55;buff_apply_chance add 0.15-0.15;desc_poinsonchance_mult add 0.15-0.15;human_exp_bonus_when_fatal add 0.05-0.05	SilverDamage base 1-1;SlashingDamage base 55-55;buff_apply_chance add 0.15-0.15;desc_poinsonchance_mult add 0.15-0.15;human_exp_bonus_when_fatal add 0.05-0.05	ok
Wolf School steel sword	Wolven steel sword	ng	SilverDamage base 1-1;SlashingDamage base 156-156;buff_apply_chance add 0.05-0.05;desc_bleedingchance_mult add 0.05-0.05;focus_gain add 0.05-0.05;human_exp_bonus_when_fatal add 0.05-0.05;spell_power mult 0.05-0.05	SilverDamage base 1-1;SlashingDamage base 156-156;buff_apply_chance add 0.05-0.05;desc_bleedingchance_mult add 0.05-0.05;focus_gain add 0.05-0.05;human_exp_bonus_when_fatal add 0.05-0.05;spell_power mult 0.05-0.05	ok
Wolf School steel sword 1	Wolven steel sword - enhanced	ng	SilverDamage base 1-1;SlashingDamage base 212-212;buff_apply_chance add 0.06-0.06;desc_bleedingchance_mult add 0.06-0.06;focus_gain add 0.06-0.06;human_exp_bonus_when_fatal add 0.05-0.05;spell_power mult 0.06-0.06	SilverDamage base 1-1;SlashingDamage base 212-212;buff_apply_chance add 0.06-0.06;desc_bleedingchance_mult add 0.06-0.06;focus_gain add 0.06-0.06;human_exp_bonus_when_fatal add 0.05-0.05;spell_power mult 0.06-0.06	ok
Wolf School steel sword 2	Wolven steel sword - superior	ng	SilverDamage base 1-1;SlashingDamage base 276-276;buff_apply_chance add 0.07-0.07;critical_hit_chance add 0.05-0.05;desc_bleedingchance_mult add 0.07-0.07;focus_gain add 0.07-0.07;human_exp_bonus_when_fatal add 0.05-0.05;spell_power mult 0.07-0.07	SilverDamage base 1-1;SlashingDamage base 276-276;buff_apply_chance add 0.07-0.07;critical_hit_chance add 0.05-0.05;desc_bleedingchance_mult add 0.07-0.07;focus_gain add 0.07-0.07;human_exp_bonus_when_fatal add 0.05-0.05;spell_power mult 0.07-0.07	ok
Wolf School steel sword 3	Wolven steel sword - mastercrafted	ng	SilverDamage base 1-1;SlashingDamage base 316-316;buff_apply_chance add 0.1-0.1;critical_hit_chance add 0.1-0.1;desc_bleedingchance_mult add 0.1-0.1;focus_gain add 0.1-0.1;human_exp_bonus_when_fatal add 0.05-0.05;spell_power mult 0.1-0.1	SilverDamage base 1-1;SlashingDamage base 316-316;buff_apply_chance add 0.1-0.1;critical_hit_chance add 0.1-0.1;desc_bleedingchance_mult add 0.1-0.1;focus_gain add 0.1-0.1;human_exp_bonus_when_fatal add 0.05-0.05;spell_power mult 0.1-0.1	ok
Wolf School steel sword 4	Grandmaster Wolven steel sword	ng	SilverDamage base 1-1;SlashingDamage base 372-372;buff_apply_chance add 0.11-0.11;critical_hit_chance add 0.11-0.11;desc_bleedingchance_mult add 0.11-0.11;focus_gain add 0.11-0.11;human_exp_bonus_when_fatal add 0.05-0.05;spell_power mult 0.11-0.11	SilverDamage base 1-1;SlashingDamage base 372-372;buff_apply_chance add 0.11-0.11;critical_hit_chance add 0.11-0.11;desc_bleedingchance_mult add 0.11-0.11;focus_gain add 0.11-0.11;human_exp_bonus_when_fatal add 0.05-0.05;spell_power mult 0.11-0.11	ok
q702 vampire steel sword	Tesham Mutna steel sword	ng	SilverDamage base 1-1;SlashingDamage base 356-356;armor_reduction base 150-150;buff_apply_chance add 0.15-0.15;critical_hit_chance add 0.15-0.15;critical_hit_damage_bonus add 0.75-0.75;desc_bleedingchance_mult add 0.15-0.15;desc_confusionchance_mult add 0.15-0.15	SilverDamage base 1-1;SlashingDamage base 356-356;armor_reduction base 150-150;buff_apply_chance add 0.15-0.15;critical_hit_chance add 0.15-0.15;critical_hit_damage_bonus add 0.75-0.75;desc_bleedingchance_mult add 0.15-0.15;desc_confusionchance_mult add 0.15-0.15	ok
q704 vampire steel sword	Hen Gaidth steel sword	ng	SilverDamage base 1-1;armor_reduction base 150-150;buff_apply_chance add 0.15-0.15;critical_hit_chance add 0.15-0.15;critical_hit_damage_bonus add 0.75-0.75;desc_bleedingchance_mult add 0.15-0.15;desc_confusionchance_mult add 0.15-0.15;item_level_max add 100-100;item_level_min add 40-40	SilverDamage base 1-1;armor_reduction base 150-150;buff_apply_chance add 0.15-0.15;critical_hit_chance add 0.15-0.15;critical_hit_damage_bonus add 0.75-0.75;desc_bleedingchance_mult add 0.15-0.15;desc_confusionchance_mult add 0.15-0.15;item_level_max add 100-100;item_level_min add 40-40	ok
Dol Blathanna longsword	Sword of a Thousand Flowers	ng	SilverDamage base 1-1;SlashingDamage base 91-91;armor_reduction base 5-5;critical_hit_chance add 0.05-0.05;critical_hit_damage_bonus add 0.1-0.1;human_exp_bonus_when_fatal add 0.05-0.05;spell_power_aard mult 0.01-0.1	SilverDamage base 1-1;SlashingDamage base 91-91;armor_reduction base 5-5;critical_hit_chance add 0.05-0.05;critical_hit_damage_bonus add 0.1-0.1;human_exp_bonus_when_fatal add 0.05-0.05;spell_power_aard mult 0.01-0.1	ok
Steel Vixen	Nine-Tailed Vixen steel sword	ng	SilverDamage base 1-1;SlashingDamage base 121-121;buff_apply_chance add 0.05-0.05;critical_hit_chance add 0.1-0.1;desc_bleedingchance_mult add 0.05-0.05;dismember_chance_mult add 0.05-0.05	SilverDamage base 1-1;SlashingDamage base 121-121;buff_apply_chance add 0.05-0.05;critical_hit_chance add 0.1-0.1;desc_bleedingchance_mult add 0.05-0.05;dismember_chance_mult add 0.05-0.05	ok
Abarad	Winter Blade	ng	FrostDamage add 5-20;SilverDamage base 1-1;buff_apply_chance add 0.02-0.02;desc_freezingchance_mult add 0.02-0.02	FrostDamage add 5-20;SilverDamage base 1-1;buff_apply_chance add 0.02-0.02;desc_freezingchance_mult add 0.02-0.02	ok
Angivare	Angivare	ng	SilverDamage base 1-1;buff_apply_chance add 0.02-0.02;critical_hit_chance add 0.01-0.1;critical_hit_damage_bonus add 0.1-0.5;desc_bleedingchance_mult add 0.02-0.02	SilverDamage base 1-1;buff_apply_chance add 0.02-0.02;critical_hit_chance add 0.01-0.1;critical_hit_damage_bonus add 0.1-0.5;desc_bleedingchance_mult add 0.02-0.02	ok
Arbitrator	Arbitrator	ng	SilverDamage base 1-1;buff_apply_chance add 0.02-0.02;critical_hit_damage_bonus add 0.1-0.5;desc_staggerchance_mult add 0.02-0.02;dismember_chance_mult add 0.01-0.1	SilverDamage base 1-1;buff_apply_chance add 0.02-0.02;critical_hit_damage_bonus add 0.1-0.5;desc_staggerchance_mult add 0.02-0.02;dismember_chance_mult add 0.01-0.1	ok
Ardaenye	Ard'aenye	ng	SilverDamage base 1-1;buff_apply_chance add 0.03-0.03;desc_burningchance_mult add 0.03-0.03;spell_power_igni mult 0.01-0.2	SilverDamage base 1-1;buff_apply_chance add 0.03-0.03;desc_burningchance_mult add 0.03-0.03;spell_power_igni mult 0.01-0.2	ok
Ashrune	Ashrune	ng	SilverDamage base 1-1;buff_apply_chance add 0.05-0.05;critical_hit_damage_bonus add 0.01-0.05;desc_freezingchance_mult add 0.05-0.05;dismember_chance_mult add 0.01-0.03;human_exp_bonus_when_fatal add 0.01-0.02	SilverDamage base 1-1;buff_apply_chance add 0.05-0.05;critical_hit_damage_bonus add 0.01-0.05;desc_freezingchance_mult add 0.05-0.05;dismember_chance_mult add 0.01-0.03;human_exp_bonus_when_fatal add 0.01-0.02	ok
Barbersurgeon	Barber-Surgeon	ng	SilverDamage base 1-1;bonus_money add 0.01-0.05;buff_apply_chance add 0.05-0.05;desc_confusionchance_mult add 0.05-0.05;dismember_chance_mult add 0.01-0.1;human_exp_bonus_when_fatal add 0.01-0.05;spell_power_aard mult 0.01-0.1	SilverDamage base 1-1;bonus_money add 0.01-0.05;buff_apply_chance add 0.05-0.05;desc_confusionchance_mult add 0.05-0.05;dismember_chance_mult add 0.01-0.1;human_exp_bonus_when_fatal add 0.01-0.05;spell_power_aard mult 0.01-0.1	ok
Beannshie	Beann'shie	ng	FrostDamage add 1-10;SilverDamage base 1-1;armor_reduction base 1-50;spell_power_aard mult 0.01-0.15	FrostDamage add 1-10;SilverDamage base 1-1;armor_reduction base 1-50;spell_power_aard mult 0.01-0.15	ok
Blackunicorn	Black Unicorn	ng	SilverDamage base 1-1;buff_apply_chance add 0.05-0.05;desc_bleedingchance_mult add 0.05-0.05;spell_power_aard mult 0.01-0.12	SilverDamage base 1-1;buff_apply_chance add 0.05-0.05;desc_bleedingchance_mult add 0.05-0.05;spell_power_aard mult 0.01-0.12	ok
Bloedeaedd	Bloed Aedd	ng	SilverDamage base 1-1;buff_apply_chance add 0.06-0.06;critical_hit_damage_bonus add 0.02-0.11;desc_bleedingchance_mult add 0.06-0.06;human_exp_bonus_when_fatal add 0.01-0.02;spell_power_yrden mult 0.03-0.1	SilverDamage base 1-1;buff_apply_chance add 0.06-0.06;critical_hit_damage_bonus add 0.02-0.11;desc_bleedingchance_mult add 0.06-0.06;human_exp_bonus_when_fatal add 0.01-0.02;spell_power_yrden mult 0.03-0.1	ok
Caerme	Caerme	ng	FireDamage add 1-10;SilverDamage base 1-1;dismember_chance_mult add 0.01-0.1;spell_power_igni mult 0.01-0.12	FireDamage add 1-10;SilverDamage base 1-1;dismember_chance_mult add 0.01-0.1;spell_power_igni mult 0.01-0.12	ok
Caroline	Caroline	ng	SilverDamage base 1-1;buff_apply_chance add 0.1-0.1;critical_hit_chance add 0.1-0.2;desc_bleedingchance_mult add 0.1-0.1;spell_power_axii mult 0.1-0.15;spell_power_quen mult 0.08-0.1	SilverDamage base 1-1;buff_apply_chance add 0.1-0.1;critical_hit_chance add 0.1-0.2;desc_bleedingchance_mult add 0.1-0.1;spell_power_axii mult 0.1-0.15;spell_power_quen mult 0.08-0.1	ok
Cheesecutter	The Emmentaler	ng	FireDamage add 1-20;SilverDamage base 1-1;spell_power_igni mult 0.01-0.12	FireDamage add 1-20;SilverDamage base 1-1;spell_power_igni mult 0.01-0.12	ok
Cleaver	Cleaver hood	ng	SilverDamage base 1-1;armor_reduction base 20-90;critical_hit_damage_bonus add 0.2-0.7;dismember_chance_mult add 0.01-0.02	SilverDamage base 1-1;armor_reduction base 20-90;critical_hit_damage_bonus add 0.2-0.7;dismember_chance_mult add 0.01-0.02	ok
Crafted Burning Rose Sword	Order of the Flaming Rose sword	ng	SilverDamage base 1-1;SlashingDamage base 332-332;buff_apply_chance add 0.1-0.1;desc_burningchance_mult add 0.1-0.1;desc_confusionchance_mult add 0.1-0.1;desc_staggerchance_mult add 0.1-0.1;dismember_chance_mult add 0.03-0.03;instant_kill_chance_mult add 0.03-0.03	SilverDamage base 1-1;SlashingDamage base 332-332;buff_apply_chance add 0.1-0.1;desc_burningchance_mult add 0.1-0.1;desc_confusionchance_mult add 0.1-0.1;desc_staggerchance_mult add 0.1-0.1;dismember_chance_mult add 0.03-0.03;instant_kill_chance_mult add 0.03-0.03	ok
Crafted Ofir Steel Sword	Ofieri saber	ng	SilverDamage base 1-1;SlashingDamage base 350-350;critical_hit_chance add 0.15-0.15;critical_hit_damage_bonus add 0.75-0.75;spell_power_aard mult 0.1-0.1;spell_power_axii mult 0.1-0.1;spell_power_igni mult 0.2-0.2	SilverDamage base 1-1;SlashingDamage base 350-350;critical_hit_chance add 0.15-0.15;critical_hit_damage_bonus add 0.75-0.75;spell_power_aard mult 0.1-0.1;spell_power_axii mult 0.1-0.1;spell_power_igni mult 0.2-0.2	ok
Dancer	Dancer	ng	SilverDamage base 1-1;buff_apply_chance add 0.07-0.07;critical_hit_chance add 0.05-0.11;desc_bleedingchance_mult add 0.07-0.07;human_exp_bonus_when_fatal add 0.01-0.02	SilverDamage base 1-1;buff_apply_chance add 0.07-0.07;critical_hit_chance add 0.05-0.11;desc_bleedingchance_mult add 0.07-0.07;human_exp_bonus_when_fatal add 0.01-0.02	ok
Daystar	Daystar	ng	FireDamage add 4-8;SilverDamage base 1-1;bonus_money add 0.01-0.03;buff_apply_chance add 0.08-0.08;desc_burningchance_mult add 0.08-0.08	FireDamage add 4-8;SilverDamage base 1-1;bonus_money add 0.01-0.03;buff_apply_chance add 0.08-0.08;desc_burningchance_mult add 0.08-0.08	ok
Deireadh	Deireadh	ng	SilverDamage base 1-1;bonus_money add 0.01-0.05;buff_apply_chance add 0.01-0.01;critical_hit_damage_bonus add 0.01-0.15;desc_confusionchance_mult add 0.01-0.01	SilverDamage base 1-1;bonus_money add 0.01-0.05;buff_apply_chance add 0.01-0.01;critical_hit_damage_bonus add 0.01-0.15;desc_confusionchance_mult add 0.01-0.01	ok
Devine	Devine	ng	SilverDamage base 1-1;armor_reduction base 50-0.05;buff_apply_chance add 0.07-0.07;desc_confusionchance_mult add 0.07-0.07;human_exp_bonus_when_fatal add 0.01-0.03;spell_power_aard mult 0.1-0.05	SilverDamage base 1-1;armor_reduction base 50-0.05;buff_apply_chance add 0.07-0.07;desc_confusionchance_mult add 0.07-0.07;human_exp_bonus_when_fatal add 0.01-0.03;spell_power_aard mult 0.1-0.05	ok
Dyaebl	D'yaebl	ng	SilverDamage base 1-1;buff_apply_chance add 0.04-0.04;desc_burningchance_mult add 0.04-0.04	SilverDamage base 1-1;buff_apply_chance add 0.04-0.04;desc_burningchance_mult add 0.04-0.04	ok
Eredin Sword	Wild Hunt warrior's sword - enhanced	ng	SilverDamage base 1-1;critical_hit_damage_bonus add 0.01-0.15;dismember_chance_mult add 0.01-0.1;human_exp_bonus_when_fatal add 0.01-0.05;instant_kill_chance add 0.01-0.02;instant_kill_chance_mult add 0.01-0.02;spell_power_igni mult 0.01-0.2	SilverDamage base 1-1;critical_hit_damage_bonus add 0.01-0.15;dismember_chance_mult add 0.01-0.1;human_exp_bonus_when_fatal add 0.01-0.05;instant_kill_chance add 0.01-0.02;instant_kill_chance_mult add 0.01-0.02;spell_power_igni mult 0.01-0.2	ok
Forgottenvransword	Forgotten Vran Sword	ng	SilverDamage base 1-1;buff_apply_chance add 0.1-0.1;critical_hit_chance add 0.04-0.05;critical_hit_damage_bonus add 0.1-0.15;desc_confusionchance_mult add 0.1-0.1	SilverDamage base 1-1;buff_apply_chance add 0.1-0.1;critical_hit_chance add 0.04-0.05;critical_hit_damage_bonus add 0.1-0.15;desc_confusionchance_mult add 0.1-0.1	ok
Gloryofthenorth	Glory of the North	ng	SilverDamage base 1-1;buff_apply_chance add 0.06-0.06;desc_burningchance_mult add 0.06-0.06;spell_power_igni mult 0.03-0.1	SilverDamage base 1-1;buff_apply_chance add 0.06-0.06;desc_burningchance_mult add 0.06-0.06;spell_power_igni mult 0.03-0.1	ok
Gnomish sword 2	Tir Tochair blade	ng	SilverDamage base 1-1;buff_apply_chance add 0.35-0.35;critical_hit_chance add 0.05-0.05;critical_hit_damage_bonus add 0.5-0.5;desc_bleedingchance_mult add 0.35-0.35;dismember_chance add 0.01-0.01	SilverDamage base 1-1;buff_apply_chance add 0.35-0.35;critical_hit_chance add 0.05-0.05;critical_hit_damage_bonus add 0.5-0.5;desc_bleedingchance_mult add 0.35-0.35;dismember_chance add 0.01-0.01	ok
Guard lvl1 steel sword 3	Toussaint Ducal Guardsman's steel sword	ng	SilverDamage base 1-1;SlashingDamage base 372-372;armor_reduction base 100-100;buff_apply_chance add 0.1-0.1;critical_hit_chance add 0.1-0.1;critical_hit_damage_bonus add 0.5-0.5;desc_bleedingchance_mult add 0.1-0.1;desc_confusionchance_mult add 0.1-0.1	SilverDamage base 1-1;SlashingDamage base 372-372;armor_reduction base 100-100;buff_apply_chance add 0.1-0.1;critical_hit_chance add 0.1-0.1;critical_hit_damage_bonus add 0.5-0.5;desc_bleedingchance_mult add 0.1-0.1;desc_confusionchance_mult add 0.1-0.1	ok
Guard lvl1 steel sword 3 Autogen	Toussaint Ducal Guardsman's steel sword	ng	SilverDamage base 1-1;armor_reduction base 200-200;buff_apply_chance add 0.1-0.1;critical_hit_chance add 0.1-0.1;critical_hit_damage_bonus add 0.5-0.5;desc_bleedingchance_mult add 0.1-0.1;desc_confusionchance_mult add 0.1-0.1;item_level_max add 100-100;item_level_min add 43-43	SilverDamage base 1-1;armor_reduction base 200-200;buff_apply_chance add 0.1-0.1;critical_hit_chance add 0.1-0.1;critical_hit_damage_bonus add 0.5-0.5;desc_bleedingchance_mult add 0.1-0.1;desc_confusionchance_mult add 0.1-0.1;item_level_max add 100-100;item_level_min add 43-43	ok
Guard lvl2 steel sword 3	Toussaint Ducal Guard Officer's steel sword	ng	SilverDamage base 1-1;SlashingDamage base 380-380;armor_reduction base 150-150;buff_apply_chance add 0.12-0.12;critical_hit_chance add 0.15-0.15;critical_hit_damage_bonus add 0.75-0.75;desc_bleedingchance_mult add 0.12-0.12;desc_confusionchance_mult add 0.12-0.12	SilverDamage base 1-1;SlashingDamage base 380-380;armor_reduction base 150-150;buff_apply_chance add 0.12-0.12;critical_hit_chance add 0.15-0.15;critical_hit_damage_bonus add 0.75-0.75;desc_bleedingchance_mult add 0.12-0.12;desc_confusionchance_mult add 0.12-0.12	ok
Gwent steel sword 1	Blave	ng	SilverDamage base 1-1;critical_hit_chance add 0.15-0.15;critical_hit_damage_bonus add 0.75-0.75;item_level_max add 100-100;item_level_min add 40-40;spell_power_aard mult 0.15-0.15;spell_power_axii mult 0.15-0.15;spell_power_igni mult 0.24-0.24	SilverDamage base 1-1;critical_hit_chance add 0.15-0.15;critical_hit_damage_bonus add 0.75-0.75;item_level_max add 100-100;item_level_min add 40-40;spell_power_aard mult 0.15-0.15;spell_power_axii mult 0.15-0.15;spell_power_igni mult 0.24-0.24	ok
Gwestog	Gwestog	ng	SilverDamage base 1-1;buff_apply_chance add 0.02-0.02;desc_freezingchance_mult add 0.02-0.02;dismember_chance_mult add 0.04-0.1;spell_power_quen mult 0.02-0.1	SilverDamage base 1-1;buff_apply_chance add 0.02-0.02;desc_freezingchance_mult add 0.02-0.02;dismember_chance_mult add 0.04-0.1;spell_power_quen mult 0.02-0.1	ok
Gwyhyr	Gwyhyr	ng	SilverDamage base 1-1;armor_reduction base 2-100;buff_apply_chance add 0.06-0.06;critical_hit_damage_bonus add 0.01-0.1;desc_bleedingchance_mult add 0.06-0.06;spell_power_yrden mult 0.01-0.1	SilverDamage base 1-1;armor_reduction base 2-100;buff_apply_chance add 0.06-0.06;critical_hit_damage_bonus add 0.01-0.1;desc_bleedingchance_mult add 0.06-0.06;spell_power_yrden mult 0.01-0.1	ok
Hanza steel sword 3	Viroledan blade	ng	SilverDamage base 1-1;SlashingDamage base 412-412;buff_apply_chance add 0.15-0.15;critical_hit_chance add 0.15-0.15;critical_hit_damage_bonus add 0.75-0.75;desc_bleedingchance_mult add 0.15-0.15;desc_poinsonchance_mult add 0.15-0.15;instant_kill_chance_mult add 0.03-0.03	SilverDamage base 1-1;SlashingDamage base 412-412;buff_apply_chance add 0.15-0.15;critical_hit_chance add 0.15-0.15;critical_hit_damage_bonus add 0.75-0.75;desc_bleedingchance_mult add 0.15-0.15;desc_poinsonchance_mult add 0.15-0.15;instant_kill_chance_mult add 0.03-0.03	ok
Harvall	Harvall	ng	SilverDamage base 1-1;buff_apply_chance add 0.09-0.09;desc_burningchance_mult add 0.09-0.09;spell_power_igni mult 0.01-0.15	SilverDamage base 1-1;buff_apply_chance add 0.09-0.09;desc_burningchance_mult add 0.09-0.09;spell_power_igni mult 0.01-0.15	ok
Headtaker	Headhunter	ng	SilverDamage base 1-1;armor_reduction base 5-45;critical_hit_chance add 0.05-0.06;critical_hit_damage_bonus add 0.2-0.6;dismember_chance_mult add 0.01-0.02	SilverDamage base 1-1;armor_reduction base 5-45;critical_hit_chance add 0.05-0.06;critical_hit_damage_bonus add 0.2-0.6;dismember_chance_mult add 0.01-0.02	ok
Hjalmar_Short_Steel_Sword	Hjalmar's steel sword	ng	SilverDamage base 1-1;critical_hit_damage_bonus add 2-0.15;human_exp_bonus_when_fatal add 0.02-0.03	SilverDamage base 1-1;critical_hit_damage_bonus add 2-0.15;human_exp_bonus_when_fatal add 0.02-0.03	ok
Inis	Inis	ng	SilverDamage base 1-1;armor_reduction base 25-50;buff_apply_chance add 0.03-0.03;critical_hit_chance add 0.02-0.04;desc_poinsonchance_mult add 0.03-0.03;human_exp_bonus_when_fatal add 0.01-0.02	SilverDamage base 1-1;armor_reduction base 25-50;buff_apply_chance add 0.03-0.03;critical_hit_chance add 0.02-0.04;desc_poinsonchance_mult add 0.03-0.03;human_exp_bonus_when_fatal add 0.01-0.02	ok
Karabela	Carabella	ng	SilverDamage base 1-1;buff_apply_chance add 0.02-0.02;critical_hit_chance add 0.05-0.14;desc_freezingchance_mult add 0.02-0.02	SilverDamage base 1-1;buff_apply_chance add 0.02-0.02;critical_hit_chance add 0.05-0.14;desc_freezingchance_mult add 0.02-0.02	ok
Knights steel sword 3	Toussaint knight's steel sword	ng	SilverDamage base 1-1;SlashingDamage base 428-428;armor_reduction base 300-300;buff_apply_chance add 0.15-0.15;critical_hit_chance add 0.2-0.2;critical_hit_damage_bonus add 1.0-1.0;desc_burningchance_mult add 0.15-0.15;spell_power_quen mult 0.3-0.3	SilverDamage base 1-1;SlashingDamage base 428-428;armor_reduction base 300-300;buff_apply_chance add 0.15-0.15;critical_hit_chance add 0.2-0.2;critical_hit_damage_bonus add 1.0-1.0;desc_burningchance_mult add 0.15-0.15;spell_power_quen mult 0.3-0.3	ok
Longclaw	Longclaw	ng	SilverDamage base 1-1;armor_reduction base 10-50;dismember_chance_mult add 0.01-0.03;human_exp_bonus_when_fatal add 0.02-0.05;spell_power_yrden mult 0.05-0.1	SilverDamage base 1-1;armor_reduction base 10-50;dismember_chance_mult add 0.01-0.03;human_exp_bonus_when_fatal add 0.02-0.05;spell_power_yrden mult 0.05-0.1	ok
Lune	Lune	ng	SilverDamage base 1-1;buff_apply_chance add 0.04-0.04;desc_freezingchance_mult add 0.04-0.04;spell_power_aard mult 0.05-0.08	SilverDamage base 1-1;buff_apply_chance add 0.04-0.04;desc_freezingchance_mult add 0.04-0.04;spell_power_aard mult 0.05-0.08	ok
Mourner	Mourner	ng	SilverDamage base 1-1;armor_reduction base 1-20;critical_hit_damage_bonus add 0.05-0.22;human_exp_bonus_when_fatal add 0.01-0.02;spell_power_yrden mult 0.04-0.1	SilverDamage base 1-1;armor_reduction base 1-20;critical_hit_damage_bonus add 0.05-0.22;human_exp_bonus_when_fatal add 0.01-0.02;spell_power_yrden mult 0.04-0.1	ok
Ofir Sabre 1	Ofieri kilij	ng	SilverDamage base 1-1;armor_reduction base 100-100;buff_apply_chance add 0.1-0.1;critical_hit_chance add 0.1-0.1;desc_burningchance_mult add 0.1-0.1;item_level_max add 35-35;item_level_min add 33-33;spell_power_aard mult 0.15-0.15;spell_power_igni mult 0.15-0.15	SilverDamage base 1-1;armor_reduction base 100-100;buff_apply_chance add 0.1-0.1;critical_hit_chance add 0.1-0.1;desc_burningchance_mult add 0.1-0.1;item_level_max add 35-35;item_level_min add 33-33;spell_power_aard mult 0.15-0.15;spell_power_igni mult 0.15-0.15	ok
Olgierd Sabre	Iris	ng	SilverDamage base 1-1;SlashingDamage base 363-363	SilverDamage base 1-1;SlashingDamage base 363-363	ok
Princessxenthiasword	Princess Xenthia's sword	ng	SilverDamage base 1-1;buff_apply_chance add 0.08-0.08;desc_staggerchance_mult add 0.08-0.08;dismember_chance_mult add 0.01-0.04;spell_power_axii mult 0.02-0.1;spell_power_igni mult 0.02-0.1	SilverDamage base 1-1;buff_apply_chance add 0.08-0.08;desc_staggerchance_mult add 0.08-0.08;dismember_chance_mult add 0.01-0.04;spell_power_axii mult 0.02-0.1;spell_power_igni mult 0.02-0.1	ok
Robustswordofdolblathanna	Superior Dol Blathanna sword	ng	SilverDamage base 1-1;bonus_money add 0.01-0.03;critical_hit_damage_bonus add 0.05-0.15;human_exp_bonus_when_fatal add 0.02-0.05	SilverDamage base 1-1;bonus_money add 0.01-0.03;critical_hit_damage_bonus add 0.05-0.15;human_exp_bonus_when_fatal add 0.02-0.05	ok
Serpent Steel Sword 1	Faramond's blade	ng	SilverDamage base 1-1;SlashingDamage base 388-388;buff_apply_chance add 0.15-0.15;critical_hit_chance add 0.11-0.11;critical_hit_damage_bonus add 0.85-0.85;desc_poinsonchance_mult add 0.15-0.15;human_exp_bonus_when_fatal add 0.05-0.05;spell_power_aard mult 0.26-0.26	SilverDamage base 1-1;SlashingDamage base 388-388;buff_apply_chance add 0.15-0.15;critical_hit_chance add 0.11-0.11;critical_hit_damage_bonus add 0.85-0.85;desc_poinsonchance_mult add 0.15-0.15;human_exp_bonus_when_fatal add 0.05-0.05;spell_power_aard mult 0.26-0.26	ok
Serpent Steel Sword 2	Faithful Friend	ng	SilverDamage base 1-1;SlashingDamage base 396-396;buff_apply_chance add 0.15-0.15;critical_hit_chance add 0.12-0.12;critical_hit_damage_bonus add 0.95-0.95;desc_poinsonchance_mult add 0.15-0.15;human_exp_bonus_when_fatal add 0.05-0.05;spell_power_aard mult 0.28-0.28	SilverDamage base 1-1;SlashingDamage base 396-396;buff_apply_chance add 0.15-0.15;critical_hit_chance add 0.12-0.12;critical_hit_damage_bonus add 0.95-0.95;desc_poinsonchance_mult add 0.15-0.15;human_exp_bonus_when_fatal add 0.05-0.05;spell_power_aard mult 0.28-0.28	ok
Serpent Steel Sword 3	Belhaven blade	ng	SilverDamage base 1-1;SlashingDamage base 404-404;buff_apply_chance add 0.15-0.15;critical_hit_chance add 0.15-0.15;critical_hit_damage_bonus add 1.0-1.0;desc_poinsonchance_mult add 0.15-0.15;human_exp_bonus_when_fatal add 0.05-0.05;spell_power_aard mult 0.3-0.3	SilverDamage base 1-1;SlashingDamage base 404-404;buff_apply_chance add 0.15-0.15;critical_hit_chance add 0.15-0.15;critical_hit_damage_bonus add 1.0-1.0;desc_poinsonchance_mult add 0.15-0.15;human_exp_bonus_when_fatal add 0.05-0.05;spell_power_aard mult 0.3-0.3	ok
Squire steel sword 3	Squire's steel sword	ng	SilverDamage base 1-1;armor_reduction base 200-200;buff_apply_chance add 0.15-0.15;critical_hit_chance add 0.1-0.1;critical_hit_damage_bonus add 0.75-0.75;desc_burningchance_mult add 0.15-0.15;item_level_max add 100-100;item_level_min add 46-46;spell_power_yrden mult 0.25-0.25	SilverDamage base 1-1;armor_reduction base 200-200;buff_apply_chance add 0.15-0.15;critical_hit_chance add 0.1-0.1;critical_hit_damage_bonus add 0.75-0.75;desc_burningchance_mult add 0.15-0.15;item_level_max add 100-100;item_level_min add 46-46;spell_power_yrden mult 0.25-0.25	ok
Torlara	Tor Lara	ng	SilverDamage base 1-1;buff_apply_chance add 0.12-0.12;desc_burningchance_mult add 0.12-0.12;instant_kill_chance_mult add 0.02-0.03;spell_power_aard mult 0.15-0.2;spell_power_quen mult 0.05-0.15	SilverDamage base 1-1;buff_apply_chance add 0.12-0.12;desc_burningchance_mult add 0.12-0.12;instant_kill_chance_mult add 0.02-0.03;spell_power_aard mult 0.15-0.2;spell_power_quen mult 0.05-0.15	ok
Toussaint steel sword 3	Toussaint steel sword	ng	SilverDamage base 1-1;SlashingDamage base 428-428;armor_reduction base 250-250;buff_apply_chance add 0.15-0.15;critical_hit_chance add 0.15-0.15;critical_hit_damage_bonus add 0.75-0.75;desc_bleedingchance_mult add 0.15-0.15;desc_burningchance_mult add 0.15-0.15	SilverDamage base 1-1;SlashingDamage base 428-428;armor_reduction base 250-250;buff_apply_chance add 0.15-0.15;critical_hit_chance add 0.15-0.15;critical_hit_damage_bonus add 0.75-0.75;desc_bleedingchance_mult add 0.15-0.15;desc_burningchance_mult add 0.15-0.15	ok
Ultimatum	Ultimatum	ng	SilverDamage base 1-1;buff_apply_chance add 0.08-0.08;critical_hit_chance add 0.02-0.04;critical_hit_damage_bonus add 0.04-0.23;desc_staggerchance_mult add 0.08-0.08;spell_power_igni mult 0.05-0.1	SilverDamage base 1-1;buff_apply_chance add 0.08-0.08;critical_hit_chance add 0.02-0.04;critical_hit_damage_bonus add 0.04-0.23;desc_staggerchance_mult add 0.08-0.08;spell_power_igni mult 0.05-0.1	ok
Unique steel sword	Vitis	ng	SilverDamage base 1-1;item_level_max add 100-100;item_level_min add 40-40;spell_power_aard mult 0.2-0.2;spell_power_axii mult 0.2-0.2;spell_power_igni mult 0.2-0.2;spell_power_quen mult 0.2-0.2;spell_power_yrden mult 0.2-0.2	SilverDamage base 1-1;item_level_max add 100-100;item_level_min add 40-40;spell_power_aard mult 0.2-0.2;spell_power_axii mult 0.2-0.2;spell_power_igni mult 0.2-0.2;spell_power_quen mult 0.2-0.2;spell_power_yrden mult 0.2-0.2	ok
Vynbleidd	Hope	ng	SilverDamage base 1-1;dismember_chance_mult add 0.01-0.1;human_exp_bonus_when_fatal add 0.01-0.05;spell_power_igni mult 0.01-0.2	SilverDamage base 1-1;dismember_chance_mult add 0.01-0.1;human_exp_bonus_when_fatal add 0.01-0.05;spell_power_igni mult 0.01-0.2	ok
Wolf	Wolf	ng	SilverDamage base 1-1;armor_reduction base 20-100;bonus_money add 0.02-0.05;buff_apply_chance add 0.04-0.04;desc_bleedingchance_mult add 0.04-0.04	SilverDamage base 1-1;armor_reduction base 20-100;bonus_money add 0.02-0.05;buff_apply_chance add 0.04-0.04;desc_bleedingchance_mult add 0.04-0.04	ok
Zireael Phantom Sword	Zireael	ng	PhysicalDamage base 350-350;SilverDamage base 350-350;armor_reduction add 800-800	PhysicalDamage base 350-350;SilverDamage base 350-350;armor_reduction add 800-800	ok
Zireael Sword	Zireael	ng	PhysicalDamage base 350-350;SilverDamage base 350-350;armor_reduction add 800-800	PhysicalDamage base 350-350;SilverDamage base 350-350;armor_reduction add 800-800	ok
q402 Skellige sword 3	Winter's Blade	ng	SilverDamage base 1-1;armor_reduction base 40-40;buff_apply_chance add 0.1-0.1;critical_hit_damage_bonus add 0.55-0.55;desc_freezingchance_mult add 0.1-0.1	SilverDamage base 1-1;armor_reduction base 40-40;buff_apply_chance add 0.1-0.1;critical_hit_damage_bonus add 0.55-0.55;desc_freezingchance_mult add 0.1-0.1	ok
sq304 Novigraadan sword 4	Blade from the Bits	ng	SilverDamage base 1-1;critical_hit_damage_bonus add 0.5-0.5	SilverDamage base 1-1;critical_hit_damage_bonus add 0.5-0.5	ok
Bear School silver sword	Ursine silver sword	ng	SilverDamage base 314-314;SlashingDamage base 1-1;critical_hit_chance add 0.05-0.05;dismember_chance_mult add 0.1-0.1;focus_gain add 0.05-0.05;nonhuman_exp_bonus_when_fatal add 0.2-0.2	SilverDamage base 314-314;SlashingDamage base 1-1;critical_hit_chance add 0.05-0.05;dismember_chance_mult add 0.1-0.1;focus_gain add 0.05-0.05;nonhuman_exp_bonus_when_fatal add 0.2-0.2	ok
Bear School silver sword 1	Ursine silver sword - enhanced	ng	SilverDamage base 364-364;SlashingDamage base 1-1;critical_hit_chance add 0.05-0.05;critical_hit_damage_bonus add 0.25-0.25;dismember_chance_mult add 0.12-0.12;focus_gain add 0.1-0.1;nonhuman_exp_bonus_when_fatal add 0.2-0.2	SilverDamage base 364-364;SlashingDamage base 1-1;critical_hit_chance add 0.05-0.05;critical_hit_damage_bonus add 0.25-0.25;dismember_chance_mult add 0.12-0.12;focus_gain add 0.1-0.1;nonhuman_exp_bonus_when_fatal add 0.2-0.2	ok
Bear School silver sword 2	Ursine silver sword - superior	ng	SilverDamage base 414-414;SlashingDamage base 1-1;critical_hit_chance add 0.05-0.05;critical_hit_damage_bonus add 0.5-0.5;dismember_chance_mult add 0.13-0.13;focus_gain add 0.15-0.15;nonhuman_exp_bonus_when_fatal add 0.2-0.2	SilverDamage base 414-414;SlashingDamage base 1-1;critical_hit_chance add 0.05-0.05;critical_hit_damage_bonus add 0.5-0.5;dismember_chance_mult add 0.13-0.13;focus_gain add 0.15-0.15;nonhuman_exp_bonus_when_fatal add 0.2-0.2	ok
Bear School silver sword 3	Ursine silver sword - mastercrafted	ng	SilverDamage base 454-454;SlashingDamage base 1-1;critical_hit_chance add 0.05-0.05;critical_hit_damage_bonus add 0.75-0.75;dismember_chance_mult add 0.14-0.14;focus_gain add 0.2-0.2;nonhuman_exp_bonus_when_fatal add 0.2-0.2	SilverDamage base 454-454;SlashingDamage base 1-1;critical_hit_chance add 0.05-0.05;critical_hit_damage_bonus add 0.75-0.75;dismember_chance_mult add 0.14-0.14;focus_gain add 0.2-0.2;nonhuman_exp_bonus_when_fatal add 0.2-0.2	ok
Bear School silver sword 4	Grandmaster Ursine silver sword	ng	SilverDamage base 524-524;SlashingDamage base 1-1;critical_hit_chance add 0.05-0.05;critical_hit_damage_bonus add 0.75-0.75;dismember_chance_mult add 0.14-0.14;focus_gain add 0.21-0.21;nonhuman_exp_bonus_when_fatal add 0.2-0.2	SilverDamage base 524-524;SlashingDamage base 1-1;critical_hit_chance add 0.05-0.05;critical_hit_damage_bonus add 0.75-0.75;dismember_chance_mult add 0.14-0.14;focus_gain add 0.21-0.21;nonhuman_exp_bonus_when_fatal add 0.2-0.2	ok
Gryphon School silver sword	Griffin silver sword	ng	SilverDamage base 224-224;SlashingDamage base 1-1;nonhuman_exp_bonus_when_fatal add 0.2-0.2;spell_power mult 0.05-0.05	SilverDamage base 224-224;SlashingDamage base 1-1;nonhuman_exp_bonus_when_fatal add 0.2-0.2;spell_power mult 0.05-0.05	ok
Gryphon School silver sword 1	Griffin silver sword - enhanced	ng	SilverDamage base 294-294;SlashingDamage base 1-1;nonhuman_exp_bonus_when_fatal add 0.2-0.2;spell_power mult 0.1-0.1	SilverDamage base 294-294;SlashingDamage base 1-1;nonhuman_exp_bonus_when_fatal add 0.2-0.2;spell_power mult 0.1-0.1	ok
Gryphon School silver sword 2	Griffin silver sword - superior	ng	SilverDamage base 374-374;SlashingDamage base 1-1;critical_hit_damage_bonus add 0.25-0.25;dismember_chance_mult add 0.1-0.1;nonhuman_exp_bonus_when_fatal add 0.2-0.2;spell_power mult 0.15-0.15	SilverDamage base 374-374;SlashingDamage base 1-1;critical_hit_damage_bonus add 0.25-0.25;dismember_chance_mult add 0.1-0.1;nonhuman_exp_bonus_when_fatal add 0.2-0.2;spell_power mult 0.15-0.15	ok
Gryphon School silver sword 3	Griffin silver sword - mastercrafted	ng	SilverDamage base 454-454;SlashingDamage base 1-1;critical_hit_chance add 0.05-0.05;critical_hit_damage_bonus add 0.25-0.25;dismember_chance_mult add 0.1-0.1;nonhuman_exp_bonus_when_fatal add 0.2-0.2;spell_power mult 0.2-0.2	SilverDamage base 454-454;SlashingDamage base 1-1;critical_hit_chance add 0.05-0.05;critical_hit_damage_bonus add 0.25-0.25;dismember_chance_mult add 0.1-0.1;nonhuman_exp_bonus_when_fatal add 0.2-0.2;spell_power mult 0.2-0.2	ok
Gryphon School silver sword 4	Grandmaster Griffin silver sword	ng	SilverDamage base 524-524;SlashingDamage base 1-1;critical_hit_chance add 0.05-0.05;critical_hit_damage_bonus add 0.25-0.25;dismember_chance_mult add 0.1-0.1;nonhuman_exp_bonus_when_fatal add 0.2-0.2;spell_power mult 0.21-0.21	SilverDamage base 524-524;SlashingDamage base 1-1;critical_hit_chance add 0.05-0.05;critical_hit_damage_bonus add 0.25-0.25;dismember_chance_mult add 0.1-0.1;nonhuman_exp_bonus_when_fatal add 0.2-0.2;spell_power mult 0.21-0.21	ok
Lynx School silver sword	Feline silver sword	ng	SilverDamage base 284-284;SlashingDamage base 1-1;buff_apply_chance add 0.05-0.05;desc_bleedingchance_mult add 0.05-0.05;nonhuman_exp_bonus_when_fatal add 0.2-0.2;spell_power_aard mult 0.12-0.12	SilverDamage base 284-284;SlashingDamage base 1-1;buff_apply_chance add 0.05-0.05;desc_bleedingchance_mult add 0.05-0.05;nonhuman_exp_bonus_when_fatal add 0.2-0.2;spell_power_aard mult 0.12-0.12	ok
Lynx School silver sword 1	Feline silver sword - enhanced	ng	SilverDamage base 344-344;SlashingDamage base 1-1;buff_apply_chance add 0.1-0.1;desc_bleedingchance_mult add 0.1-0.1;nonhuman_exp_bonus_when_fatal add 0.2-0.2;spell_power_aard mult 0.14-0.14	SilverDamage base 344-344;SlashingDamage base 1-1;buff_apply_chance add 0.1-0.1;desc_bleedingchance_mult add 0.1-0.1;nonhuman_exp_bonus_when_fatal add 0.2-0.2;spell_power_aard mult 0.14-0.14	ok
Lynx School silver sword 2	Feline silver sword - superior	ng	SilverDamage base 404-404;SlashingDamage base 1-1;buff_apply_chance add 0.1-0.1;critical_hit_chance add 0.05-0.05;desc_bleedingchance_mult add 0.1-0.1;dismember_chance_mult add 0.05-0.05;nonhuman_exp_bonus_when_fatal add 0.2-0.2;spell_power_aard mult 0.14-0.14	SilverDamage base 404-404;SlashingDamage base 1-1;buff_apply_chance add 0.1-0.1;critical_hit_chance add 0.05-0.05;desc_bleedingchance_mult add 0.1-0.1;dismember_chance_mult add 0.05-0.05;nonhuman_exp_bonus_when_fatal add 0.2-0.2;spell_power_aard mult 0.14-0.14	ok
Lynx School silver sword 3	Feline silver sword - mastercrafted	ng	SilverDamage base 454-454;SlashingDamage base 1-1;buff_apply_chance add 0.15-0.15;critical_hit_chance add 0.1-0.1;desc_bleedingchance_mult add 0.15-0.15;dismember_chance_mult add 0.1-0.1;nonhuman_exp_bonus_when_fatal add 0.2-0.2;spell_power_aard mult 0.15-0.15	SilverDamage base 454-454;SlashingDamage base 1-1;buff_apply_chance add 0.15-0.15;critical_hit_chance add 0.1-0.1;desc_bleedingchance_mult add 0.15-0.15;dismember_chance_mult add 0.1-0.1;nonhuman_exp_bonus_when_fatal add 0.2-0.2;spell_power_aard mult 0.15-0.15	ok
Lynx School silver sword 4	Grandmaster Feline silver sword	ng	SilverDamage base 524-524;SlashingDamage base 1-1;buff_apply_chance add 0.15-0.15;critical_hit_chance add 0.1-0.1;desc_bleedingchance_mult add 0.15-0.15;dismember_chance_mult add 0.1-0.1;nonhuman_exp_bonus_when_fatal add 0.2-0.2;spell_power_aard mult 0.15-0.15	SilverDamage base 524-524;SlashingDamage base 1-1;buff_apply_chance add 0.15-0.15;critical_hit_chance add 0.1-0.1;desc_bleedingchance_mult add 0.15-0.15;dismember_chance_mult add 0.1-0.1;nonhuman_exp_bonus_when_fatal add 0.2-0.2;spell_power_aard mult 0.15-0.15	ok
Netflix silver sword	Forgotten Wolven silver sword	ng	SilverDamage base 314-314;SlashingDamage base 1-1;buff_apply_chance add 0.04-0.04;critical_hit_chance add 0.05-0.05;critical_hit_damage_bonus add 0.15-0.15;desc_bleedingchance_mult add 0.04-0.04;focus_gain add 0.03-0.03;nonhuman_exp_bonus_when_fatal add 0.05-0.05;spell_power mult 0.05-0.05	SilverDamage base 314-314;SlashingDamage base 1-1;buff_apply_chance add 0.04-0.04;critical_hit_chance add 0.05-0.05;critical_hit_damage_bonus add 0.15-0.15;desc_bleedingchance_mult add 0.04-0.04;focus_gain add 0.03-0.03;nonhuman_exp_bonus_when_fatal add 0.05-0.05;spell_power mult 0.05-0.05	ok
Reinald Netflix silver sword	Forgotten Wolven silver sword	ng	SilverDamage base 314-314;SlashingDamage base 1-1;buff_apply_chance add 0.04-0.04;critical_hit_chance add 0.05-0.05;critical_hit_damage_bonus add 0.15-0.15;desc_bleedingchance_mult add 0.04-0.04;focus_gain add 0.03-0.03;nonhuman_exp_bonus_when_fatal add 0.05-0.05;spell_power mult 0.05-0.05	SilverDamage base 314-314;SlashingDamage base 1-1;buff_apply_chance add 0.04-0.04;critical_hit_chance add 0.05-0.05;critical_hit_damage_bonus add 0.15-0.15;desc_bleedingchance_mult add 0.04-0.04;focus_gain add 0.03-0.03;nonhuman_exp_bonus_when_fatal add 0.05-0.05;spell_power mult 0.05-0.05	ok
Netflix silver sword 1	Forgotten Wolven silver sword - mastercrafted	ng	SilverDamage base 449-449;SlashingDamage base 1-1;buff_apply_chance add 0.08-0.08;critical_hit_chance add 0.13-0.13;critical_hit_damage_bonus add 0.3-0.3;desc_bleedingchance_mult add 0.08-0.08;focus_gain add 0.04-0.04;nonhuman_exp_bonus_when_fatal add 0.06-0.06;spell_power mult 0.09-0.09	SilverDamage base 449-449;SlashingDamage base 1-1;buff_apply_chance add 0.08-0.08;critical_hit_chance add 0.13-0.13;critical_hit_damage_bonus add 0.3-0.3;desc_bleedingchance_mult add 0.08-0.08;focus_gain add 0.04-0.04;nonhuman_exp_bonus_when_fatal add 0.06-0.06;spell_power mult 0.09-0.09	ok
Netflix silver sword 2	Grandmaster forgotten Wolven silver sword	ng	SilverDamage base 524-524;SlashingDamage base 1-1;buff_apply_chance add 0.1-0.1;critical_hit_chance add 0.15-0.15;critical_hit_damage_bonus add 0.35-0.35;desc_bleedingchance_mult add 0.1-0.1;focus_gain add 0.07-0.07;nonhuman_exp_bonus_when_fatal add 0.1-0.1;spell_power mult 0.1-0.1	SilverDamage base 524-524;SlashingDamage base 1-1;buff_apply_chance add 0.1-0.1;critical_hit_chance add 0.15-0.15;critical_hit_damage_bonus add 0.35-0.35;desc_bleedingchance_mult add 0.1-0.1;focus_gain add 0.07-0.07;nonhuman_exp_bonus_when_fatal add 0.1-0.1;spell_power mult 0.1-0.1	ok
Red Wolf School silver sword 1	Manticore silver sword	ng	SilverDamage base 524-524;SlashingDamage base 1-1;armor_reduction base 250-250;buff_apply_chance add 0.1-0.1;critical_hit_chance add 0.05-0.05;critical_hit_damage_bonus add 0.5-0.5;desc_bleedingchance_mult add 0.1-0.1;nonhuman_exp_bonus_when_fatal add 0.05-0.05	SilverDamage base 524-524;SlashingDamage base 1-1;armor_reduction base 250-250;buff_apply_chance add 0.1-0.1;critical_hit_chance add 0.05-0.05;critical_hit_damage_bonus add 0.5-0.5;desc_bleedingchance_mult add 0.1-0.1;nonhuman_exp_bonus_when_fatal add 0.05-0.05	ok
Red Wolf School silver sword 2	Legendary Manticore silver sword	ng	SilverDamage base 854-854;SlashingDamage base 1-1;armor_reduction base 250-250;buff_apply_chance add 0.12-0.12;critical_hit_chance add 0.15-0.15;critical_hit_damage_bonus add 0.5-0.5;desc_bleedingchance_mult add 0.12-0.12;nonhuman_exp_bonus_when_fatal add 0.05-0.05	SilverDamage base 854-854;SlashingDamage base 1-1;armor_reduction base 250-250;buff_apply_chance add 0.12-0.12;critical_hit_chance add 0.15-0.15;critical_hit_damage_bonus add 0.5-0.5;desc_bleedingchance_mult add 0.12-0.12;nonhuman_exp_bonus_when_fatal add 0.05-0.05	ok
EP1 Viper School silver sword	Viper venomous silver sword	ng	SilverDamage base 514-514;SlashingDamage base 1-1;buff_apply_chance add 0.15-0.15;critical_hit_chance add 0.1-0.1;critical_hit_damage_bonus add 0.75-0.75;desc_poinsonchance_mult add 0.15-0.15;nonhuman_exp_bonus_when_fatal add 0.2-0.2;spell_power_aard mult 0.25-0.25	SilverDamage base 514-514;SlashingDamage base 1-1;buff_apply_chance add 0.15-0.15;critical_hit_chance add 0.1-0.1;critical_hit_damage_bonus add 0.75-0.75;desc_poinsonchance_mult add 0.15-0.15;nonhuman_exp_bonus_when_fatal add 0.2-0.2;spell_power_aard mult 0.25-0.25	ok
Viper School silver sword	Viper silver sword	ng	SilverDamage base 125-125;SlashingDamage base 1-1;buff_apply_chance add 0.1-0.1;desc_poinsonchance_mult add 0.1-0.1;nonhuman_exp_bonus_when_fatal add 0.2-0.2;spell_power_aard mult 0.1-0.1	SilverDamage base 125-125;SlashingDamage base 1-1;buff_apply_chance add 0.1-0.1;desc_poinsonchance_mult add 0.1-0.1;nonhuman_exp_bonus_when_fatal add 0.2-0.2;spell_power_aard mult 0.1-0.1	ok
Wolf School silver sword	Wolven silver sword	ng	SilverDamage base 254-254;SlashingDamage base 1-1;buff_apply_chance add 0.05-0.05;desc_bleedingchance_mult add 0.05-0.05;focus_gain add 0.05-0.05;nonhuman_exp_bonus_when_fatal add 0.2-0.2;spell_power mult 0.05-0.05	SilverDamage base 254-254;SlashingDamage base 1-1;buff_apply_chance add 0.05-0.05;desc_bleedingchance_mult add 0.05-0.05;focus_gain add 0.05-0.05;nonhuman_exp_bonus_when_fatal add 0.2-0.2;spell_power mult 0.05-0.05	ok
Wolf School silver sword 1	Wolven silver sword - enhanced	ng	SilverDamage base 324-324;SlashingDamage base 1-1;buff_apply_chance add 0.06-0.06;desc_bleedingchance_mult add 0.06-0.06;focus_gain add 0.06-0.06;nonhuman_exp_bonus_when_fatal add 0.2-0.2;spell_power mult 0.06-0.06	SilverDamage base 324-324;SlashingDamage base 1-1;buff_apply_chance add 0.06-0.06;desc_bleedingchance_mult add 0.06-0.06;focus_gain add 0.06-0.06;nonhuman_exp_bonus_when_fatal add 0.2-0.2;spell_power mult 0.06-0.06	ok
Wolf School silver sword 2	Wolven silver sword - superior	ng	SilverDamage base 404-404;SlashingDamage base 1-1;buff_apply_chance add 0.07-0.07;critical_hit_chance add 0.05-0.05;desc_bleedingchance_mult add 0.07-0.07;focus_gain add 0.07-0.07;nonhuman_exp_bonus_when_fatal add 0.2-0.2;spell_power mult 0.07-0.07	SilverDamage base 404-404;SlashingDamage base 1-1;buff_apply_chance add 0.07-0.07;critical_hit_chance add 0.05-0.05;desc_bleedingchance_mult add 0.07-0.07;focus_gain add 0.07-0.07;nonhuman_exp_bonus_when_fatal add 0.2-0.2;spell_power mult 0.07-0.07	ok
Wolf School silver sword 3	Wolven silver sword - mastercrafted	ng	SilverDamage base 454-454;SlashingDamage base 1-1;buff_apply_chance add 0.1-0.1;critical_hit_chance add 0.1-0.1;desc_bleedingchance_mult add 0.1-0.1;focus_gain add 0.1-0.1;nonhuman_exp_bonus_when_fatal add 0.2-0.2;spell_power mult 0.1-0.1	SilverDamage base 454-454;SlashingDamage base 1-1;buff_apply_chance add 0.1-0.1;critical_hit_chance add 0.1-0.1;desc_bleedingchance_mult add 0.1-0.1;focus_gain add 0.1-0.1;nonhuman_exp_bonus_when_fatal add 0.2-0.2;spell_power mult 0.1-0.1	ok
Wolf School silver sword 4	Grandmaster Wolven silver sword	ng	SilverDamage base 524-524;SlashingDamage base 1-1;buff_apply_chance add 0.11-0.11;critical_hit_chance add 0.11-0.11;desc_bleedingchance_mult add 0.11-0.11;focus_gain add 0.11-0.11;nonhuman_exp_bonus_when_fatal add 0.2-0.2;spell_power mult 0.11-0.11	SilverDamage base 524-524;SlashingDamage base 1-1;buff_apply_chance add 0.11-0.11;critical_hit_chance add 0.11-0.11;desc_bleedingchance_mult add 0.11-0.11;focus_gain add 0.11-0.11;nonhuman_exp_bonus_when_fatal add 0.2-0.2;spell_power mult 0.11-0.11	ok
White Widow of Dol Blathanna	White Widow of the Valley of Flowers	ng	SilverDamage base 171-171;SlashingDamage base 1-1;critical_hit_chance add 0.05-0.05;critical_hit_damage_bonus add 0.1-0.1;nonhuman_exp_bonus_when_fatal add 0.05-0.05;spell_power_igni mult 0.01-0.1	SilverDamage base 171-171;SlashingDamage base 1-1;critical_hit_chance add 0.05-0.05;critical_hit_damage_bonus add 0.1-0.1;nonhuman_exp_bonus_when_fatal add 0.05-0.05;spell_power_igni mult 0.01-0.1	ok
Silver Vixen	Nine-Tailed Vixen silver sword	ng	SilverDamage base 213-213;SlashingDamage base 1-1;buff_apply_chance add 0.06-0.06;critical_hit_chance add 0.11-0.11;desc_bleedingchance_mult add 0.06-0.06	SilverDamage base 213-213;SlashingDamage base 1-1;buff_apply_chance add 0.06-0.06;critical_hit_chance add 0.11-0.11;desc_bleedingchance_mult add 0.06-0.06	ok
Addandeith	Addan Deith	ng	SlashingDamage base 1-1;buff_apply_chance add 0.01-0.01;critical_hit_chance add 0.01-0.04;critical_hit_damage_bonus add 0.1-0.25;desc_freezingchance_mult add 0.01-0.01;spell_power_aard mult 0.03-0.1;spell_power_axii mult 0.03-0.1	SlashingDamage base 1-1;buff_apply_chance add 0.01-0.01;critical_hit_chance add 0.01-0.04;critical_hit_damage_bonus add 0.1-0.25;desc_freezingchance_mult add 0.01-0.01;spell_power_aard mult 0.03-0.1;spell_power_axii mult 0.03-0.1	ok
Aerondight	Maugrim	ng	SlashingDamage base 1-1;nonhuman_exp_bonus_when_fatal add 0.01-0.02;spell_power_quen mult 0.05-0.07;spell_power_yrden mult 0.05-0.07	SlashingDamage base 1-1;nonhuman_exp_bonus_when_fatal add 0.01-0.02;spell_power_quen mult 0.05-0.07;spell_power_yrden mult 0.05-0.07	ok
Aerondight EP2	Aerondight	ng	SlashingDamage base 1-1;item_level_max add 100-100;item_level_min add 35-35	SlashingDamage base 1-1;item_level_max add 100-100;item_level_min add 35-35	ok
Anathema	Anathema	ng	SlashingDamage base 1-1;buff_apply_chance add 0.1-0.1;critical_hit_damage_bonus add 0.05-0.21;desc_burningchance_mult add 0.1-0.1;spell_power_aard mult 0.05-0.15;spell_power_quen mult 0.05-0.15	SlashingDamage base 1-1;buff_apply_chance add 0.1-0.1;critical_hit_damage_bonus add 0.05-0.21;desc_burningchance_mult add 0.1-0.1;spell_power_aard mult 0.05-0.15;spell_power_quen mult 0.05-0.15	ok
Anth	Anth	ng	SlashingDamage base 1-1;buff_apply_chance add 0.18-0.18;desc_poinsonchance_mult add 0.18-0.18	SlashingDamage base 1-1;buff_apply_chance add 0.18-0.18;desc_poinsonchance_mult add 0.18-0.18	ok
Arainne	Arainne	ng	SlashingDamage base 1-1;buff_apply_chance add 0.1-0.1;critical_hit_chance add 0.03-0.05;desc_bleedingchance_mult add 0.1-0.1;nonhuman_exp_bonus_when_fatal add 0.01-0.02;spell_power_igni mult 0.04-0.1;spell_power_yrden mult 0.04-0.1	SlashingDamage base 1-1;buff_apply_chance add 0.1-0.1;critical_hit_chance add 0.03-0.05;desc_bleedingchance_mult add 0.1-0.1;nonhuman_exp_bonus_when_fatal add 0.01-0.02;spell_power_igni mult 0.04-0.1;spell_power_yrden mult 0.04-0.1	ok
Azurewrath	Azure Wrath	ng	SlashingDamage base 1-1;armor_reduction base 60-110;bonus_money add 0.01-0.03;buff_apply_chance add 0.12-0.12;desc_confusionchance_mult add 0.12-0.12;nonhuman_exp_bonus_when_fatal add 0.01-0.03	SlashingDamage base 1-1;armor_reduction base 60-110;bonus_money add 0.01-0.03;buff_apply_chance add 0.12-0.12;desc_confusionchance_mult add 0.12-0.12;nonhuman_exp_bonus_when_fatal add 0.01-0.03	ok
Bladeofys	Blade of Ys	ng	SlashingDamage base 1-1;buff_apply_chance add 0.1-0.1;critical_hit_chance add 0.02-0.05;desc_burningchance_mult add 0.1-0.1;nonhuman_exp_bonus_when_fatal add 0.01-0.02;spell_power_igni mult 0.05-0.15	SlashingDamage base 1-1;buff_apply_chance add 0.1-0.1;critical_hit_chance add 0.02-0.05;desc_burningchance_mult add 0.1-0.1;nonhuman_exp_bonus_when_fatal add 0.01-0.02;spell_power_igni mult 0.05-0.15	ok
Bloodsword	Bloodsword	ng	SlashingDamage base 1-1;buff_apply_chance add 0.09-0.09;critical_hit_chance add 0.01-0.04;critical_hit_damage_bonus add 0.05-0.2;desc_bleedingchance_mult add 0.09-0.09;dismember_chance_mult add 0.01-0.02	SlashingDamage base 1-1;buff_apply_chance add 0.09-0.09;critical_hit_chance add 0.01-0.04;critical_hit_damage_bonus add 0.05-0.2;desc_bleedingchance_mult add 0.09-0.09;dismember_chance_mult add 0.01-0.02	ok
Breathofthenorth	Breath of the North	ng	SlashingDamage base 1-1;buff_apply_chance add 0.1-0.1;critical_hit_damage_bonus add 0.2-0.5;desc_confusionchance_mult add 0.1-0.1;dismember_chance_mult add 0.01-0.03	SlashingDamage base 1-1;buff_apply_chance add 0.1-0.1;critical_hit_damage_bonus add 0.2-0.5;desc_confusionchance_mult add 0.1-0.1;dismember_chance_mult add 0.01-0.03	ok
DLC10_Remorse	Pang of Conscience	ng	SlashingDamage base 1-1;buff_apply_chance add 0.1-0.1;critical_hit_chance add 0.05-0.05;critical_hit_damage_bonus add 0.5-0.5;desc_bleedingchance_mult add 0.1-0.1;focus_gain add 0.15-0.15;item_level_max add 100-100;item_level_min add 17-17;spell_power mult 0.15-0.15	SlashingDamage base 1-1;buff_apply_chance add 0.1-0.1;critical_hit_chance add 0.05-0.05;critical_hit_damage_bonus add 0.5-0.5;desc_bleedingchance_mult add 0.1-0.1;focus_gain add 0.15-0.15;item_level_max add 100-100;item_level_min add 17-17;spell_power mult 0.15-0.15	ok
Deargdeith	Deargdeith	ng	SlashingDamage base 1-1;human_exp_bonus_when_fatal add 0.03-0.05;spell_power_aard mult 0.02-0.2;spell_power_axii mult 0.02-0.2;spell_power_yrden mult 0.02-0.2	SlashingDamage base 1-1;human_exp_bonus_when_fatal add 0.03-0.05;spell_power_aard mult 0.02-0.2;spell_power_axii mult 0.02-0.2;spell_power_yrden mult 0.02-0.2	ok
Deithwen	Deithwen	ng	FrostDamage add 5-20;SlashingDamage base 1-1;buff_apply_chance add 0.01-0.01;desc_freezingchance_mult add 0.01-0.01	FrostDamage add 5-20;SlashingDamage base 1-1;buff_apply_chance add 0.01-0.01;desc_freezingchance_mult add 0.01-0.01	ok
EP1 Crafted Witcher Silver Sword	Sarrim	ng	SilverDamage base 465-465;SlashingDamage base 1-1;critical_hit_chance add 0.1-0.1;critical_hit_damage_bonus add 0.75-0.75;spell_power_aard mult 0.15-0.15;spell_power_axii mult 0.15-0.15;spell_power_igni mult 0.15-0.15	SilverDamage base 465-465;SlashingDamage base 1-1;critical_hit_chance add 0.1-0.1;critical_hit_damage_bonus add 0.75-0.75;spell_power_aard mult 0.15-0.15;spell_power_axii mult 0.15-0.15;spell_power_igni mult 0.15-0.15	ok
EP2 Silver sword 1R	Dahlia	ng	SlashingDamage base 1-1;armor_reduction base 150-150;buff_apply_chance add 0.1-0.1;critical_hit_chance add 0.1-0.1;critical_hit_damage_bonus add 0.5-0.5;desc_poinsonchance_mult add 0.1-0.1;item_level_max add 100-100;item_level_min add 38-38;spell_power_igni mult 0.2-0.2	SlashingDamage base 1-1;armor_reduction base 150-150;buff_apply_chance add 0.1-0.1;critical_hit_chance add 0.1-0.1;critical_hit_damage_bonus add 0.5-0.5;desc_poinsonchance_mult add 0.1-0.1;item_level_max add 100-100;item_level_min add 38-38;spell_power_igni mult 0.2-0.2	ok
EP2 Silver sword 2	Casus Foederis	ng	SilverDamage base 1-1;armor_reduction base 150-150;critical_hit_chance add 0.15-0.15;critical_hit_damage_bonus add 0.5-0.5;item_level_max add 43-43;item_level_min add 41-41;spell_power_aard mult 0.15-0.15;spell_power_quen mult 0.15-0.15	SilverDamage base 1-1;armor_reduction base 150-150;critical_hit_chance add 0.15-0.15;critical_hit_damage_bonus add 0.5-0.5;item_level_max add 43-43;item_level_min add 41-41;spell_power_aard mult 0.15-0.15;spell_power_quen mult 0.15-0.15	ok
EP2 Silver sword 3R	Ami	ng	SilverDamage base 1-1;armor_reduction base 300-300;buff_apply_chance add 0.15-0.15;critical_hit_chance add 0.15-0.15;critical_hit_damage_bonus add 0.75-0.75;desc_staggerchance_mult add 0.15-0.15;item_level_max add 100-100;item_level_min add 48-48;spell_power_quen mult 0.3-0.3	SilverDamage base 1-1;armor_reduction base 300-300;buff_apply_chance add 0.15-0.15;critical_hit_chance add 0.15-0.15;critical_hit_damage_bonus add 0.75-0.75;desc_staggerchance_mult add 0.15-0.15;item_level_max add 100-100;item_level_min add 48-48;spell_power_quen mult 0.3-0.3	ok
Fate	Fate	ng	SlashingDamage base 1-1;buff_apply_chance add 0.1-0.1;desc_staggerchance_mult add 0.1-0.1;spell_power_axii mult 0.02-0.1;spell_power_igni mult 0.02-0.1	SlashingDamage base 1-1;buff_apply_chance add 0.1-0.1;desc_staggerchance_mult add 0.1-0.1;spell_power_axii mult 0.02-0.1;spell_power_igni mult 0.02-0.1	ok
Gynvael	Gynvael	ng	SlashingDamage base 1-1;armor_reduction base 22-51;buff_apply_chance add 0.11-0.11;desc_poinsonchance_mult add 0.11-0.11;spell_power_yrden mult 0.07-0.13	SlashingDamage base 1-1;armor_reduction base 22-51;buff_apply_chance add 0.11-0.11;desc_poinsonchance_mult add 0.11-0.11;spell_power_yrden mult 0.07-0.13	ok
Gynvaelaedd	Gynvael Aedd	ng	SlashingDamage base 1-1;bonus_money add 0.05-0.1;buff_apply_chance add 0.08-0.08;desc_bleedingchance_mult add 0.08-0.08;human_exp_bonus_when_fatal add 0.01-0.03;spell_power_igni mult 0.07-0.1	SlashingDamage base 1-1;bonus_money add 0.05-0.1;buff_apply_chance add 0.08-0.08;desc_bleedingchance_mult add 0.08-0.08;human_exp_bonus_when_fatal add 0.01-0.03;spell_power_igni mult 0.07-0.1	ok
Harpy	Harpy	ng	SlashingDamage base 1-1;buff_apply_chance add 0.14-0.14;desc_bleedingchance_mult add 0.14-0.14	SlashingDamage base 1-1;buff_apply_chance add 0.14-0.14;desc_bleedingchance_mult add 0.14-0.14	ok
Havcaaren	Hav'caaren	ng	SlashingDamage base 1-1;buff_apply_chance add 0.11-0.11;critical_hit_chance add 0.05-0.11;desc_staggerchance_mult add 0.11-0.11;nonhuman_exp_bonus_when_fatal add 0.02-0.03	SlashingDamage base 1-1;buff_apply_chance add 0.11-0.11;critical_hit_chance add 0.05-0.11;desc_staggerchance_mult add 0.11-0.11;nonhuman_exp_bonus_when_fatal add 0.02-0.03	ok
Loathen	Loathen	ng	FireDamage add 5-20;SlashingDamage base 1-1;buff_apply_chance add 0.12-0.12;desc_burningchance_mult add 0.12-0.12	FireDamage add 5-20;SlashingDamage base 1-1;buff_apply_chance add 0.12-0.12;desc_burningchance_mult add 0.12-0.12	ok
Moonblade	Moonblade	ng	SlashingDamage base 1-1;buff_apply_chance add 0.01-0.01;critical_hit_chance add 0.01-0.05;critical_hit_damage_bonus add 0.1-0.15;desc_freezingchance_mult add 0.01-0.01;spell_power_yrden mult 0.01-0.05	SlashingDamage base 1-1;buff_apply_chance add 0.01-0.01;critical_hit_chance add 0.01-0.05;critical_hit_damage_bonus add 0.1-0.15;desc_freezingchance_mult add 0.01-0.01;spell_power_yrden mult 0.01-0.05	ok
Naevdeseidhe	Naevde Seidhe	ng	SlashingDamage base 1-1;buff_apply_chance add 0.1-0.1;desc_staggerchance_mult add 0.1-0.1;spell_power_igni mult 0.08-0.15;spell_power_yrden mult 0.08-0.15	SlashingDamage base 1-1;buff_apply_chance add 0.1-0.1;desc_staggerchance_mult add 0.1-0.1;spell_power_igni mult 0.08-0.15;spell_power_yrden mult 0.08-0.15	ok
Negotiator	Negotiator	ng	SlashingDamage base 1-1;armor_reduction base 10-50;buff_apply_chance add 0.12-0.12;critical_hit_chance add 0.12-0.16;desc_confusionchance_mult add 0.12-0.12	SlashingDamage base 1-1;armor_reduction base 10-50;buff_apply_chance add 0.12-0.12;critical_hit_chance add 0.12-0.16;desc_confusionchance_mult add 0.12-0.12	ok
Reachofthedamned	Reach of the Damned	ng	SlashingDamage base 1-1;buff_apply_chance add 0.13-0.13;desc_freezingchance_mult add 0.13-0.13;dismember_chance_mult add 0.02-0.1;spell_power_axii mult 0.03-0.2;spell_power_quen mult 0.02-0.1	SlashingDamage base 1-1;buff_apply_chance add 0.13-0.13;desc_freezingchance_mult add 0.13-0.13;dismember_chance_mult add 0.02-0.1;spell_power_axii mult 0.03-0.2;spell_power_quen mult 0.02-0.1	ok
Roseofaelirenn	Rose of Shaerrawed	ng	SlashingDamage base 1-1;buff_apply_chance add 0.12-0.12;desc_staggerchance_mult add 0.12-0.12;spell_power_axii mult 0.02-0.13;spell_power_yrden mult 0.02-0.13	SlashingDamage base 1-1;buff_apply_chance add 0.12-0.12;desc_staggerchance_mult add 0.12-0.12;spell_power_axii mult 0.02-0.13;spell_power_yrden mult 0.02-0.13	ok
Serpent Silver Sword 1	Fen'aeth	ng	SilverDamage base 504-504;SlashingDamage base 1-1;buff_apply_chance add 0.15-0.15;critical_hit_chance add 0.11-0.11;critical_hit_damage_bonus add 0.85-0.85;desc_poinsonchance_mult add 0.15-0.15;nonhuman_exp_bonus_when_fatal add 0.05-0.05;spell_power_aard mult 0.26-0.26	SilverDamage base 504-504;SlashingDamage base 1-1;buff_apply_chance add 0.15-0.15;critical_hit_chance add 0.11-0.11;critical_hit_damage_bonus add 0.85-0.85;desc_poinsonchance_mult add 0.15-0.15;nonhuman_exp_bonus_when_fatal add 0.05-0.05;spell_power_aard mult 0.26-0.26	ok
Serpent Silver Sword 1 Autogen	Fen'aeth	ng	SlashingDamage base 1-1;buff_apply_chance add 0.15-0.15;critical_hit_chance add 0.11-0.11;critical_hit_damage_bonus add 0.85-0.85;desc_poinsonchance_mult add 0.15-0.15;item_level_max add 100-100;item_level_min add 45-45;nonhuman_exp_bonus_when_fatal add 0.05-0.05;spell_power_aard mult 0.26-0.26	SlashingDamage base 1-1;buff_apply_chance add 0.15-0.15;critical_hit_chance add 0.11-0.11;critical_hit_damage_bonus add 0.85-0.85;desc_poinsonchance_mult add 0.15-0.15;item_level_max add 100-100;item_level_min add 45-45;nonhuman_exp_bonus_when_fatal add 0.05-0.05;spell_power_aard mult 0.26-0.26	ok
Serpent Silver Sword 2	Tah'rel	ng	SilverDamage base 534-534;SlashingDamage base 1-1;buff_apply_chance add 0.15-0.15;critical_hit_chance add 0.12-0.12;critical_hit_damage_bonus add 0.95-0.95;desc_poinsonchance_mult add 0.15-0.15;nonhuman_exp_bonus_when_fatal add 0.05-0.05;spell_power_aard mult 0.28-0.28	SilverDamage base 534-534;SlashingDamage base 1-1;buff_apply_chance add 0.15-0.15;critical_hit_chance add 0.12-0.12;critical_hit_damage_bonus add 0.95-0.95;desc_poinsonchance_mult add 0.15-0.15;nonhuman_exp_bonus_when_fatal add 0.05-0.05;spell_power_aard mult 0.28-0.28	ok
Serpent Silver Sword 3	Gesheft	ng	SilverDamage base 564-564;SlashingDamage base 1-1;buff_apply_chance add 0.15-0.15;critical_hit_chance add 0.15-0.15;critical_hit_damage_bonus add 1.0-1.0;desc_poinsonchance_mult add 0.15-0.15;nonhuman_exp_bonus_when_fatal add 0.05-0.05;spell_power_aard mult 0.3-0.3	SilverDamage base 564-564;SlashingDamage base 1-1;buff_apply_chance add 0.15-0.15;critical_hit_chance add 0.15-0.15;critical_hit_damage_bonus add 1.0-1.0;desc_poinsonchance_mult add 0.15-0.15;nonhuman_exp_bonus_when_fatal add 0.05-0.05;spell_power_aard mult 0.3-0.3	ok
Tlareg	Tlareg	ng	SlashingDamage base 1-1;buff_apply_chance add 0.12-0.12;desc_freezingchance_mult add 0.12-0.12;nonhuman_exp_bonus_when_fatal add 0.01-0.01;spell_power_igni mult 0.02-0.2	SlashingDamage base 1-1;buff_apply_chance add 0.12-0.12;desc_freezingchance_mult add 0.12-0.12;nonhuman_exp_bonus_when_fatal add 0.01-0.01;spell_power_igni mult 0.02-0.2	ok
Torzirael	Tor Zireael	ng	SlashingDamage base 1-1;buff_apply_chance add 0.2-0.2;desc_freezingchance_mult add 0.2-0.2;instant_kill_chance add 0.01-0.02;instant_kill_chance_mult add 0.01-0.02;spell_power_igni mult 0.2-0.25;spell_power_quen mult 0.05-0.15	SlashingDamage base 1-1;buff_apply_chance add 0.2-0.2;desc_freezingchance_mult add 0.2-0.2;instant_kill_chance add 0.01-0.02;instant_kill_chance_mult add 0.01-0.02;spell_power_igni mult 0.2-0.25;spell_power_quen mult 0.05-0.15	ok
Unique silver sword	Gesheft	ng	SlashingDamage base 1-1;item_level_max add 100-100;item_level_min add 40-40;spell_power_aard mult 0.2-0.2;spell_power_axii mult 0.2-0.2;spell_power_igni mult 0.2-0.2;spell_power_quen mult 0.2-0.2;spell_power_yrden mult 0.2-0.2	SlashingDamage base 1-1;item_level_max add 100-100;item_level_min add 40-40;spell_power_aard mult 0.2-0.2;spell_power_axii mult 0.2-0.2;spell_power_igni mult 0.2-0.2;spell_power_quen mult 0.2-0.2;spell_power_yrden mult 0.2-0.2	ok
Virgin	The Bride	ng	SlashingDamage base 1-1;buff_apply_chance add 0.13-0.13;desc_bleedingchance_mult add 0.13-0.13;dismember_chance_mult add 0.01-0.02;nonhuman_exp_bonus_when_fatal add 0.01-0.03	SlashingDamage base 1-1;buff_apply_chance add 0.13-0.13;desc_bleedingchance_mult add 0.13-0.13;dismember_chance_mult add 0.01-0.02;nonhuman_exp_bonus_when_fatal add 0.01-0.03	ok
Weeper	Weeper	ng	SlashingDamage base 1-1;critical_hit_damage_bonus add 0.45-0.75;dismember_chance_mult add 0.02-0.03;nonhuman_exp_bonus_when_fatal add 0.02-0.03	SlashingDamage base 1-1;critical_hit_damage_bonus add 0.45-0.75;dismember_chance_mult add 0.02-0.03;nonhuman_exp_bonus_when_fatal add 0.02-0.03	ok
WitcherSilverWolf	Bleidd	ng	SlashingDamage base 1-1;critical_hit_damage_bonus add 0.1-0.2;nonhuman_exp_bonus_when_fatal add 0.02-0.03;spell_power_igni mult 0.01-0.1;spell_power_quen mult 0.01-0.1	SlashingDamage base 1-1;critical_hit_damage_bonus add 0.1-0.2;nonhuman_exp_bonus_when_fatal add 0.02-0.03;spell_power_igni mult 0.01-0.1;spell_power_quen mult 0.01-0.1	ok
Zerrikanterment	Zerrikanterment	ng	SlashingDamage base 1-1;buff_apply_chance add 0.1-0.1;desc_bleedingchance_mult add 0.1-0.1;spell_power_aard mult 0.05-0.15;spell_power_axii mult 0.05-0.15;spell_power_quen mult 0.05-0.15	SlashingDamage base 1-1;buff_apply_chance add 0.1-0.1;desc_bleedingchance_mult add 0.1-0.1;spell_power_aard mult 0.05-0.15;spell_power_axii mult 0.05-0.15;spell_power_quen mult 0.05-0.15	ok
q505 crafted sword	Zireael	ng	SlashingDamage base 1-1;critical_hit_chance base 0.05-0.05;critical_hit_damage_bonus add 0.25-0.25;nonhuman_exp_bonus_when_fatal add 0.05-0.05	SlashingDamage base 1-1;critical_hit_chance base 0.05-0.05;critical_hit_damage_bonus add 0.25-0.25;nonhuman_exp_bonus_when_fatal add 0.05-0.05	ok
q704 vampire silver sword	Cantata	ng	SlashingDamage base 1-1;armor_reduction base 150-150;buff_apply_chance add 0.15-0.15;critical_hit_chance add 0.15-0.15;critical_hit_damage_bonus add 0.75-0.75;desc_bleedingchance_mult add 0.15-0.15;desc_confusionchance_mult add 0.15-0.15;item_level_max add 100-100;item_level_min add 40-40	SlashingDamage base 1-1;armor_reduction base 150-150;buff_apply_chance add 0.15-0.15;critical_hit_chance add 0.15-0.15;critical_hit_damage_bonus add 0.75-0.75;desc_bleedingchance_mult add 0.15-0.15;desc_confusionchance_mult add 0.15-0.15;item_level_max add 100-100;item_level_min add 40-40	ok
Bear School Crossbow	Ursine Crossbow	ng	ammo add 2-2;attack_power mult 2.1-2.1;critical_hit_chance add 0.05-0.05;critical_hit_damage_bonus add 0.02-0.02;focus_gain add 0.01-0.02;nonhuman_exp_bonus_when_fatal add 0.15-0.15	ammo add 2-2;attack_power mult 2.1-2.1;critical_hit_chance add 0.05-0.05;critical_hit_damage_bonus add 0.02-0.02;focus_gain add 0.01-0.02;nonhuman_exp_bonus_when_fatal add 0.15-0.15	ok
Lynx School Crossbow	Feline crossbow	ng	ammo add 2-2;armor_reduction base 10-10;attack_power mult 2.25-2.25;critical_hit_chance add 0.02-0.02;focus_gain add 0.01-0.02;nonhuman_exp_bonus_when_fatal add 0.15-0.15	ammo add 2-2;armor_reduction base 10-10;attack_power mult 2.25-2.25;critical_hit_chance add 0.02-0.02;focus_gain add 0.01-0.02;nonhuman_exp_bonus_when_fatal add 0.15-0.15	ok
Crossbow 1	Crossbow	ng	ammo add 3-3;attack_power mult 1.01-1.01	ammo add 3-3;attack_power mult 1.01-1.01	ok
Crossbow 2	Crossbow	ng	ammo add 3-3;attack_power mult 1.1-1.25	ammo add 3-3;attack_power mult 1.1-1.25	ok
Crossbow 3	Crossbow	ng	ammo add 3-3;attack_power mult 1.2-1.5	ammo add 3-3;attack_power mult 1.2-1.5	ok
Crossbow 4	Crossbow	ng	ammo add 3-3;attack_power mult 1.3-1.7	ammo add 3-3;attack_power mult 1.3-1.7	ok
Crossbow 5	Crossbow	ng	ammo add 3-3;armor_reduction base 1-5;attack_power mult 1.4-1.8	ammo add 3-3;armor_reduction base 1-5;attack_power mult 1.4-1.8	ok
Crossbow 6	Crossbow	ng	ammo add 3-3;armor_reduction base 5-10;attack_power mult 1.5-1.9;focus_gain add 0.01-0.02	ammo add 3-3;armor_reduction base 5-10;attack_power mult 1.5-1.9;focus_gain add 0.01-0.02	ok
Crossbow 7	Crossbow	ng	ammo add 2-2;attack_power mult 2.0-2.0;focus_gain add 0.01-0.02;human_exp_bonus_when_fatal add 0.01-0.1;nonhuman_exp_bonus_when_fatal add 0.01-0.1	ammo add 2-2;attack_power mult 2.0-2.0;focus_gain add 0.01-0.02;human_exp_bonus_when_fatal add 0.01-0.1;nonhuman_exp_bonus_when_fatal add 0.01-0.1	ok
Crossbow q206	Death From Above	ng	ammo add 2-2;attack_power mult 1.45-1.45;focus_gain add 0.01-0.02;human_exp_bonus_when_fatal add 0.05-0.05	ammo add 2-2;attack_power mult 1.45-1.45;focus_gain add 0.01-0.02;human_exp_bonus_when_fatal add 0.05-0.05	ok
DLC13 Elven Crossbow	Elven crossbow	ng	ammo add 3-3;attack_power mult 1.65-1.65	ammo add 3-3;attack_power mult 1.65-1.65	ok
DLC13 Nilfgaardian Crossbow	Nilfgaardian crossbow	ng	ammo add 3-3;attack_power mult 1.25-1.25	ammo add 3-3;attack_power mult 1.25-1.25	ok
DLC13 Skellige Crossbow	Skellige crossbow	ng	ammo add 3-3;attack_power mult 1.45-1.45	ammo add 3-3;attack_power mult 1.45-1.45	ok
Geralt of Rivia Crossbow	Geralt of Rivia's crossbow	ng	ammo add 3-3;attack_power mult 3-3	ammo add 3-3;attack_power mult 3-3	ok
Ravix of Fourhorn Crossbow	Ravix of Fourhorn's crossbow	ng	ammo add 3-3;attack_power mult 3-3	ammo add 3-3;attack_power mult 3-3	ok
Toussaint Crossbow 1	Toussaint crossbow	ng	ammo add 3-3;attack_power mult 2.5-2.5	ammo add 3-3;attack_power mult 2.5-2.5	ok
Toussaint Crossbow 2	Toussaint crossbow	ng	ammo add 3-3;attack_power mult 3-3	ammo add 3-3;attack_power mult 3-3	ok
Bait Bolt	Bolt with bait	ng	PiercingDamage add 6-6;SilverDamage add 5-5;armor_reduction base 100-100;armor_reduction_perc base 1-1	PiercingDamage add 6-6;SilverDamage add 5-5;armor_reduction base 100-100;armor_reduction_perc base 1-1	ok
Blunt Bolt	Blunt crossbow bolt	ng	BludgeoningDamage add 8-8;SilverDamage add 8-8	BludgeoningDamage add 8-8;SilverDamage add 8-8	ok
Blunt Bolt Legendary	Blunt crossbow bolt	ng	BludgeoningDamage add 10-10;SilverDamage add 10-10	BludgeoningDamage add 10-10;SilverDamage add 10-10	ok
Bodkin Bolt	Bolts	ng	PiercingDamage add 5-5;SilverDamage add 4-4	PiercingDamage add 5-5;SilverDamage add 4-4	ok
Broadhead Bolt	Broadhead bolt	ng	PiercingDamage add 8-8;SilverDamage add 8-8;desc_bleedingchance_mult add 1-1;duration add 15-15	PiercingDamage add 8-8;SilverDamage add 8-8;desc_bleedingchance_mult add 1-1;duration add 15-15	ok
Broadhead Bolt Legendary	Broadhead bolt	ng	PiercingDamage add 12-12;SilverDamage add 12-12;desc_bleedingchance_mult add 1-1;duration add 15-15	PiercingDamage add 12-12;SilverDamage add 12-12;desc_bleedingchance_mult add 1-1;duration add 15-15	ok
Explosive Bolt	Exploding bolt	ng	FireDamage add 12-12;PiercingDamage add 12-12;SilverDamage add 12-12;buff_apply_chance add 0.25-0.25	FireDamage add 12-12;PiercingDamage add 12-12;SilverDamage add 12-12;buff_apply_chance add 0.25-0.25	ok
Explosive Bolt Legendary	Exploding bolt	ng	FireDamage add 20-20;PiercingDamage add 20-20;SilverDamage add 15-15;buff_apply_chance add 0.3-0.3	FireDamage add 20-20;PiercingDamage add 20-20;SilverDamage add 15-15;buff_apply_chance add 0.3-0.3	ok
Harpoon Bolt	Bolts	ng	PiercingDamage add 10-10;SilverDamage add 400-400	PiercingDamage add 10-10;SilverDamage add 400-400	ok
Split Bolt	Split bolt	ng	PiercingDamage add 10-10;SilverDamage add 10-10;split_count add 3-3	PiercingDamage add 10-10;SilverDamage add 10-10;split_count add 3-3	ok
Split Bolt Legendary	Split bolt	ng	PiercingDamage add 14-14;SilverDamage add 14-14;split_count add 3-3	PiercingDamage add 14-14;SilverDamage add 14-14;split_count add 3-3	ok
Target Point Bolt	Precision bolt	ng	PiercingDamage add 12-12;SilverDamage add 12-12;armor_reduction base 7-7;armor_reduction_perc base 0.5-0.5	PiercingDamage add 12-12;SilverDamage add 12-12;armor_reduction base 7-7;armor_reduction_perc base 0.5-0.5	ok
Target Point Bolt Legendary	Precision bolt	ng	PiercingDamage add 20-20;SilverDamage add 20-20;armor_reduction base 15-15;armor_reduction_perc base 0.6-0.6	PiercingDamage add 20-20;SilverDamage add 20-20;armor_reduction base 15-15;armor_reduction_perc base 0.6-0.6	ok
Tracking Bolt	Tracking bolt	ng	PiercingDamage add 6-6;SilverDamage add 5-5;armor_reduction base 100-100;armor_reduction_perc base 1-1;desc_bleedingchance_mult add 1-1;duration add 120-120	PiercingDamage add 6-6;SilverDamage add 5-5;armor_reduction base 100-100;armor_reduction_perc base 1-1;desc_bleedingchance_mult add 1-1;duration add 120-120	ok
q704_vampire_lure_bolt	Garkain bait bolt	ng	PiercingDamage add 5-5;SilverDamage add 4-4	PiercingDamage add 5-5;SilverDamage add 4-4	ok
Bear Armor	Ursine armor	ng	armor base 135-135;bludgeoning_resistance_perc base 0.05-0.05;focus_gain base 0.05-0.05;piercing_resistance_perc base 0.05-0.05;rending_resistance_perc base 0.18-0.18;slashing_resistance_perc base 0.15-0.15;staminaRegen_armor_mod mult -0.1--0.1	armor base 135-135;bludgeoning_resistance_perc base 0.05-0.05;focus_gain base 0.05-0.05;piercing_resistance_perc base 0.05-0.05;rending_resistance_perc base 0.18-0.18;slashing_resistance_perc base 0.15-0.15;staminaRegen_armor_mod mult -0.1--0.1	ok
Bear Armor 1	Enhanced Ursine armor	ng	armor base 160-160;bludgeoning_resistance_perc base 0.1-0.1;focus_gain base 0.1-0.1;piercing_resistance_perc base 0.1-0.1;rending_resistance_perc base 0.22-0.22;slashing_resistance_perc base 0.2-0.2;staminaRegen_armor_mod mult -0.1--0.1	armor base 160-160;bludgeoning_resistance_perc base 0.1-0.1;focus_gain base 0.1-0.1;piercing_resistance_perc base 0.1-0.1;rending_resistance_perc base 0.22-0.22;slashing_resistance_perc base 0.2-0.2;staminaRegen_armor_mod mult -0.1--0.1	ok
Bear Armor 2	Superior Ursine armor	ng	armor base 185-185;bludgeoning_resistance_perc base 0.15-0.15;focus_gain base 0.15-0.15;piercing_resistance_perc base 0.15-0.15;rending_resistance_perc base 0.26-0.26;slashing_resistance_perc base 0.25-0.25;staminaRegen_armor_mod mult -0.1--0.1	armor base 185-185;bludgeoning_resistance_perc base 0.15-0.15;focus_gain base 0.15-0.15;piercing_resistance_perc base 0.15-0.15;rending_resistance_perc base 0.26-0.26;slashing_resistance_perc base 0.25-0.25;staminaRegen_armor_mod mult -0.1--0.1	ok
Bear Armor 3	Mastercrafted Ursine armor	ng	armor base 205-205;bludgeoning_resistance_perc base 0.25-0.25;focus_gain base 0.2-0.2;piercing_resistance_perc base 0.25-0.25;rending_resistance_perc base 0.3-0.3;slashing_resistance_perc base 0.3-0.3;staminaRegen_armor_mod mult -0.1--0.1	armor base 205-205;bludgeoning_resistance_perc base 0.25-0.25;focus_gain base 0.2-0.2;piercing_resistance_perc base 0.25-0.25;rending_resistance_perc base 0.3-0.3;slashing_resistance_perc base 0.3-0.3;staminaRegen_armor_mod mult -0.1--0.1	ok
Bear Armor 4	Grandmaster Ursine armor	ng	armor base 240-240;bludgeoning_resistance_perc base 0.25-0.25;focus_gain base 0.22-0.22;piercing_resistance_perc base 0.26-0.26;rending_resistance_perc base 0.32-0.32;slashing_resistance_perc base 0.32-0.32;staminaRegen_armor_mod mult -0.1--0.1	armor base 240-240;bludgeoning_resistance_perc base 0.25-0.25;focus_gain base 0.22-0.22;piercing_resistance_perc base 0.26-0.26;rending_resistance_perc base 0.32-0.32;slashing_resistance_perc base 0.32-0.32;staminaRegen_armor_mod mult -0.1--0.1	ok
Gryphon Armor	Griffin armor	ng	armor base 90-90;bludgeoning_resistance_perc base 0.05-0.05;piercing_resistance_perc base 0.05-0.05;rending_resistance_perc base 0.12-0.12;slashing_resistance_perc base 0.1-0.1;spell_power mult 0.05-0.05	armor base 90-90;bludgeoning_resistance_perc base 0.05-0.05;piercing_resistance_perc base 0.05-0.05;rending_resistance_perc base 0.12-0.12;slashing_resistance_perc base 0.1-0.1;spell_power mult 0.05-0.05	ok
Gryphon Armor 1	Enhanced Griffin armor	ng	armor base 125-125;bludgeoning_resistance_perc base 0.08-0.08;piercing_resistance_perc base 0.08-0.08;rending_resistance_perc base 0.16-0.16;slashing_resistance_perc base 0.14-0.14;spell_power mult 0.1-0.1	armor base 125-125;bludgeoning_resistance_perc base 0.08-0.08;piercing_resistance_perc base 0.08-0.08;rending_resistance_perc base 0.16-0.16;slashing_resistance_perc base 0.14-0.14;spell_power mult 0.1-0.1	ok
Gryphon Armor 2	Superior Griffin armor	ng	armor base 165-165;bludgeoning_resistance_perc base 0.12-0.12;piercing_resistance_perc base 0.12-0.12;rending_resistance_perc base 0.2-0.2;slashing_resistance_perc base 0.18-0.18;spell_power mult 0.15-0.15	armor base 165-165;bludgeoning_resistance_perc base 0.12-0.12;piercing_resistance_perc base 0.12-0.12;rending_resistance_perc base 0.2-0.2;slashing_resistance_perc base 0.18-0.18;spell_power mult 0.15-0.15	ok
Gryphon Armor 3	Mastercrafted Griffin armor	ng	armor base 205-205;bludgeoning_resistance_perc base 0.16-0.16;piercing_resistance_perc base 0.17-0.17;rending_resistance_perc base 0.25-0.25;slashing_resistance_perc base 0.22-0.22;spell_power mult 0.2-0.2	armor base 205-205;bludgeoning_resistance_perc base 0.16-0.16;piercing_resistance_perc base 0.17-0.17;rending_resistance_perc base 0.25-0.25;slashing_resistance_perc base 0.22-0.22;spell_power mult 0.2-0.2	ok
Gryphon Armor 4	Grandmaster Griffin armor	ng	armor base 240-240;bludgeoning_resistance_perc base 0.17-0.17;piercing_resistance_perc base 0.19-0.19;rending_resistance_perc base 0.26-0.26;slashing_resistance_perc base 0.24-0.24;spell_power mult 0.22-0.22	armor base 240-240;bludgeoning_resistance_perc base 0.17-0.17;piercing_resistance_perc base 0.19-0.19;rending_resistance_perc base 0.26-0.26;slashing_resistance_perc base 0.24-0.24;spell_power mult 0.22-0.22	ok
Lynx Armor	Feline armor	ng	armor base 120-120;attack_power mult 0.05-0.05;elemental_resistance_perc base 0.1-0.1;piercing_resistance_perc base 0.05-0.05;rending_resistance_perc base 0.05-0.05;slashing_resistance_perc base 0.05-0.05;staminaRegen_armor_mod mult 0.1-0.1	armor base 120-120;attack_power mult 0.05-0.05;elemental_resistance_perc base 0.1-0.1;piercing_resistance_perc base 0.05-0.05;rending_resistance_perc base 0.05-0.05;slashing_resistance_perc base 0.05-0.05;staminaRegen_armor_mod mult 0.1-0.1	ok
Lynx Armor 1	Enhanced Feline armor	ng	armor base 150-150;attack_power mult 0.1-0.1;elemental_resistance_perc base 0.2-0.2;piercing_resistance_perc base 0.06-0.06;rending_resistance_perc base 0.08-0.08;slashing_resistance_perc base 0.08-0.08;staminaRegen_armor_mod mult 0.1-0.1	armor base 150-150;attack_power mult 0.1-0.1;elemental_resistance_perc base 0.2-0.2;piercing_resistance_perc base 0.06-0.06;rending_resistance_perc base 0.08-0.08;slashing_resistance_perc base 0.08-0.08;staminaRegen_armor_mod mult 0.1-0.1	ok
Lynx Armor 2	Superior Feline armor	ng	armor base 180-180;attack_power mult 0.15-0.15;elemental_resistance_perc base 0.25-0.25;piercing_resistance_perc base 0.08-0.08;rending_resistance_perc base 0.1-0.1;slashing_resistance_perc base 0.11-0.11;staminaRegen_armor_mod mult 0.1-0.1	armor base 180-180;attack_power mult 0.15-0.15;elemental_resistance_perc base 0.25-0.25;piercing_resistance_perc base 0.08-0.08;rending_resistance_perc base 0.1-0.1;slashing_resistance_perc base 0.11-0.11;staminaRegen_armor_mod mult 0.1-0.1	ok
Lynx Armor 3	Mastercrafted Feline armor	ng	armor base 205-205;attack_power mult 0.2-0.2;elemental_resistance_perc base 0.35-0.35;piercing_resistance_perc base 0.1-0.1;rending_resistance_perc base 0.14-0.14;slashing_resistance_perc base 0.15-0.15;staminaRegen_armor_mod mult 0.1-0.1	armor base 205-205;attack_power mult 0.2-0.2;elemental_resistance_perc base 0.35-0.35;piercing_resistance_perc base 0.1-0.1;rending_resistance_perc base 0.14-0.14;slashing_resistance_perc base 0.15-0.15;staminaRegen_armor_mod mult 0.1-0.1	ok
Lynx Armor 4	Grandmaster Feline armor	ng	armor base 240-240;attack_power mult 0.22-0.22;elemental_resistance_perc base 0.36-0.36;piercing_resistance_perc base 0.12-0.12;rending_resistance_perc base 0.15-0.15;slashing_resistance_perc base 0.17-0.17;staminaRegen_armor_mod mult 0.1-0.1	armor base 240-240;attack_power mult 0.22-0.22;elemental_resistance_perc base 0.36-0.36;piercing_resistance_perc base 0.12-0.12;rending_resistance_perc base 0.15-0.15;slashing_resistance_perc base 0.17-0.17;staminaRegen_armor_mod mult 0.1-0.1	ok
Netflix Armor	Forgotten Wolven armor	ng	armor base 139-139;attack_power mult 0.08-0.08;elemental_resistance_perc base 0.15-0.15;focus_gain base 0.08-0.08;piercing_resistance_perc base 0.06-0.06;rending_resistance_perc base 0.15-0.15;slashing_resistance_perc base 0.12-0.12	armor base 139-139;attack_power mult 0.08-0.08;elemental_resistance_perc base 0.15-0.15;focus_gain base 0.08-0.08;piercing_resistance_perc base 0.06-0.06;rending_resistance_perc base 0.15-0.15;slashing_resistance_perc base 0.12-0.12	ok
Netflix Armor 1	Mastercrafted forgotten Wolven armor	ng	armor base 208-208;attack_power mult 0.18-0.18;elemental_resistance_perc base 0.25-0.25;focus_gain base 0.18-0.18;piercing_resistance_perc base 0.15-0.15;rending_resistance_perc base 0.25-0.25;slashing_resistance_perc base 0.2-0.2	armor base 208-208;attack_power mult 0.18-0.18;elemental_resistance_perc base 0.25-0.25;focus_gain base 0.18-0.18;piercing_resistance_perc base 0.15-0.15;rending_resistance_perc base 0.25-0.25;slashing_resistance_perc base 0.2-0.2	ok
Netflix Armor 2	Grandmaster forgotten Wolven armor	ng	armor base 243-243;attack_power mult 0.2-0.2;elemental_resistance_perc base 0.3-0.3;focus_gain base 0.2-0.2;piercing_resistance_perc base 0.18-0.18;rending_resistance_perc base 0.3-0.3;slashing_resistance_perc base 0.22-0.22	armor base 243-243;attack_power mult 0.2-0.2;elemental_resistance_perc base 0.3-0.3;focus_gain base 0.2-0.2;piercing_resistance_perc base 0.18-0.18;rending_resistance_perc base 0.3-0.3;slashing_resistance_perc base 0.22-0.22	ok
Red Wolf Armor 1	Manticore armor	ng	armor base 240-240;critical_hit_damage_bonus add 0.25-0.25;piercing_resistance_perc base 0.19-0.19;rending_resistance_perc base 0.28-0.28;slashing_resistance_perc base 0.24-0.24;toxicity base 5-5	armor base 240-240;critical_hit_damage_bonus add 0.25-0.25;piercing_resistance_perc base 0.19-0.19;rending_resistance_perc base 0.28-0.28;slashing_resistance_perc base 0.24-0.24;toxicity base 5-5	ok
Red Wolf Armor 2	Legendary Manticore armor	ng	armor base 390-390;bludgeoning_resistance_perc base 0.16-0.16;focus_gain base 0.2-0.2;piercing_resistance_perc base 0.17-0.17;rending_resistance_perc base 0.25-0.25;slashing_resistance_perc base 0.22-0.22	armor base 390-390;bludgeoning_resistance_perc base 0.16-0.16;focus_gain base 0.2-0.2;piercing_resistance_perc base 0.17-0.17;rending_resistance_perc base 0.25-0.25;slashing_resistance_perc base 0.22-0.22	ok
EP1 Witcher Armor	Viper armor	ng	armor base 235-235;elemental_resistance_perc base 0.4-0.4;piercing_resistance_perc base 0.3-0.3;poison_resistance_perc base 0.5-0.5;rending_resistance_perc base 0.28-0.28;slashing_resistance_perc base 0.3-0.3	armor base 235-235;elemental_resistance_perc base 0.4-0.4;piercing_resistance_perc base 0.3-0.3;poison_resistance_perc base 0.5-0.5;rending_resistance_perc base 0.28-0.28;slashing_resistance_perc base 0.3-0.3	ok
Wolf Armor	Wolven armor	ng	armor base 105-105;bludgeoning_resistance_perc base 0.05-0.05;focus_gain base 0.05-0.05;piercing_resistance_perc base 0.05-0.05;rending_resistance_perc base 0.12-0.12;slashing_resistance_perc base 0.1-0.1	armor base 105-105;bludgeoning_resistance_perc base 0.05-0.05;focus_gain base 0.05-0.05;piercing_resistance_perc base 0.05-0.05;rending_resistance_perc base 0.12-0.12;slashing_resistance_perc base 0.1-0.1	ok
Wolf Armor 1	Enhanced Wolven armor	ng	armor base 140-140;bludgeoning_resistance_perc base 0.08-0.08;focus_gain base 0.1-0.1;piercing_resistance_perc base 0.08-0.08;rending_resistance_perc base 0.16-0.16;slashing_resistance_perc base 0.14-0.14	armor base 140-140;bludgeoning_resistance_perc base 0.08-0.08;focus_gain base 0.1-0.1;piercing_resistance_perc base 0.08-0.08;rending_resistance_perc base 0.16-0.16;slashing_resistance_perc base 0.14-0.14	ok
Wolf Armor 2	Superior Wolven armor	ng	armor base 180-180;bludgeoning_resistance_perc base 0.12-0.12;focus_gain base 0.15-0.15;piercing_resistance_perc base 0.12-0.12;rending_resistance_perc base 0.2-0.2;slashing_resistance_perc base 0.18-0.18	armor base 180-180;bludgeoning_resistance_perc base 0.12-0.12;focus_gain base 0.15-0.15;piercing_resistance_perc base 0.12-0.12;rending_resistance_perc base 0.2-0.2;slashing_resistance_perc base 0.18-0.18	ok
Wolf Armor 3	Mastercrafted Wolven armor	ng	armor base 205-205;bludgeoning_resistance_perc base 0.16-0.16;focus_gain base 0.2-0.2;piercing_resistance_perc base 0.17-0.17;rending_resistance_perc base 0.25-0.25;slashing_resistance_perc base 0.22-0.22	armor base 205-205;bludgeoning_resistance_perc base 0.16-0.16;focus_gain base 0.2-0.2;piercing_resistance_perc base 0.17-0.17;rending_resistance_perc base 0.25-0.25;slashing_resistance_perc base 0.22-0.22	ok
Wolf Armor 4	Grandmaster Wolven armor	ng	armor base 240-240;bludgeoning_resistance_perc base 0.17-0.17;focus_gain base 0.22-0.22;piercing_resistance_perc base 0.19-0.19;rending_resistance_perc base 0.26-0.26;slashing_resistance_perc base 0.24-0.24	armor base 240-240;bludgeoning_resistance_perc base 0.17-0.17;focus_gain base 0.22-0.22;piercing_resistance_perc base 0.19-0.19;rending_resistance_perc base 0.26-0.26;slashing_resistance_perc base 0.24-0.24	ok
q702_vampire_armor	Tesham Mutna armor	ng	armor base 230-230;bleeding_resistance_perc base 0.25-0.25;bludgeoning_resistance_perc base 0.25-0.25;piercing_resistance_perc base 0.3-0.3;rending_resistance_perc base 0.25-0.25;slashing_resistance_perc base 0.3-0.3;staminaRegen_armor_mod mult -0.1--0.1	armor base 230-230;bleeding_resistance_perc base 0.25-0.25;bludgeoning_resistance_perc base 0.25-0.25;piercing_resistance_perc base 0.3-0.3;rending_resistance_perc base 0.25-0.25;slashing_resistance_perc base 0.3-0.3;staminaRegen_armor_mod mult -0.1--0.1	ok
q704_vampire_armor	Hen Gaidth armor	ng	bleeding_resistance_perc base 0.25-0.25;bludgeoning_resistance_perc base 0.3-0.3;item_level_max add 100-100;item_level_min add 40-40;piercing_resistance_perc base 0.4-0.4;rending_resistance_perc base 0.3-0.3;slashing_resistance_perc base 0.35-0.35;staminaRegen_armor_mod mult -0.1--0.1	bleeding_resistance_perc base 0.25-0.25;bludgeoning_resistance_perc base 0.3-0.3;item_level_max add 100-100;item_level_min add 40-40;piercing_resistance_perc base 0.4-0.4;rending_resistance_perc base 0.3-0.3;slashing_resistance_perc base 0.35-0.35;staminaRegen_armor_mod mult -0.1--0.1	ok
Scarlet Crest Armor	Scarlet Crest armor	ng	armor base 230-230;bludgeoning_resistance_perc base 0.27-0.27;focus_gain base 0.07-0.07;piercing_resistance_perc base 0.23-0.23;slashing_resistance_perc base 0.21-0.21;spell_power_quen mult 0.15-0.15	armor base 230-230;bludgeoning_resistance_perc base 0.27-0.27;focus_gain base 0.07-0.07;piercing_resistance_perc base 0.23-0.23;slashing_resistance_perc base 0.21-0.21;spell_power_quen mult 0.15-0.15	ok
Dol Blathanna Armor	Armor of a Thousand Flowers	ng	armor base 66-66;bludgeoning_resistance_perc base 0.04-0.04;piercing_resistance_perc base 0.04-0.04;rending_resistance_perc base 0.11-0.11;slashing_resistance_perc base 0.09-0.09;staminaRegen_armor_mod mult 0.1-0.1	armor base 66-66;bludgeoning_resistance_perc base 0.04-0.04;piercing_resistance_perc base 0.04-0.04;rending_resistance_perc base 0.11-0.11;slashing_resistance_perc base 0.09-0.09;staminaRegen_armor_mod mult 0.1-0.1	ok
White Tiger Armor	White Tiger of the West armor	ng	armor base 85-85;bludgeoning_resistance_perc base 0.05-0.05;piercing_resistance_perc base 0.05-0.05;rending_resistance_perc base 0.13-0.13;slashing_resistance_perc base 0.09-0.09;vitality base 75-75	armor base 85-85;bludgeoning_resistance_perc base 0.05-0.05;piercing_resistance_perc base 0.05-0.05;rending_resistance_perc base 0.13-0.13;slashing_resistance_perc base 0.09-0.09;vitality base 75-75	ok
DLC1 Temerian Armor	Temerian Armor	ng	armor base 50-50;bludgeoning_resistance_perc base 0.15-0.15;elemental_resistance_perc base 0.05-0.05;piercing_resistance_perc base 0.15-0.15;rending_resistance_perc base 0.05-0.05;slashing_resistance_perc base 0.2-0.2;staminaRegen_armor_mod mult 0.1-0.1	armor base 50-50;bludgeoning_resistance_perc base 0.15-0.15;elemental_resistance_perc base 0.05-0.05;piercing_resistance_perc base 0.15-0.15;rending_resistance_perc base 0.05-0.05;slashing_resistance_perc base 0.2-0.2;staminaRegen_armor_mod mult 0.1-0.1	ok
DLC14 Skellige Armor	Undvik Armor	ng	armor base 110-110;bludgeoning_resistance_perc base 0.35-0.35;elemental_resistance_perc base 0.1-0.1;piercing_resistance_perc base 0.35-0.35;rending_resistance_perc base 0.1-0.1;slashing_resistance_perc base 0.4-0.4;staminaRegen_armor_mod mult -0.1--0.1	armor base 110-110;bludgeoning_resistance_perc base 0.35-0.35;elemental_resistance_perc base 0.1-0.1;piercing_resistance_perc base 0.35-0.35;rending_resistance_perc base 0.1-0.1;slashing_resistance_perc base 0.4-0.4;staminaRegen_armor_mod mult -0.1--0.1	ok
DLC5 Nilfgaardian Armor	Nilfgaardian Armor	ng	armor base 80-80;bludgeoning_resistance_perc base 0.25-0.25;elemental_resistance_perc base 0.05-0.05;piercing_resistance_perc base 0.25-0.25;rending_resistance_perc base 0.1-0.1;slashing_resistance_perc base 0.3-0.3	armor base 80-80;bludgeoning_resistance_perc base 0.25-0.25;elemental_resistance_perc base 0.05-0.05;piercing_resistance_perc base 0.25-0.25;rending_resistance_perc base 0.1-0.1;slashing_resistance_perc base 0.3-0.3	ok
Crafted Burning Rose Armor	Order of the Flaming Rose armor	ng	armor base 215-215;bludgeoning_resistance_perc base 0.4-0.4;burning_resistance_perc base 0.3-0.3;elemental_resistance_perc base 0.3-0.3;piercing_resistance_perc base 0.4-0.4;slashing_resistance_perc base 0.4-0.4;staminaRegen_armor_mod mult -0.1--0.1	armor base 215-215;bludgeoning_resistance_perc base 0.4-0.4;burning_resistance_perc base 0.3-0.3;elemental_resistance_perc base 0.3-0.3;piercing_resistance_perc base 0.4-0.4;slashing_resistance_perc base 0.4-0.4;staminaRegen_armor_mod mult -0.1--0.1	ok
Crafted Ofir Armor	Ofieri scale armor	ng	armor base 225-225;bludgeoning_resistance_perc base 0.3-0.3;slashing_resistance_perc base 0.3-0.3;spell_power_axii mult 0.1-0.1;spell_power_quen mult 0.2-0.2;spell_power_yrden mult 0.1-0.1;staminaRegen_armor_mod mult 0.1-0.1	armor base 225-225;bludgeoning_resistance_perc base 0.3-0.3;slashing_resistance_perc base 0.3-0.3;spell_power_axii mult 0.1-0.1;spell_power_quen mult 0.2-0.2;spell_power_yrden mult 0.1-0.1;staminaRegen_armor_mod mult 0.1-0.1	ok
Geralt Kontusz R	Ornate robe	ng	burning_resistance_perc base 0.2-0.2;elemental_resistance_perc base 0.26-0.26;item_level_max add 35-35;item_level_min add 33-33;piercing_resistance_perc base 0.26-0.26;slashing_resistance_perc base 0.26-0.26;spell_power_igni mult 0.2-0.2;staminaRegen_armor_mod mult 0.1-0.1	burning_resistance_perc base 0.2-0.2;elemental_resistance_perc base 0.26-0.26;item_level_max add 35-35;item_level_min add 33-33;piercing_resistance_perc base 0.26-0.26;slashing_resistance_perc base 0.26-0.26;spell_power_igni mult 0.2-0.2;staminaRegen_armor_mod mult 0.1-0.1	ok
Guard Lvl1 A Armor 3	Toussaint Color Guardsman's armor	ng	armor base 245-245;bleeding_resistance_perc base 0.2-0.2;bludgeoning_resistance_perc base 0.28-0.28;piercing_resistance_perc base 0.21-0.21;slashing_resistance_perc base 0.28-0.28;staminaRegen_armor_mod mult 0.1-0.1;vitality base 300-300	armor base 245-245;bleeding_resistance_perc base 0.2-0.2;bludgeoning_resistance_perc base 0.28-0.28;piercing_resistance_perc base 0.21-0.21;slashing_resistance_perc base 0.28-0.28;staminaRegen_armor_mod mult 0.1-0.1;vitality base 300-300	ok
Guard Lvl1 Armor 3	Toussaint Ducal Guardsman's armor	ng	armor base 240-240;bleeding_resistance_perc base 0.15-0.15;bludgeoning_resistance_perc base 0.27-0.27;piercing_resistance_perc base 0.2-0.2;slashing_resistance_perc base 0.27-0.27;staminaRegen_armor_mod mult 0.1-0.1;vitality base 250-250	armor base 240-240;bleeding_resistance_perc base 0.15-0.15;bludgeoning_resistance_perc base 0.27-0.27;piercing_resistance_perc base 0.2-0.2;slashing_resistance_perc base 0.27-0.27;staminaRegen_armor_mod mult 0.1-0.1;vitality base 250-250	ok
Guard Lvl2 A Armor 3	Toussaint Ducal Guard Captain's armor	ng	armor base 260-260;bludgeoning_resistance_perc base 0.31-0.31;piercing_resistance_perc base 0.31-0.31;poison_resistance_perc base 0.2-0.2;slashing_resistance_perc base 0.36-0.36;vitality base 400-400	armor base 260-260;bludgeoning_resistance_perc base 0.31-0.31;piercing_resistance_perc base 0.31-0.31;poison_resistance_perc base 0.2-0.2;slashing_resistance_perc base 0.36-0.36;vitality base 400-400	ok
Guard Lvl2 Armor 3	Toussaint Ducal Guard Officer's armor	ng	armor base 255-255;bludgeoning_resistance_perc base 0.3-0.3;piercing_resistance_perc base 0.3-0.3;poison_resistance_perc base 0.15-0.15;slashing_resistance_perc base 0.35-0.35;vitality base 350-350	armor base 255-255;bludgeoning_resistance_perc base 0.3-0.3;piercing_resistance_perc base 0.3-0.3;poison_resistance_perc base 0.15-0.15;slashing_resistance_perc base 0.35-0.35;vitality base 350-350	ok
Heavy armor 01r	Mag Deira cuirass	ng	bludgeoning_resistance_perc base 0.25-0.25;elemental_resistance_perc base 0.0-0.0;piercing_resistance_perc base 0.3-0.3;rending_resistance_perc base 0.0-0.0;slashing_resistance_perc base 0.3-0.3;staminaRegen_armor_mod mult -0.1--0.1;vitality base 300-600	bludgeoning_resistance_perc base 0.25-0.25;elemental_resistance_perc base 0.0-0.0;piercing_resistance_perc base 0.3-0.3;rending_resistance_perc base 0.0-0.0;slashing_resistance_perc base 0.3-0.3;staminaRegen_armor_mod mult -0.1--0.1;vitality base 300-600	ok
Heavy armor 02r	Ban Ard breastplate	ng	bludgeoning_resistance_perc base 0.2-0.2;elemental_resistance_perc base 0.0-0.0;piercing_resistance_perc base 0.3-0.3;rending_resistance_perc base 0.0-0.0;slashing_resistance_perc base 0.35-0.35;staminaRegen_armor_mod mult -0.1--0.1;vitality base 400-600	bludgeoning_resistance_perc base 0.2-0.2;elemental_resistance_perc base 0.0-0.0;piercing_resistance_perc base 0.3-0.3;rending_resistance_perc base 0.0-0.0;slashing_resistance_perc base 0.35-0.35;staminaRegen_armor_mod mult -0.1--0.1;vitality base 400-600	ok
Heavy armor 03 Netflix	Nilfgaardian guardsman armor	ng	bludgeoning_resistance_perc base 0.3-0.3;elemental_resistance_perc base 0.0-0.0;piercing_resistance_perc base 0.35-0.35;rending_resistance_perc base 0.0-0.0;slashing_resistance_perc base 0.4-0.4;staminaRegen_armor_mod mult -0.1--0.1;vitality base 450-600	bludgeoning_resistance_perc base 0.3-0.3;elemental_resistance_perc base 0.0-0.0;piercing_resistance_perc base 0.35-0.35;rending_resistance_perc base 0.0-0.0;slashing_resistance_perc base 0.4-0.4;staminaRegen_armor_mod mult -0.1--0.1;vitality base 450-600	ok
Heavy armor 03r	Nilfgaardian guardsman armor	ng	bludgeoning_resistance_perc base 0.3-0.3;elemental_resistance_perc base 0.0-0.0;piercing_resistance_perc base 0.35-0.35;rending_resistance_perc base 0.0-0.0;slashing_resistance_perc base 0.4-0.4;staminaRegen_armor_mod mult -0.1--0.1;vitality base 450-600	bludgeoning_resistance_perc base 0.3-0.3;elemental_resistance_perc base 0.0-0.0;piercing_resistance_perc base 0.35-0.35;rending_resistance_perc base 0.0-0.0;slashing_resistance_perc base 0.4-0.4;staminaRegen_armor_mod mult -0.1--0.1;vitality base 450-600	ok
Heavy armor 04r	Hindarsfjall heavy armor	ng	bludgeoning_resistance_perc base 0.3-0.3;elemental_resistance_perc base 0.0-0.0;piercing_resistance_perc base 0.4-0.4;rending_resistance_perc base 0.0-0.0;slashing_resistance_perc base 0.45-0.45;staminaRegen_armor_mod mult -0.1--0.1;vitality base 500-650	bludgeoning_resistance_perc base 0.3-0.3;elemental_resistance_perc base 0.0-0.0;piercing_resistance_perc base 0.4-0.4;rending_resistance_perc base 0.0-0.0;slashing_resistance_perc base 0.45-0.45;staminaRegen_armor_mod mult -0.1--0.1;vitality base 500-650	ok
Heavy armor 05r	Mahakaman heavy armor	ng	bludgeoning_resistance_perc base 0.25-0.25;elemental_resistance_perc base 0.0-0.0;piercing_resistance_perc base 0.25-0.25;rending_resistance_perc base 0.0-0.0;slashing_resistance_perc base 0.3-0.3;staminaRegen_armor_mod mult -0.1--0.1;vitality base 550-650	bludgeoning_resistance_perc base 0.25-0.25;elemental_resistance_perc base 0.0-0.0;piercing_resistance_perc base 0.25-0.25;rending_resistance_perc base 0.0-0.0;slashing_resistance_perc base 0.3-0.3;staminaRegen_armor_mod mult -0.1--0.1;vitality base 550-650	ok
Knight Geralt A Armor 3	Toussaint knight's tourney armor	ng	armor base 275-275;bludgeoning_resistance_perc base 0.43-0.43;piercing_resistance_perc base 0.43-0.43;quen_chance_on_projectile add 0.25-0.25;slashing_resistance_perc base 0.43-0.43;staminaRegen_armor_mod mult 0.1-0.1;vitality base 500-500	armor base 275-275;bludgeoning_resistance_perc base 0.43-0.43;piercing_resistance_perc base 0.43-0.43;quen_chance_on_projectile add 0.25-0.25;slashing_resistance_perc base 0.43-0.43;staminaRegen_armor_mod mult 0.1-0.1;vitality base 500-500	ok
Knight Geralt Armor 3	Toussaint knight's armor	ng	armor base 270-270;bleeding_resistance_perc base 0.25-0.25;bludgeoning_resistance_perc base 0.41-0.41;piercing_resistance_perc base 0.41-0.41;slashing_resistance_perc base 0.41-0.41;staminaRegen_armor_mod mult 0.1-0.1;vitality base 450-450	armor base 270-270;bleeding_resistance_perc base 0.25-0.25;bludgeoning_resistance_perc base 0.41-0.41;piercing_resistance_perc base 0.41-0.41;slashing_resistance_perc base 0.41-0.41;staminaRegen_armor_mod mult 0.1-0.1;vitality base 450-450	ok
Light armor 01r	Cidarian gambeson	ng	bludgeoning_resistance_perc base 0.1-0.1;elemental_resistance_perc base 0.0-0.0;piercing_resistance_perc base 0.07-0.07;rending_resistance_perc base 0.0-0.0;slashing_resistance_perc base 0.15-0.15;staminaRegen_armor_mod mult 0.1-0.1;vitality base 10-100	bludgeoning_resistance_perc base 0.1-0.1;elemental_resistance_perc base 0.0-0.0;piercing_resistance_perc base 0.07-0.07;rending_resistance_perc base 0.0-0.0;slashing_resistance_perc base 0.15-0.15;staminaRegen_armor_mod mult 0.1-0.1;vitality base 10-100	ok
Light armor 02r	Skellige gambeson	ng	bludgeoning_resistance_perc base 0.15-0.15;elemental_resistance_perc base 0.0-0.0;piercing_resistance_perc base 0.1-0.1;rending_resistance_perc base 0.0-0.0;slashing_resistance_perc base 0.15-0.15;spell_power_igni mult 0.08-0.15;staminaRegen_armor_mod mult 0.1-0.1	bludgeoning_resistance_perc base 0.15-0.15;elemental_resistance_perc base 0.0-0.0;piercing_resistance_perc base 0.1-0.1;rending_resistance_perc base 0.0-0.0;slashing_resistance_perc base 0.15-0.15;spell_power_igni mult 0.08-0.15;staminaRegen_armor_mod mult 0.1-0.1	ok
Light armor 03r	Kaedweni gambeson	ng	bludgeoning_resistance_perc base 0.15-0.15;elemental_resistance_perc base 0.0-0.0;piercing_resistance_perc base 0.1-0.1;rending_resistance_perc base 0.0-0.0;slashing_resistance_perc base 0.25-0.25;spell_power_aard mult 0.08-0.15;staminaRegen_armor_mod mult 0.1-0.1	bludgeoning_resistance_perc base 0.15-0.15;elemental_resistance_perc base 0.0-0.0;piercing_resistance_perc base 0.1-0.1;rending_resistance_perc base 0.0-0.0;slashing_resistance_perc base 0.25-0.25;spell_power_aard mult 0.08-0.15;staminaRegen_armor_mod mult 0.1-0.1	ok
Light armor 04r	Spikeroog aketon	ng	bludgeoning_resistance_perc base 0.15-0.15;elemental_resistance_perc base 0.0-0.0;focus_gain add 0.04-0.06;piercing_resistance_perc base 0.1-0.1;rending_resistance_perc base 0.0-0.0;slashing_resistance_perc base 0.3-0.3;staminaRegen_armor_mod mult 0.1-0.1	bludgeoning_resistance_perc base 0.15-0.15;elemental_resistance_perc base 0.0-0.0;focus_gain add 0.04-0.06;piercing_resistance_perc base 0.1-0.1;rending_resistance_perc base 0.0-0.0;slashing_resistance_perc base 0.3-0.3;staminaRegen_armor_mod mult 0.1-0.1	ok
Light armor 06r	Verden archer's gambeson	ng	bludgeoning_resistance_perc base 0.2-0.2;elemental_resistance_perc base 0.0-0.0;piercing_resistance_perc base 0.0-0.0;rending_resistance_perc base 0.0-0.0;slashing_resistance_perc base 0.2-0.2;spell_power_yrden mult 0.08-0.15;staminaRegen_armor_mod mult 0.1-0.1	bludgeoning_resistance_perc base 0.2-0.2;elemental_resistance_perc base 0.0-0.0;piercing_resistance_perc base 0.0-0.0;rending_resistance_perc base 0.0-0.0;slashing_resistance_perc base 0.2-0.2;spell_power_yrden mult 0.08-0.15;staminaRegen_armor_mod mult 0.1-0.1	ok
Light armor 07r	Bounty hunter's gambeson	ng	bludgeoning_resistance_perc base 0.25-0.25;elemental_resistance_perc base 0.0-0.0;piercing_resistance_perc base 0.0-0.0;rending_resistance_perc base 0.0-0.0;slashing_resistance_perc base 0.25-0.25;spell_power_axii mult 0.08-0.15;staminaRegen_armor_mod mult 0.1-0.1	bludgeoning_resistance_perc base 0.25-0.25;elemental_resistance_perc base 0.0-0.0;piercing_resistance_perc base 0.0-0.0;rending_resistance_perc base 0.0-0.0;slashing_resistance_perc base 0.25-0.25;spell_power_axii mult 0.08-0.15;staminaRegen_armor_mod mult 0.1-0.1	ok
Light armor 08r	Ard Skellig aketon	ng	bludgeoning_resistance_perc base 0.3-0.3;elemental_resistance_perc base 0.0-0.0;nonhuman_exp_bonus_when_fatal add 0.04-0.06;piercing_resistance_perc base 0.0-0.0;rending_resistance_perc base 0.0-0.0;slashing_resistance_perc base 0.3-0.3;staminaRegen_armor_mod mult 0.1-0.1	bludgeoning_resistance_perc base 0.3-0.3;elemental_resistance_perc base 0.0-0.0;nonhuman_exp_bonus_when_fatal add 0.04-0.06;piercing_resistance_perc base 0.0-0.0;rending_resistance_perc base 0.0-0.0;slashing_resistance_perc base 0.3-0.3;staminaRegen_armor_mod mult 0.1-0.1	ok
Light armor 09r	Freya's Warriors' armor	ng	bludgeoning_resistance_perc base 0.3-0.3;elemental_resistance_perc base 0.0-0.0;human_exp_bonus_when_fatal add 0.04-0.06;piercing_resistance_perc base 0.1-0.1;rending_resistance_perc base 0.0-0.0;slashing_resistance_perc base 0.3-0.3;staminaRegen_armor_mod mult 0.1-0.1	bludgeoning_resistance_perc base 0.3-0.3;elemental_resistance_perc base 0.0-0.0;human_exp_bonus_when_fatal add 0.04-0.06;piercing_resistance_perc base 0.1-0.1;rending_resistance_perc base 0.0-0.0;slashing_resistance_perc base 0.3-0.3;staminaRegen_armor_mod mult 0.1-0.1	ok
Medium armor 01r	Salmian brigandine	ng	bludgeoning_resistance_perc base 0.2-0.2;elemental_resistance_perc base 0.0-0.0;piercing_resistance_perc base 0.15-0.15;rending_resistance_perc base 0.0-0.0;slashing_resistance_perc base 0.2-0.2;vitality base 100-150	bludgeoning_resistance_perc base 0.2-0.2;elemental_resistance_perc base 0.0-0.0;piercing_resistance_perc base 0.15-0.15;rending_resistance_perc base 0.0-0.0;slashing_resistance_perc base 0.2-0.2;vitality base 100-150	ok
Medium armor 02r	Cidarian cavalry armor	ng	bludgeoning_resistance_perc base 0.2-0.2;elemental_resistance_perc base 0.0-0.0;piercing_resistance_perc base 0.15-0.15;rending_resistance_perc base 0.0-0.0;slashing_resistance_perc base 0.3-0.3;vitality base 100-200	bludgeoning_resistance_perc base 0.2-0.2;elemental_resistance_perc base 0.0-0.0;piercing_resistance_perc base 0.15-0.15;rending_resistance_perc base 0.0-0.0;slashing_resistance_perc base 0.3-0.3;vitality base 100-200	ok
Medium armor 03r	Redanian halberdier's armor	ng	bludgeoning_resistance_perc base 0.2-0.2;elemental_resistance_perc base 0.0-0.0;piercing_resistance_perc base 0.2-0.2;rending_resistance_perc base 0.0-0.0;slashing_resistance_perc base 0.3-0.3;vitality base 100-250	bludgeoning_resistance_perc base 0.2-0.2;elemental_resistance_perc base 0.0-0.0;piercing_resistance_perc base 0.2-0.2;rending_resistance_perc base 0.0-0.0;slashing_resistance_perc base 0.3-0.3;vitality base 100-250	ok
Medium armor 04r	Angrenian cuirass	ng	bludgeoning_resistance_perc base 0.25-0.25;elemental_resistance_perc base 0.0-0.0;piercing_resistance_perc base 0.25-0.25;rending_resistance_perc base 0.0-0.0;slashing_resistance_perc base 0.35-0.35;vitality base 100-300	bludgeoning_resistance_perc base 0.25-0.25;elemental_resistance_perc base 0.0-0.0;piercing_resistance_perc base 0.25-0.25;rending_resistance_perc base 0.0-0.0;slashing_resistance_perc base 0.35-0.35;vitality base 100-300	ok
Medium armor 05r	Belhaven brigandine	ng	bludgeoning_resistance_perc base 0.2-0.2;elemental_resistance_perc base 0.0-0.0;piercing_resistance_perc base 0.15-0.15;rending_resistance_perc base 0.0-0.0;returned_silver_damage_mult add 0.01-0.1;slashing_resistance_perc base 0.2-0.2;vitality base 100-350	bludgeoning_resistance_perc base 0.2-0.2;elemental_resistance_perc base 0.0-0.0;piercing_resistance_perc base 0.15-0.15;rending_resistance_perc base 0.0-0.0;returned_silver_damage_mult add 0.01-0.1;slashing_resistance_perc base 0.2-0.2;vitality base 100-350	ok
Medium armor 07r	Kaedweni cuirass	ng	bludgeoning_resistance_perc base 0.2-0.2;elemental_resistance_perc base 0.0-0.0;piercing_resistance_perc base 0.3-0.3;rending_resistance_perc base 0.0-0.0;slashing_resistance_perc base 0.3-0.3;vitality base 100-400	bludgeoning_resistance_perc base 0.2-0.2;elemental_resistance_perc base 0.0-0.0;piercing_resistance_perc base 0.3-0.3;rending_resistance_perc base 0.0-0.0;slashing_resistance_perc base 0.3-0.3;vitality base 100-400	ok
Medium armor 10r	Witch hunter's armor	ng	bludgeoning_resistance_perc base 0.25-0.25;elemental_resistance_perc base 0.0-0.0;piercing_resistance_perc base 0.25-0.25;rending_resistance_perc base 0.0-0.0;slashing_resistance_perc base 0.3-0.3;vitality base 100-450	bludgeoning_resistance_perc base 0.25-0.25;elemental_resistance_perc base 0.0-0.0;piercing_resistance_perc base 0.25-0.25;rending_resistance_perc base 0.0-0.0;slashing_resistance_perc base 0.3-0.3;vitality base 100-450	ok
Medium armor 11r	Eternal Fire executioner's armor	ng	bludgeoning_resistance_perc base 0.2-0.2;elemental_resistance_perc base 0.0-0.0;piercing_resistance_perc base 0.2-0.2;rending_resistance_perc base 0.0-0.0;slashing_resistance_perc base 0.3-0.3;vitality base 100-500	bludgeoning_resistance_perc base 0.2-0.2;elemental_resistance_perc base 0.0-0.0;piercing_resistance_perc base 0.2-0.2;rending_resistance_perc base 0.0-0.0;slashing_resistance_perc base 0.3-0.3;vitality base 100-500	ok
Oathbreaker armor	Oathbreaker Armor	ng	bludgeoning_resistance_perc base 0.25-0.25;bonus_money add 0.05-0.05;elemental_resistance_perc base 0.0-0.0;piercing_resistance_perc base 0.25-0.25;rending_resistance_perc base 0.0-0.0;slashing_resistance_perc base 0.35-0.35;spell_power_axii mult 0.25-0.25	bludgeoning_resistance_perc base 0.25-0.25;bonus_money add 0.05-0.05;elemental_resistance_perc base 0.0-0.0;piercing_resistance_perc base 0.25-0.25;rending_resistance_perc base 0.0-0.0;slashing_resistance_perc base 0.35-0.35;spell_power_axii mult 0.25-0.25	ok
Relic Heavy 3 armor	Impera Brigade armor	ng	bludgeoning_resistance_perc base 0.35-0.35;elemental_resistance_perc base 0.25-0.25;piercing_resistance_perc base 0.4-0.4;rending_resistance_perc base 0.0-0.0;slashing_resistance_perc base 0.4-0.4;spell_power_aard mult 0.2-0.2;staminaRegen_armor_mod mult -0.1--0.1	bludgeoning_resistance_perc base 0.35-0.35;elemental_resistance_perc base 0.25-0.25;piercing_resistance_perc base 0.4-0.4;rending_resistance_perc base 0.0-0.0;slashing_resistance_perc base 0.4-0.4;spell_power_aard mult 0.2-0.2;staminaRegen_armor_mod mult -0.1--0.1	ok
Shadaal armor	Great Sun armor	ng	bludgeoning_resistance_perc base 0.3-0.3;elemental_resistance_perc base 0.0-0.0;piercing_resistance_perc base 0.4-0.4;quen_chance_on_projectile add 0.05-0.05;rending_resistance_perc base 0.0-0.0;slashing_resistance_perc base 0.45-0.45;spell_power_quen mult 0.2-0.2;staminaRegen_armor_mod mult -0.1--0.1	bludgeoning_resistance_perc base 0.3-0.3;elemental_resistance_perc base 0.0-0.0;piercing_resistance_perc base 0.4-0.4;quen_chance_on_projectile add 0.05-0.05;rending_resistance_perc base 0.0-0.0;slashing_resistance_perc base 0.45-0.45;spell_power_quen mult 0.2-0.2;staminaRegen_armor_mod mult -0.1--0.1	ok
Shiadhal armor	Shiadhal's armor	ng	bludgeoning_resistance_perc base 0.1-0.1;burning_resistance_perc base 1-1;elemental_resistance_perc base 0.0-0.0;piercing_resistance_perc base 0.25-0.25;rending_resistance_perc base 0.0-0.0;slashing_resistance_perc base 0.25-0.25;spell_power_igni mult 0.2-0.2;staminaRegen_armor_mod mult 0.1-0.1	bludgeoning_resistance_perc base 0.1-0.1;burning_resistance_perc base 1-1;elemental_resistance_perc base 0.0-0.0;piercing_resistance_perc base 0.25-0.25;rending_resistance_perc base 0.0-0.0;slashing_resistance_perc base 0.25-0.25;spell_power_igni mult 0.2-0.2;staminaRegen_armor_mod mult 0.1-0.1	ok
Thief Armor	New Moon armor	ng	bludgeoning_resistance_perc base 0.3-0.3;bonus_money add 0.1-0.1;critical_hit_chance add 0.05-0.05;critical_hit_damage_bonus add 0.2-0.2;item_level_max add 36-36;item_level_min add 34-34;slashing_resistance_perc base 0.35-0.35	bludgeoning_resistance_perc base 0.3-0.3;bonus_money add 0.1-0.1;critical_hit_chance add 0.05-0.05;critical_hit_damage_bonus add 0.2-0.2;item_level_max add 36-36;item_level_min add 34-34;slashing_resistance_perc base 0.35-0.35	ok
Thyssen armor	Thyssen armor	ng	bludgeoning_resistance_perc base 0.2-0.2;elemental_resistance_perc base 0.0-0.0;piercing_resistance_perc base 0.2-0.2;poison_resistance_perc base 1-1;quen_chance_on_projectile add 0.05-0.05;rending_resistance_perc base 0.0-0.0;slashing_resistance_perc base 0.35-0.35	bludgeoning_resistance_perc base 0.2-0.2;elemental_resistance_perc base 0.0-0.0;piercing_resistance_perc base 0.2-0.2;poison_resistance_perc base 1-1;quen_chance_on_projectile add 0.05-0.05;rending_resistance_perc base 0.0-0.0;slashing_resistance_perc base 0.35-0.35	ok
Toussaint Armor 3	Toussaint armor	ng	bludgeoning_resistance_perc base 0.41-0.41;burning_resistance_perc base 0.25-0.25;item_level_max add 100-100;item_level_min add 40-40;piercing_resistance_perc base 0.41-0.41;slashing_resistance_perc base 0.41-0.41;staminaRegen_armor_mod mult -0.1--0.1;vitality base 450-450	bludgeoning_resistance_perc base 0.41-0.41;burning_resistance_perc base 0.25-0.25;item_level_max add 100-100;item_level_min add 40-40;piercing_resistance_perc base 0.41-0.41;slashing_resistance_perc base 0.41-0.41;staminaRegen_armor_mod mult -0.1--0.1;vitality base 450-450	ok
Zireael armor	Zireael armor	ng	bleeding_resistance_perc base 1-1;bludgeoning_resistance_perc base 0.3-0.3;elemental_resistance_perc base 0.0-0.0;piercing_resistance_perc base 0.4-0.4;rending_resistance_perc base 0.25-0.25;slashing_resistance_perc base 0.4-0.4;staminaRegen_armor_mod mult -0.1--0.1	bleeding_resistance_perc base 1-1;bludgeoning_resistance_perc base 0.3-0.3;elemental_resistance_perc base 0.0-0.0;piercing_resistance_perc base 0.4-0.4;rending_resistance_perc base 0.25-0.25;slashing_resistance_perc base 0.4-0.4;staminaRegen_armor_mod mult -0.1--0.1	ok
q108 Medium armor 10	Witch hunter's armor	ng	armor base 166-166;bludgeoning_resistance_perc base 0.3-0.3;elemental_resistance_perc base 0.1-0.1;piercing_resistance_perc base 0.3-0.3;rending_resistance_perc base 0.1-0.1;slashing_resistance_perc base 0.3-0.3	armor base 166-166;bludgeoning_resistance_perc base 0.3-0.3;elemental_resistance_perc base 0.1-0.1;piercing_resistance_perc base 0.3-0.3;rending_resistance_perc base 0.1-0.1;slashing_resistance_perc base 0.3-0.3	ok
Bear Gloves 1	Ursine gauntlets	ng	armor base 45-45;elemental_resistance_perc base 0.02-0.02;focus_gain base 0.05-0.05;piercing_resistance_perc base 0.02-0.02;rending_resistance_perc base 0.02-0.02;slashing_resistance_perc base 0.02-0.02;staminaRegen_armor_mod mult -0.02--0.02	armor base 45-45;elemental_resistance_perc base 0.02-0.02;focus_gain base 0.05-0.05;piercing_resistance_perc base 0.02-0.02;rending_resistance_perc base 0.02-0.02;slashing_resistance_perc base 0.02-0.02;staminaRegen_armor_mod mult -0.02--0.02	ok
Bear Gloves 2	Enhanced Ursine gauntlets	ng	armor base 55-55;elemental_resistance_perc base 0.03-0.03;focus_gain add 0.06-0.06;piercing_resistance_perc base 0.03-0.03;rending_resistance_perc base 0.02-0.02;slashing_resistance_perc base 0.03-0.03;staminaRegen_armor_mod mult -0.02--0.02	armor base 55-55;elemental_resistance_perc base 0.03-0.03;focus_gain add 0.06-0.06;piercing_resistance_perc base 0.03-0.03;rending_resistance_perc base 0.02-0.02;slashing_resistance_perc base 0.03-0.03;staminaRegen_armor_mod mult -0.02--0.02	ok
Bear Gloves 3	Superior Ursine gauntlets	ng	armor base 65-65;elemental_resistance_perc base 0.04-0.04;focus_gain add 0.08-0.08;piercing_resistance_perc base 0.04-0.04;rending_resistance_perc base 0.03-0.03;slashing_resistance_perc base 0.04-0.04;staminaRegen_armor_mod mult -0.02--0.02	armor base 65-65;elemental_resistance_perc base 0.04-0.04;focus_gain add 0.08-0.08;piercing_resistance_perc base 0.04-0.04;rending_resistance_perc base 0.03-0.03;slashing_resistance_perc base 0.04-0.04;staminaRegen_armor_mod mult -0.02--0.02	ok
Bear Gloves 4	Mastercrafted Ursine gauntlets	ng	armor base 73-73;elemental_resistance_perc base 0.05-0.05;focus_gain add 0.1-0.1;piercing_resistance_perc base 0.05-0.05;rending_resistance_perc base 0.03-0.03;slashing_resistance_perc base 0.05-0.05;staminaRegen_armor_mod mult -0.02--0.02	armor base 73-73;elemental_resistance_perc base 0.05-0.05;focus_gain add 0.1-0.1;piercing_resistance_perc base 0.05-0.05;rending_resistance_perc base 0.03-0.03;slashing_resistance_perc base 0.05-0.05;staminaRegen_armor_mod mult -0.02--0.02	ok
Bear Gloves 5	Grandmaster Ursine gauntlets	ng	armor base 87-87;elemental_resistance_perc base 0.06-0.06;focus_gain add 0.11-0.11;piercing_resistance_perc base 0.06-0.06;rending_resistance_perc base 0.04-0.04;slashing_resistance_perc base 0.06-0.06;staminaRegen_armor_mod mult -0.02--0.02	armor base 87-87;elemental_resistance_perc base 0.06-0.06;focus_gain add 0.11-0.11;piercing_resistance_perc base 0.06-0.06;rending_resistance_perc base 0.04-0.04;slashing_resistance_perc base 0.06-0.06;staminaRegen_armor_mod mult -0.02--0.02	ok
Gryphon Gloves 1	Griffin gauntlets	ng	armor base 27-27;elemental_resistance_perc base 0.05-0.05;piercing_resistance_perc base 0.01-0.01;rending_resistance_perc base 0.02-0.02;slashing_resistance_perc base 0.02-0.02;spell_power mult 0.05-0.05	armor base 27-27;elemental_resistance_perc base 0.05-0.05;piercing_resistance_perc base 0.01-0.01;rending_resistance_perc base 0.02-0.02;slashing_resistance_perc base 0.02-0.02;spell_power mult 0.05-0.05	ok
Gryphon Gloves 2	Enhanced Griffin gauntlets	ng	armor base 41-41;elemental_resistance_perc base 0.06-0.06;piercing_resistance_perc base 0.02-0.02;rending_resistance_perc base 0.02-0.02;slashing_resistance_perc base 0.03-0.03;spell_power mult 0.06-0.06	armor base 41-41;elemental_resistance_perc base 0.06-0.06;piercing_resistance_perc base 0.02-0.02;rending_resistance_perc base 0.02-0.02;slashing_resistance_perc base 0.03-0.03;spell_power mult 0.06-0.06	ok
Gryphon Gloves 3	Superior Griffin gauntlets	ng	armor base 57-57;elemental_resistance_perc base 0.08-0.08;piercing_resistance_perc base 0.03-0.03;rending_resistance_perc base 0.03-0.03;slashing_resistance_perc base 0.04-0.04;spell_power mult 0.08-0.08	armor base 57-57;elemental_resistance_perc base 0.08-0.08;piercing_resistance_perc base 0.03-0.03;rending_resistance_perc base 0.03-0.03;slashing_resistance_perc base 0.04-0.04;spell_power mult 0.08-0.08	ok
Gryphon Gloves 4	Mastercrafted Griffin gauntlets	ng	armor base 73-73;elemental_resistance_perc base 0.1-0.1;piercing_resistance_perc base 0.04-0.04;rending_resistance_perc base 0.03-0.03;slashing_resistance_perc base 0.05-0.05;spell_power mult 0.1-0.1	armor base 73-73;elemental_resistance_perc base 0.1-0.1;piercing_resistance_perc base 0.04-0.04;rending_resistance_perc base 0.03-0.03;slashing_resistance_perc base 0.05-0.05;spell_power mult 0.1-0.1	ok
Gryphon Gloves 5	Grandmaster Griffin gauntlets	ng	armor base 87-87;elemental_resistance_perc base 0.12-0.12;piercing_resistance_perc base 0.05-0.05;rending_resistance_perc base 0.04-0.04;slashing_resistance_perc base 0.06-0.06;spell_power mult 0.11-0.11	armor base 87-87;elemental_resistance_perc base 0.12-0.12;piercing_resistance_perc base 0.05-0.05;rending_resistance_perc base 0.04-0.04;slashing_resistance_perc base 0.06-0.06;spell_power mult 0.11-0.11	ok
Lynx Gloves 1	Feline gauntlets	ng	armor base 39-39;attack_power mult 0.05-0.05;elemental_resistance_perc base 0.05-0.05;piercing_resistance_perc base 0.01-0.01;rending_resistance_perc base 0.01-0.01;slashing_resistance_perc base 0.01-0.01;staminaRegen_armor_mod mult 0.02-0.02	armor base 39-39;attack_power mult 0.05-0.05;elemental_resistance_perc base 0.05-0.05;piercing_resistance_perc base 0.01-0.01;rending_resistance_perc base 0.01-0.01;slashing_resistance_perc base 0.01-0.01;staminaRegen_armor_mod mult 0.02-0.02	ok
Lynx Gloves 2	Enhanced Feline gauntlets	ng	armor base 51-51;attack_power mult 0.06-0.06;elemental_resistance_perc base 0.05-0.05;piercing_resistance_perc base 0.02-0.02;rending_resistance_perc base 0.01-0.01;slashing_resistance_perc base 0.02-0.02;staminaRegen_armor_mod mult 0.02-0.02	armor base 51-51;attack_power mult 0.06-0.06;elemental_resistance_perc base 0.05-0.05;piercing_resistance_perc base 0.02-0.02;rending_resistance_perc base 0.01-0.01;slashing_resistance_perc base 0.02-0.02;staminaRegen_armor_mod mult 0.02-0.02	ok
Lynx Gloves 3	Superior Feline gauntlets	ng	armor base 63-63;attack_power mult 0.08-0.08;elemental_resistance_perc base 0.05-0.05;piercing_resistance_perc base 0.03-0.03;rending_resistance_perc base 0.02-0.02;slashing_resistance_perc base 0.03-0.03;staminaRegen_armor_mod mult 0.02-0.02	armor base 63-63;attack_power mult 0.08-0.08;elemental_resistance_perc base 0.05-0.05;piercing_resistance_perc base 0.03-0.03;rending_resistance_perc base 0.02-0.02;slashing_resistance_perc base 0.03-0.03;staminaRegen_armor_mod mult 0.02-0.02	ok
Lynx Gloves 4	Mastercrafted Feline gauntlets	ng	armor base 73-73;attack_power mult 0.1-0.1;elemental_resistance_perc base 0.05-0.05;piercing_resistance_perc base 0.04-0.04;rending_resistance_perc base 0.02-0.02;slashing_resistance_perc base 0.04-0.04;staminaRegen_armor_mod mult 0.02-0.02	armor base 73-73;attack_power mult 0.1-0.1;elemental_resistance_perc base 0.05-0.05;piercing_resistance_perc base 0.04-0.04;rending_resistance_perc base 0.02-0.02;slashing_resistance_perc base 0.04-0.04;staminaRegen_armor_mod mult 0.02-0.02	ok
Lynx Gloves 5	Grandmaster Feline gauntlets	ng	armor base 87-87;attack_power mult 0.11-0.11;elemental_resistance_perc base 0.05-0.05;piercing_resistance_perc base 0.05-0.05;rending_resistance_perc base 0.03-0.03;slashing_resistance_perc base 0.05-0.05;staminaRegen_armor_mod mult 0.02-0.02	armor base 87-87;attack_power mult 0.11-0.11;elemental_resistance_perc base 0.05-0.05;piercing_resistance_perc base 0.05-0.05;rending_resistance_perc base 0.03-0.03;slashing_resistance_perc base 0.05-0.05;staminaRegen_armor_mod mult 0.02-0.02	ok
Netflix Gloves	Forgotten Wolven gauntlets	ng	armor base 46-46;elemental_resistance_perc base 0.03-0.03;piercing_resistance_perc base 0.02-0.02;rending_resistance_perc base 0.02-0.02;slashing_resistance_perc base 0.04-0.04;spell_power_aard mult 0.06-0.06	armor base 46-46;elemental_resistance_perc base 0.03-0.03;piercing_resistance_perc base 0.02-0.02;rending_resistance_perc base 0.02-0.02;slashing_resistance_perc base 0.04-0.04;spell_power_aard mult 0.06-0.06	ok
Netflix Gloves 1	Mastercrafted forgotten Wolven gauntlets	ng	armor base 74-74;elemental_resistance_perc base 0.04-0.04;piercing_resistance_perc base 0.03-0.03;rending_resistance_perc base 0.03-0.03;slashing_resistance_perc base 0.05-0.05;spell_power_aard mult 0.1-0.1	armor base 74-74;elemental_resistance_perc base 0.04-0.04;piercing_resistance_perc base 0.03-0.03;rending_resistance_perc base 0.03-0.03;slashing_resistance_perc base 0.05-0.05;spell_power_aard mult 0.1-0.1	ok
Netflix Gloves 2	Grandmaster forgotten Wolven gauntlets	ng	armor base 87-87;elemental_resistance_perc base 0.05-0.05;piercing_resistance_perc base 0.04-0.04;rending_resistance_perc base 0.04-0.04;slashing_resistance_perc base 0.06-0.06;spell_power_aard mult 0.12-0.12	armor base 87-87;elemental_resistance_perc base 0.05-0.05;piercing_resistance_perc base 0.04-0.04;rending_resistance_perc base 0.04-0.04;slashing_resistance_perc base 0.06-0.06;spell_power_aard mult 0.12-0.12	ok
Red Wolf Gloves 1	Manticore gauntlets	ng	armor base 87-87;critical_hit_chance add 0.05-0.05;elemental_resistance_perc base 0.12-0.12;piercing_resistance_perc base 0.05-0.05;slashing_resistance_perc base 0.06-0.06;toxicity base 5-5	armor base 87-87;critical_hit_chance add 0.05-0.05;elemental_resistance_perc base 0.12-0.12;piercing_resistance_perc base 0.05-0.05;slashing_resistance_perc base 0.06-0.06;toxicity base 5-5	ok
Red Wolf Gloves 2	Legendary Manticore gauntlets	ng	armor base 147-147;elemental_resistance_perc base 0.1-0.1;piercing_resistance_perc base 0.04-0.04;rending_resistance_perc base 0.04-0.04;slashing_resistance_perc base 0.05-0.05;spell_power mult 0.1-0.1	armor base 147-147;elemental_resistance_perc base 0.1-0.1;piercing_resistance_perc base 0.04-0.04;rending_resistance_perc base 0.04-0.04;slashing_resistance_perc base 0.05-0.05;spell_power mult 0.1-0.1	ok
EP1 Witcher Gloves	Viper gauntlets	ng	armor base 85-85;elemental_resistance_perc base 0.05-0.05;piercing_resistance_perc base 0.05-0.05;poison_resistance_perc base 0.1-0.1;rending_resistance_perc base 0.04-0.04;slashing_resistance_perc base 0.05-0.05	armor base 85-85;elemental_resistance_perc base 0.05-0.05;piercing_resistance_perc base 0.05-0.05;poison_resistance_perc base 0.1-0.1;rending_resistance_perc base 0.04-0.04;slashing_resistance_perc base 0.05-0.05	ok
Wolf Gloves 1	Wolven gauntlets	ng	armor base 33-33;elemental_resistance_perc base 0.05-0.05;piercing_resistance_perc base 0.01-0.01;rending_resistance_perc base 0.02-0.02;slashing_resistance_perc base 0.02-0.02;spell_power mult 0.05-0.05	armor base 33-33;elemental_resistance_perc base 0.05-0.05;piercing_resistance_perc base 0.01-0.01;rending_resistance_perc base 0.02-0.02;slashing_resistance_perc base 0.02-0.02;spell_power mult 0.05-0.05	ok
Wolf Gloves 2	Enhanced Wolven gauntlets	ng	armor base 47-47;elemental_resistance_perc base 0.06-0.06;piercing_resistance_perc base 0.02-0.02;rending_resistance_perc base 0.02-0.02;slashing_resistance_perc base 0.03-0.03;spell_power mult 0.06-0.06	armor base 47-47;elemental_resistance_perc base 0.06-0.06;piercing_resistance_perc base 0.02-0.02;rending_resistance_perc base 0.02-0.02;slashing_resistance_perc base 0.03-0.03;spell_power mult 0.06-0.06	ok
Wolf Gloves 3	Superior Wolven gauntlets	ng	armor base 63-63;elemental_resistance_perc base 0.08-0.08;piercing_resistance_perc base 0.03-0.03;rending_resistance_perc base 0.03-0.03;slashing_resistance_perc base 0.04-0.04;spell_power mult 0.08-0.08	armor base 63-63;elemental_resistance_perc base 0.08-0.08;piercing_resistance_perc base 0.03-0.03;rending_resistance_perc base 0.03-0.03;slashing_resistance_perc base 0.04-0.04;spell_power mult 0.08-0.08	ok
Wolf Gloves 4	Mastercrafted Wolven gauntlets	ng	armor base 73-73;elemental_resistance_perc base 0.1-0.1;piercing_resistance_perc base 0.04-0.04;rending_resistance_perc base 0.03-0.03;slashing_resistance_perc base 0.05-0.05;spell_power mult 0.1-0.1	armor base 73-73;elemental_resistance_perc base 0.1-0.1;piercing_resistance_perc base 0.04-0.04;rending_resistance_perc base 0.03-0.03;slashing_resistance_perc base 0.05-0.05;spell_power mult 0.1-0.1	ok
Wolf Gloves 5	Grandmaster Wolven gauntlets	ng	armor base 87-87;elemental_resistance_perc base 0.12-0.12;piercing_resistance_perc base 0.05-0.05;rending_resistance_perc base 0.04-0.04;slashing_resistance_perc base 0.06-0.06;spell_power mult 0.11-0.11	armor base 87-87;elemental_resistance_perc base 0.12-0.12;piercing_resistance_perc base 0.05-0.05;rending_resistance_perc base 0.04-0.04;slashing_resistance_perc base 0.06-0.06;spell_power mult 0.11-0.11	ok
q702_vampire_gloves	Tesham Mutna gauntlets	ng	armor base 84-84;bleeding_resistance_perc base 0.25-0.25;bludgeoning_resistance_perc base 0.02-0.02;piercing_resistance_perc base 0.04-0.04;rending_resistance_perc base 0.03-0.03;slashing_resistance_perc base 0.04-0.04;staminaRegen_armor_mod mult -0.02--0.02	armor base 84-84;bleeding_resistance_perc base 0.25-0.25;bludgeoning_resistance_perc base 0.02-0.02;piercing_resistance_perc base 0.04-0.04;rending_resistance_perc base 0.03-0.03;slashing_resistance_perc base 0.04-0.04;staminaRegen_armor_mod mult -0.02--0.02	ok
q704_vampire_gloves	Hen Gaidth gauntlets	ng	bleeding_resistance_perc base 0.25-0.25;bludgeoning_resistance_perc base 0.05-0.05;item_level_max add 100-100;item_level_min add 40-40;piercing_resistance_perc base 0.06-0.06;rending_resistance_perc base 0.04-0.04;slashing_resistance_perc base 0.05-0.05;staminaRegen_armor_mod mult -0.02--0.02	bleeding_resistance_perc base 0.25-0.25;bludgeoning_resistance_perc base 0.05-0.05;item_level_max add 100-100;item_level_min add 40-40;piercing_resistance_perc base 0.06-0.06;rending_resistance_perc base 0.04-0.04;slashing_resistance_perc base 0.05-0.05;staminaRegen_armor_mod mult -0.02--0.02	ok
Scarlet Crest Gauntlets	Scarlet Crest gauntlets	ng	armor base 83-83;bludgeoning_resistance_perc base 0.07-0.07;focus_gain base 0.03-0.03;piercing_resistance_perc base 0.06-0.06;slashing_resistance_perc base 0.05-0.05;spell_power_quen mult 0.05-0.05	armor base 83-83;bludgeoning_resistance_perc base 0.07-0.07;focus_gain base 0.03-0.03;piercing_resistance_perc base 0.06-0.06;slashing_resistance_perc base 0.05-0.05;spell_power_quen mult 0.05-0.05	ok
Dol Blathanna Gloves	Gauntlets of a Thousand Flowers	ng	armor base 18-18;bludgeoning_resistance_perc base 0.01-0.01;piercing_resistance_perc base 0.01-0.01;rending_resistance_perc base 0.01-0.01;slashing_resistance_perc base 0.02-0.02;spell_power_aard mult 0.05-0.05;spell_power_igni mult 0.05-0.05	armor base 18-18;bludgeoning_resistance_perc base 0.01-0.01;piercing_resistance_perc base 0.01-0.01;rending_resistance_perc base 0.01-0.01;slashing_resistance_perc base 0.02-0.02;spell_power_aard mult 0.05-0.05;spell_power_igni mult 0.05-0.05	ok
White Tiger Gloves	White Tiger of the West vambraces	ng	armor base 25-25;bludgeoning_resistance_perc base 0.01-0.01;piercing_resistance_perc base 0.01-0.01;poison_resistance_perc base 0.05-0.05;slashing_resistance_perc base 0.03-0.03	armor base 25-25;bludgeoning_resistance_perc base 0.01-0.01;piercing_resistance_perc base 0.01-0.01;poison_resistance_perc base 0.05-0.05;slashing_resistance_perc base 0.03-0.03	ok
DLC1 Temerian Gloves	Temerian Gauntlets	ng	armor base 11-11;bludgeoning_resistance_perc base 0.02-0.02;elemental_resistance_perc base 0.01-0.01;piercing_resistance_perc base 0.02-0.02;rending_resistance_perc base 0.01-0.01;slashing_resistance_perc base 0.02-0.02;staminaRegen_armor_mod mult 0.02-0.02	armor base 11-11;bludgeoning_resistance_perc base 0.02-0.02;elemental_resistance_perc base 0.01-0.01;piercing_resistance_perc base 0.02-0.02;rending_resistance_perc base 0.01-0.01;slashing_resistance_perc base 0.02-0.02;staminaRegen_armor_mod mult 0.02-0.02	ok
DLC14 Skellige Gloves	Undvik Gauntlets	ng	armor base 35-35;bludgeoning_resistance_perc base 0.05-0.05;elemental_resistance_perc base 0.01-0.01;piercing_resistance_perc base 0.05-0.05;rending_resistance_perc base 0.01-0.01;slashing_resistance_perc base 0.05-0.05;staminaRegen_armor_mod mult -0.02--0.02	armor base 35-35;bludgeoning_resistance_perc base 0.05-0.05;elemental_resistance_perc base 0.01-0.01;piercing_resistance_perc base 0.05-0.05;rending_resistance_perc base 0.01-0.01;slashing_resistance_perc base 0.05-0.05;staminaRegen_armor_mod mult -0.02--0.02	ok
DLC5 Nilfgaardian Gloves	Nilfgaardian Gauntlets	ng	armor base 23-23;bludgeoning_resistance_perc base 0.02-0.02;elemental_resistance_perc base 0.01-0.01;piercing_resistance_perc base 0.02-0.02;rending_resistance_perc base 0.01-0.01;slashing_resistance_perc base 0.02-0.02	armor base 23-23;bludgeoning_resistance_perc base 0.02-0.02;elemental_resistance_perc base 0.01-0.01;piercing_resistance_perc base 0.02-0.02;rending_resistance_perc base 0.01-0.01;slashing_resistance_perc base 0.02-0.02	ok
Crafted Burning Rose Gloves	Order of the Flaming Rose gauntlets	ng	armor base 77-77;bludgeoning_resistance_perc base 0.06-0.06;burning_resistance_perc base 0.1-0.1;elemental_resistance_perc base 0.1-0.1;piercing_resistance_perc base 0.06-0.06;slashing_resistance_perc base 0.06-0.06;staminaRegen_armor_mod mult -0.02--0.02	armor base 77-77;bludgeoning_resistance_perc base 0.06-0.06;burning_resistance_perc base 0.1-0.1;elemental_resistance_perc base 0.1-0.1;piercing_resistance_perc base 0.06-0.06;slashing_resistance_perc base 0.06-0.06;staminaRegen_armor_mod mult -0.02--0.02	ok
Crafted Ofir Gloves	Ofieri gauntlets	ng	armor base 81-81;bludgeoning_resistance_perc base 0.05-0.05;slashing_resistance_perc base 0.05-0.05;spell_power_aard mult 0.1-0.1;spell_power_axii mult 0.2-0.2;spell_power_igni mult 0.1-0.1;staminaRegen_armor_mod mult 0.02-0.02	armor base 81-81;bludgeoning_resistance_perc base 0.05-0.05;slashing_resistance_perc base 0.05-0.05;spell_power_aard mult 0.1-0.1;spell_power_axii mult 0.2-0.2;spell_power_igni mult 0.1-0.1;staminaRegen_armor_mod mult 0.02-0.02	ok
Gloves 04	Assassin's gauntlets	ng	bludgeoning_resistance_perc base 0.02-0.02;bonus_herb_chance add 0.05-0.05;critical_hit_chance add 0.1-0.1;elemental_resistance_perc base 0.0-0.0;piercing_resistance_perc base 0.02-0.02;rending_resistance_perc base 0.0-0.0;slashing_resistance_perc base 0.05-0.05;staminaRegen_armor_mod mult 0.02-0.02	bludgeoning_resistance_perc base 0.02-0.02;bonus_herb_chance add 0.05-0.05;critical_hit_chance add 0.1-0.1;elemental_resistance_perc base 0.0-0.0;piercing_resistance_perc base 0.02-0.02;rending_resistance_perc base 0.0-0.0;slashing_resistance_perc base 0.05-0.05;staminaRegen_armor_mod mult 0.02-0.02	ok
Guard Lvl1 A Gloves 3	Toussaint Color Guardsman's gauntlets	ng	armor base 89-89;bleeding_resistance_perc base 0.15-0.15;bludgeoning_resistance_perc base 0.05-0.05;piercing_resistance_perc base 0.04-0.04;slashing_resistance_perc base 0.05-0.05;staminaRegen_armor_mod mult 0.03-0.03;vitality base 300-300	armor base 89-89;bleeding_resistance_perc base 0.15-0.15;bludgeoning_resistance_perc base 0.05-0.05;piercing_resistance_perc base 0.04-0.04;slashing_resistance_perc base 0.05-0.05;staminaRegen_armor_mod mult 0.03-0.03;vitality base 300-300	ok
Guard Lvl1 Gloves 3	Toussaint Ducal Guardsman's gauntlets	ng	armor base 87-87;bleeding_resistance_perc base 0.1-0.1;bludgeoning_resistance_perc base 0.05-0.05;piercing_resistance_perc base 0.03-0.03;slashing_resistance_perc base 0.05-0.05;staminaRegen_armor_mod mult 0.03-0.03;vitality base 250-250	armor base 87-87;bleeding_resistance_perc base 0.1-0.1;bludgeoning_resistance_perc base 0.05-0.05;piercing_resistance_perc base 0.03-0.03;slashing_resistance_perc base 0.05-0.05;staminaRegen_armor_mod mult 0.03-0.03;vitality base 250-250	ok
Guard Lvl2 A Gloves 3	Toussaint Ducal Guard Captain's gauntlets	ng	armor base 95-95;bludgeoning_resistance_perc base 0.04-0.04;piercing_resistance_perc base 0.05-0.05;poison_resistance_perc base 0.15-0.15;slashing_resistance_perc base 0.05-0.05;vitality base 400-400	armor base 95-95;bludgeoning_resistance_perc base 0.04-0.04;piercing_resistance_perc base 0.05-0.05;poison_resistance_perc base 0.15-0.15;slashing_resistance_perc base 0.05-0.05;vitality base 400-400	ok
Guard Lvl2 Gloves 3	Toussaint Ducal Guard Officer's gauntlets	ng	armor base 93-93;bludgeoning_resistance_perc base 0.03-0.03;piercing_resistance_perc base 0.05-0.05;poison_resistance_perc base 0.1-0.1;slashing_resistance_perc base 0.05-0.05;vitality base 350-350	armor base 93-93;bludgeoning_resistance_perc base 0.03-0.03;piercing_resistance_perc base 0.05-0.05;poison_resistance_perc base 0.1-0.1;slashing_resistance_perc base 0.05-0.05;vitality base 350-350	ok
Heavy gloves 04	Nilfgaardian guardsman's gauntlets	ng	bludgeoning_resistance_perc base 0.05-0.05;critical_hit_damage_bonus add 0.5-0.5;elemental_resistance_perc base 0.0-0.0;piercing_resistance_perc base 0.05-0.05;rending_resistance_perc base 0.05-0.05;slashing_resistance_perc base 0.05-0.05;staminaRegen_armor_mod mult -0.02--0.02	bludgeoning_resistance_perc base 0.05-0.05;critical_hit_damage_bonus add 0.5-0.5;elemental_resistance_perc base 0.0-0.0;piercing_resistance_perc base 0.05-0.05;rending_resistance_perc base 0.05-0.05;slashing_resistance_perc base 0.05-0.05;staminaRegen_armor_mod mult -0.02--0.02	ok
Heavy gloves 04 Netflix	Nilfgaardian guardsman's gauntlets	ng	bludgeoning_resistance_perc base 0.05-0.05;critical_hit_damage_bonus add 0.5-0.5;elemental_resistance_perc base 0.0-0.0;piercing_resistance_perc base 0.05-0.05;rending_resistance_perc base 0.05-0.05;slashing_resistance_perc base 0.05-0.05;staminaRegen_armor_mod mult -0.02--0.02	bludgeoning_resistance_perc base 0.05-0.05;critical_hit_damage_bonus add 0.5-0.5;elemental_resistance_perc base 0.0-0.0;piercing_resistance_perc base 0.05-0.05;rending_resistance_perc base 0.05-0.05;slashing_resistance_perc base 0.05-0.05;staminaRegen_armor_mod mult -0.02--0.02	ok
Knight Geralt A Gloves 3	Toussaint knight's tourney gauntlets	ng	armor base 101-101;bleeding_resistance_perc base 0.4-0.4;bludgeoning_resistance_perc base 0.07-0.07;piercing_resistance_perc base 0.07-0.07;slashing_resistance_perc base 0.07-0.07;staminaRegen_armor_mod mult -0.02--0.02;vitality base 500-500	armor base 101-101;bleeding_resistance_perc base 0.4-0.4;bludgeoning_resistance_perc base 0.07-0.07;piercing_resistance_perc base 0.07-0.07;slashing_resistance_perc base 0.07-0.07;staminaRegen_armor_mod mult -0.02--0.02;vitality base 500-500	ok
Knight Geralt Gloves 3	Toussaint knight's gauntlets	ng	armor base 99-99;bleeding_resistance_perc base 0.25-0.25;bludgeoning_resistance_perc base 0.06-0.06;piercing_resistance_perc base 0.06-0.06;slashing_resistance_perc base 0.06-0.06;staminaRegen_armor_mod mult -0.02--0.02;vitality base 450-450	armor base 99-99;bleeding_resistance_perc base 0.25-0.25;bludgeoning_resistance_perc base 0.06-0.06;piercing_resistance_perc base 0.06-0.06;slashing_resistance_perc base 0.06-0.06;staminaRegen_armor_mod mult -0.02--0.02;vitality base 450-450	ok
Thief Gloves	New Moon gauntlets	ng	bludgeoning_resistance_perc base 0.05-0.05;bonus_money add 0.05-0.05;critical_hit_chance add 0.03-0.03;critical_hit_damage_bonus add 0.2-0.2;item_level_max add 36-36;item_level_min add 34-34;slashing_resistance_perc base 0.05-0.05	bludgeoning_resistance_perc base 0.05-0.05;bonus_money add 0.05-0.05;critical_hit_chance add 0.03-0.03;critical_hit_damage_bonus add 0.2-0.2;item_level_max add 36-36;item_level_min add 34-34;slashing_resistance_perc base 0.05-0.05	ok
Toussaint Gloves 3	Toussaint gauntlets	ng	bludgeoning_resistance_perc base 0.06-0.06;burning_resistance_perc base 0.25-0.25;item_level_max add 100-100;item_level_min add 40-40;piercing_resistance_perc base 0.06-0.06;slashing_resistance_perc base 0.06-0.06;staminaRegen_armor_mod mult -0.02--0.02;vitality base 450-450	bludgeoning_resistance_perc base 0.06-0.06;burning_resistance_perc base 0.25-0.25;item_level_max add 100-100;item_level_min add 40-40;piercing_resistance_perc base 0.06-0.06;slashing_resistance_perc base 0.06-0.06;staminaRegen_armor_mod mult -0.02--0.02;vitality base 450-450	ok
Bear Pants 1	Ursine trousers	ng	armor base 49-49;elemental_resistance_perc base 0.05-0.05;focus_gain base 0.05-0.05;piercing_resistance_perc base 0.02-0.02;rending_resistance_perc base 0.07-0.07;slashing_resistance_perc base 0.07-0.07;staminaRegen_armor_mod mult -0.1--0.1	armor base 49-49;elemental_resistance_perc base 0.05-0.05;focus_gain base 0.05-0.05;piercing_resistance_perc base 0.02-0.02;rending_resistance_perc base 0.07-0.07;slashing_resistance_perc base 0.07-0.07;staminaRegen_armor_mod mult -0.1--0.1	ok
Bear Pants 2	Enhanced Ursine trousers	ng	armor base 59-59;elemental_resistance_perc base 0.1-0.1;focus_gain base 0.06-0.06;piercing_resistance_perc base 0.03-0.03;rending_resistance_perc base 0.08-0.08;slashing_resistance_perc base 0.08-0.08;staminaRegen_armor_mod mult -0.1--0.1	armor base 59-59;elemental_resistance_perc base 0.1-0.1;focus_gain base 0.06-0.06;piercing_resistance_perc base 0.03-0.03;rending_resistance_perc base 0.08-0.08;slashing_resistance_perc base 0.08-0.08;staminaRegen_armor_mod mult -0.1--0.1	ok
Bear Pants 3	Superior Ursine trousers	ng	armor base 69-69;elemental_resistance_perc base 0.15-0.15;focus_gain base 0.08-0.08;piercing_resistance_perc base 0.04-0.04;rending_resistance_perc base 0.08-0.08;slashing_resistance_perc base 0.09-0.09;staminaRegen_armor_mod mult -0.1--0.1	armor base 69-69;elemental_resistance_perc base 0.15-0.15;focus_gain base 0.08-0.08;piercing_resistance_perc base 0.04-0.04;rending_resistance_perc base 0.08-0.08;slashing_resistance_perc base 0.09-0.09;staminaRegen_armor_mod mult -0.1--0.1	ok
Bear Pants 4	Mastercrafted Ursine trousers	ng	armor base 77-77;elemental_resistance_perc base 0.2-0.2;focus_gain base 0.1-0.1;piercing_resistance_perc base 0.05-0.05;rending_resistance_perc base 0.09-0.09;slashing_resistance_perc base 0.1-0.1;staminaRegen_armor_mod mult -0.1--0.1	armor base 77-77;elemental_resistance_perc base 0.2-0.2;focus_gain base 0.1-0.1;piercing_resistance_perc base 0.05-0.05;rending_resistance_perc base 0.09-0.09;slashing_resistance_perc base 0.1-0.1;staminaRegen_armor_mod mult -0.1--0.1	ok
Bear Pants 5	Grandmaster Ursine trousers	ng	armor base 91-91;elemental_resistance_perc base 0.25-0.25;focus_gain base 0.11-0.11;piercing_resistance_perc base 0.06-0.06;rending_resistance_perc base 0.1-0.1;slashing_resistance_perc base 0.11-0.11;staminaRegen_armor_mod mult -0.1--0.1	armor base 91-91;elemental_resistance_perc base 0.25-0.25;focus_gain base 0.11-0.11;piercing_resistance_perc base 0.06-0.06;rending_resistance_perc base 0.1-0.1;slashing_resistance_perc base 0.11-0.11;staminaRegen_armor_mod mult -0.1--0.1	ok
Gryphon Pants 1	Griffin trousers	ng	armor base 31-31;elemental_resistance_perc base 0.17-0.17;piercing_resistance_perc base 0.02-0.02;rending_resistance_perc base 0.05-0.05;slashing_resistance_perc base 0.05-0.05;spell_power mult 0.05-0.05	armor base 31-31;elemental_resistance_perc base 0.17-0.17;piercing_resistance_perc base 0.02-0.02;rending_resistance_perc base 0.05-0.05;slashing_resistance_perc base 0.05-0.05;spell_power mult 0.05-0.05	ok
Gryphon Pants 2	Enhanced Griffin trousers	ng	armor base 45-45;elemental_resistance_perc base 0.19-0.19;piercing_resistance_perc base 0.03-0.03;rending_resistance_perc base 0.05-0.05;slashing_resistance_perc base 0.06-0.06;spell_power mult 0.06-0.06	armor base 45-45;elemental_resistance_perc base 0.19-0.19;piercing_resistance_perc base 0.03-0.03;rending_resistance_perc base 0.05-0.05;slashing_resistance_perc base 0.06-0.06;spell_power mult 0.06-0.06	ok
Gryphon Pants 3	Superior Griffin trousers	ng	armor base 61-61;elemental_resistance_perc base 0.23-0.23;piercing_resistance_perc base 0.04-0.04;rending_resistance_perc base 0.06-0.06;slashing_resistance_perc base 0.07-0.07;spell_power mult 0.08-0.08	armor base 61-61;elemental_resistance_perc base 0.23-0.23;piercing_resistance_perc base 0.04-0.04;rending_resistance_perc base 0.06-0.06;slashing_resistance_perc base 0.07-0.07;spell_power mult 0.08-0.08	ok
Gryphon Pants 4	Mastercrafted Griffin trousers	ng	armor base 77-77;elemental_resistance_perc base 0.3-0.3;piercing_resistance_perc base 0.05-0.05;rending_resistance_perc base 0.07-0.07;slashing_resistance_perc base 0.08-0.08;spell_power mult 0.1-0.1	armor base 77-77;elemental_resistance_perc base 0.3-0.3;piercing_resistance_perc base 0.05-0.05;rending_resistance_perc base 0.07-0.07;slashing_resistance_perc base 0.08-0.08;spell_power mult 0.1-0.1	ok
Gryphon Pants 5	Grandmaster Griffin trousers	ng	armor base 91-91;elemental_resistance_perc base 0.33-0.33;piercing_resistance_perc base 0.06-0.06;rending_resistance_perc base 0.08-0.08;slashing_resistance_perc base 0.09-0.09;spell_power mult 0.11-0.11	armor base 91-91;elemental_resistance_perc base 0.33-0.33;piercing_resistance_perc base 0.06-0.06;rending_resistance_perc base 0.08-0.08;slashing_resistance_perc base 0.09-0.09;spell_power mult 0.11-0.11	ok
Lynx Pants 1	Feline trousers	ng	armor base 43-43;attack_power mult 0.05-0.05;elemental_resistance_perc base 0.07-0.07;piercing_resistance_perc base 0.01-0.01;rending_resistance_perc base 0.03-0.03;slashing_resistance_perc base 0.03-0.03;staminaRegen_armor_mod mult 0.1-0.1	armor base 43-43;attack_power mult 0.05-0.05;elemental_resistance_perc base 0.07-0.07;piercing_resistance_perc base 0.01-0.01;rending_resistance_perc base 0.03-0.03;slashing_resistance_perc base 0.03-0.03;staminaRegen_armor_mod mult 0.1-0.1	ok
Lynx Pants 2	Enhanced Feline trousers	ng	armor base 55-55;attack_power mult 0.06-0.06;elemental_resistance_perc base 0.07-0.07;piercing_resistance_perc base 0.02-0.02;rending_resistance_perc base 0.04-0.04;slashing_resistance_perc base 0.04-0.04;staminaRegen_armor_mod mult 0.1-0.1	armor base 55-55;attack_power mult 0.06-0.06;elemental_resistance_perc base 0.07-0.07;piercing_resistance_perc base 0.02-0.02;rending_resistance_perc base 0.04-0.04;slashing_resistance_perc base 0.04-0.04;staminaRegen_armor_mod mult 0.1-0.1	ok
Lynx Pants 3	Superior Feline trousers	ng	armor base 67-67;attack_power mult 0.08-0.08;elemental_resistance_perc base 0.12-0.12;piercing_resistance_perc base 0.03-0.03;rending_resistance_perc base 0.05-0.05;slashing_resistance_perc base 0.05-0.05;staminaRegen_armor_mod mult 0.1-0.1	armor base 67-67;attack_power mult 0.08-0.08;elemental_resistance_perc base 0.12-0.12;piercing_resistance_perc base 0.03-0.03;rending_resistance_perc base 0.05-0.05;slashing_resistance_perc base 0.05-0.05;staminaRegen_armor_mod mult 0.1-0.1	ok
Lynx Pants 4	Mastercrafted Feline trousers	ng	armor base 77-77;attack_power mult 0.1-0.1;elemental_resistance_perc base 0.13-0.13;piercing_resistance_perc base 0.04-0.04;rending_resistance_perc base 0.06-0.06;slashing_resistance_perc base 0.06-0.06;staminaRegen_armor_mod mult 0.1-0.1	armor base 77-77;attack_power mult 0.1-0.1;elemental_resistance_perc base 0.13-0.13;piercing_resistance_perc base 0.04-0.04;rending_resistance_perc base 0.06-0.06;slashing_resistance_perc base 0.06-0.06;staminaRegen_armor_mod mult 0.1-0.1	ok
Lynx Pants 5	Grandmaster Feline trousers	ng	armor base 91-91;attack_power mult 0.11-0.11;elemental_resistance_perc base 0.11-0.11;piercing_resistance_perc base 0.05-0.05;rending_resistance_perc base 0.07-0.07;slashing_resistance_perc base 0.07-0.07;staminaRegen_armor_mod mult 0.1-0.1	armor base 91-91;attack_power mult 0.11-0.11;elemental_resistance_perc base 0.11-0.11;piercing_resistance_perc base 0.05-0.05;rending_resistance_perc base 0.07-0.07;slashing_resistance_perc base 0.07-0.07;staminaRegen_armor_mod mult 0.1-0.1	ok
Netflix Pants	Forgotten Wolven trousers	ng	armor base 49-49;elemental_resistance_perc base 0.15-0.15;rending_resistance_perc base 0.07-0.07;slashing_resistance_perc base 0.06-0.06;spell_power base 0.05-0.05;staminaRegen_armor_mod mult 0.05-0.05	armor base 49-49;elemental_resistance_perc base 0.15-0.15;rending_resistance_perc base 0.07-0.07;slashing_resistance_perc base 0.06-0.06;spell_power base 0.05-0.05;staminaRegen_armor_mod mult 0.05-0.05	ok
Netflix Pants 1	Mastercrafted forgotten Wolven trousers	ng	armor base 78-78;elemental_resistance_perc base 0.25-0.25;rending_resistance_perc base 0.1-0.1;slashing_resistance_perc base 0.08-0.08;spell_power base 0.1-0.1;staminaRegen_armor_mod mult 0.15-0.15	armor base 78-78;elemental_resistance_perc base 0.25-0.25;rending_resistance_perc base 0.1-0.1;slashing_resistance_perc base 0.08-0.08;spell_power base 0.1-0.1;staminaRegen_armor_mod mult 0.15-0.15	ok
Netflix Pants 2	Grandmaster forgotten Wolven trousers	ng	armor base 92-92;elemental_resistance_perc base 0.25-0.25;rending_resistance_perc base 0.1-0.1;slashing_resistance_perc base 0.08-0.08;spell_power base 0.12-0.12;staminaRegen_armor_mod mult 0.17-0.17	armor base 92-92;elemental_resistance_perc base 0.25-0.25;rending_resistance_perc base 0.1-0.1;slashing_resistance_perc base 0.08-0.08;spell_power base 0.12-0.12;staminaRegen_armor_mod mult 0.17-0.17	ok
Red Wolf Pants 1	Manticore trousers	ng	armor base 91-91;critical_hit_chance add 0.05-0.05;elemental_resistance_perc base 0.33-0.33;rending_resistance_perc base 0.08-0.08;slashing_resistance_perc base 0.09-0.09;toxicity base 5-5	armor base 91-91;critical_hit_chance add 0.05-0.05;elemental_resistance_perc base 0.33-0.33;rending_resistance_perc base 0.08-0.08;slashing_resistance_perc base 0.09-0.09;toxicity base 5-5	ok
Red Wolf Pants 2	Legendary Manticore trousers	ng	armor base 151-151;attack_power mult 0.1-0.1;elemental_resistance_perc base 0.3-0.3;rending_resistance_perc base 0.08-0.08;slashing_resistance_perc base 0.08-0.08;spell_power mult 0.1-0.1	armor base 151-151;attack_power mult 0.1-0.1;elemental_resistance_perc base 0.3-0.3;rending_resistance_perc base 0.08-0.08;slashing_resistance_perc base 0.08-0.08;spell_power mult 0.1-0.1	ok
EP1 Witcher Pants	Viper trousers	ng	armor base 89-89;elemental_resistance_perc base 0.1-0.1;piercing_resistance_perc base 0.1-0.1;poison_resistance_perc base 0.3-0.3;rending_resistance_perc base 0.08-0.08;slashing_resistance_perc base 0.1-0.1	armor base 89-89;elemental_resistance_perc base 0.1-0.1;piercing_resistance_perc base 0.1-0.1;poison_resistance_perc base 0.3-0.3;rending_resistance_perc base 0.08-0.08;slashing_resistance_perc base 0.1-0.1	ok
Wolf Pants 1	Wolven trousers	ng	armor base 37-37;attack_power mult 0.05-0.05;elemental_resistance_perc base 0.17-0.17;rending_resistance_perc base 0.05-0.05;slashing_resistance_perc base 0.05-0.05;spell_power mult 0.05-0.05	armor base 37-37;attack_power mult 0.05-0.05;elemental_resistance_perc base 0.17-0.17;rending_resistance_perc base 0.05-0.05;slashing_resistance_perc base 0.05-0.05;spell_power mult 0.05-0.05	ok
Wolf Pants 2	Enhanced Wolven trousers	ng	armor base 51-51;attack_power mult 0.06-0.06;elemental_resistance_perc base 0.19-0.19;rending_resistance_perc base 0.05-0.05;slashing_resistance_perc base 0.06-0.06;spell_power mult 0.06-0.06	armor base 51-51;attack_power mult 0.06-0.06;elemental_resistance_perc base 0.19-0.19;rending_resistance_perc base 0.05-0.05;slashing_resistance_perc base 0.06-0.06;spell_power mult 0.06-0.06	ok
Wolf Pants 3	Superior Wolven trousers	ng	armor base 67-67;attack_power mult 0.08-0.08;elemental_resistance_perc base 0.23-0.23;rending_resistance_perc base 0.06-0.06;slashing_resistance_perc base 0.07-0.07;spell_power mult 0.08-0.08	armor base 67-67;attack_power mult 0.08-0.08;elemental_resistance_perc base 0.23-0.23;rending_resistance_perc base 0.06-0.06;slashing_resistance_perc base 0.07-0.07;spell_power mult 0.08-0.08	ok
Wolf Pants 4	Mastercrafted Wolven trousers	ng	armor base 77-77;attack_power mult 0.1-0.1;elemental_resistance_perc base 0.3-0.3;rending_resistance_perc base 0.07-0.07;slashing_resistance_perc base 0.08-0.08;spell_power mult 0.1-0.1	armor base 77-77;attack_power mult 0.1-0.1;elemental_resistance_perc base 0.3-0.3;rending_resistance_perc base 0.07-0.07;slashing_resistance_perc base 0.08-0.08;spell_power mult 0.1-0.1	ok
Wolf Pants 5	Grandmaster Wolven trousers	ng	armor base 91-91;attack_power mult 0.11-0.11;elemental_resistance_perc base 0.33-0.33;rending_resistance_perc base 0.08-0.08;slashing_resistance_perc base 0.09-0.09;spell_power mult 0.11-0.11	armor base 91-91;attack_power mult 0.11-0.11;elemental_resistance_perc base 0.33-0.33;rending_resistance_perc base 0.08-0.08;slashing_resistance_perc base 0.09-0.09;spell_power mult 0.11-0.11	ok
q702_vampire_pants	Tesham Mutna trousers	ng	armor base 87-87;bludgeoning_resistance_perc base 0.1-0.1;burning_resistance_perc base 0.25-0.25;piercing_resistance_perc base 0.12-0.12;rending_resistance_perc base 0.09-0.09;slashing_resistance_perc base 0.12-0.12;staminaRegen_armor_mod mult -0.1--0.1	armor base 87-87;bludgeoning_resistance_perc base 0.1-0.1;burning_resistance_perc base 0.25-0.25;piercing_resistance_perc base 0.12-0.12;rending_resistance_perc base 0.09-0.09;slashing_resistance_perc base 0.12-0.12;staminaRegen_armor_mod mult -0.1--0.1	ok
q704_vampire_pants	Hen Gaidth trousers	ng	bludgeoning_resistance_perc base 0.12-0.12;burning_resistance_perc base 0.25-0.25;item_level_max add 100-100;item_level_min add 40-40;piercing_resistance_perc base 0.16-0.16;rending_resistance_perc base 0.1-0.1;slashing_resistance_perc base 0.14-0.14;staminaRegen_armor_mod mult -0.1--0.1	bludgeoning_resistance_perc base 0.12-0.12;burning_resistance_perc base 0.25-0.25;item_level_max add 100-100;item_level_min add 40-40;piercing_resistance_perc base 0.16-0.16;rending_resistance_perc base 0.1-0.1;slashing_resistance_perc base 0.14-0.14;staminaRegen_armor_mod mult -0.1--0.1	ok
Scarlet Crest Trousers	Scarlet Crest trousers	ng	armor base 87-87;bludgeoning_resistance_perc base 0.08-0.08;focus_gain base 0.05-0.05;piercing_resistance_perc base 0.05-0.05;slashing_resistance_perc base 0.04-0.04;spell_power_quen mult 0.1-0.1	armor base 87-87;bludgeoning_resistance_perc base 0.08-0.08;focus_gain base 0.05-0.05;piercing_resistance_perc base 0.05-0.05;slashing_resistance_perc base 0.04-0.04;spell_power_quen mult 0.1-0.1	ok
Dol Blathanna Pants	Trousers of a Thousand Flowers	ng	armor base 21-21;bludgeoning_resistance_perc base 0.01-0.01;piercing_resistance_perc base 0.02-0.02;rending_resistance_perc base 0.04-0.04;slashing_resistance_perc base 0.04-0.04	armor base 21-21;bludgeoning_resistance_perc base 0.01-0.01;piercing_resistance_perc base 0.02-0.02;rending_resistance_perc base 0.04-0.04;slashing_resistance_perc base 0.04-0.04	ok
White Tiger Pants	White Tiger of the West trousers	ng	armor base 30-30;bludgeoning_resistance_perc base 0.03-0.03;focus_gain base 0.05-0.05;piercing_resistance_perc base 0.03-0.03;rending_resistance_perc base 0.06-0.06;slashing_resistance_perc base 0.06-0.06	armor base 30-30;bludgeoning_resistance_perc base 0.03-0.03;focus_gain base 0.05-0.05;piercing_resistance_perc base 0.03-0.03;rending_resistance_perc base 0.06-0.06;slashing_resistance_perc base 0.06-0.06	ok
DLC1 Temerian Pants	Temerian Trousers	ng	armor base 15-15;bludgeoning_resistance_perc base 0.05-0.05;elemental_resistance_perc base 0.03-0.03;piercing_resistance_perc base 0.05-0.05;rending_resistance_perc base 0.03-0.03;slashing_resistance_perc base 0.05-0.05;staminaRegen_armor_mod mult 0.1-0.1	armor base 15-15;bludgeoning_resistance_perc base 0.05-0.05;elemental_resistance_perc base 0.03-0.03;piercing_resistance_perc base 0.05-0.05;rending_resistance_perc base 0.03-0.03;slashing_resistance_perc base 0.05-0.05;staminaRegen_armor_mod mult 0.1-0.1	ok
DLC14 Skellige Pants	Undvik Trousers	ng	armor base 39-39;bludgeoning_resistance_perc base 0.1-0.1;elemental_resistance_perc base 0.03-0.03;piercing_resistance_perc base 0.1-0.1;rending_resistance_perc base 0.03-0.03;slashing_resistance_perc base 0.1-0.1;staminaRegen_armor_mod mult -0.1--0.1	armor base 39-39;bludgeoning_resistance_perc base 0.1-0.1;elemental_resistance_perc base 0.03-0.03;piercing_resistance_perc base 0.1-0.1;rending_resistance_perc base 0.03-0.03;slashing_resistance_perc base 0.1-0.1;staminaRegen_armor_mod mult -0.1--0.1	ok
DLC5 Nilfgaardian Pants	Nilfgaardian Trousers	ng	armor base 27-27;bludgeoning_resistance_perc base 0.1-0.1;elemental_resistance_perc base 0.03-0.03;piercing_resistance_perc base 0.1-0.1;rending_resistance_perc base 0.03-0.03;slashing_resistance_perc base 0.1-0.1	armor base 27-27;bludgeoning_resistance_perc base 0.1-0.1;elemental_resistance_perc base 0.03-0.03;piercing_resistance_perc base 0.1-0.1;rending_resistance_perc base 0.03-0.03;slashing_resistance_perc base 0.1-0.1	ok
Crafted Ofir Pants	Ofieri sharovary	ng	armor base 85-85;bludgeoning_resistance_perc base 0.1-0.1;slashing_resistance_perc base 0.1-0.1;spell_power_aard mult 0.2-0.2;spell_power_quen mult 0.1-0.1;spell_power_yrden mult 0.1-0.1;staminaRegen_armor_mod mult 0.1-0.1	armor base 85-85;bludgeoning_resistance_perc base 0.1-0.1;slashing_resistance_perc base 0.1-0.1;spell_power_aard mult 0.2-0.2;spell_power_quen mult 0.1-0.1;spell_power_yrden mult 0.1-0.1;staminaRegen_armor_mod mult 0.1-0.1	ok
Guard Lvl1 A Pants 3	Toussaint Color Guardsman's trousers	ng	armor base 93-93;bleeding_resistance_perc base 0.2-0.2;bludgeoning_resistance_perc base 0.11-0.11;piercing_resistance_perc base 0.08-0.08;slashing_resistance_perc base 0.11-0.11;staminaRegen_armor_mod mult 0.1-0.1;vitality base 300-300	armor base 93-93;bleeding_resistance_perc base 0.2-0.2;bludgeoning_resistance_perc base 0.11-0.11;piercing_resistance_perc base 0.08-0.08;slashing_resistance_perc base 0.11-0.11;staminaRegen_armor_mod mult 0.1-0.1;vitality base 300-300	ok
Guard Lvl1 Pants 3	Toussaint Ducal Guardsman's trousers	ng	armor base 91-91;bleeding_resistance_perc base 0.15-0.15;bludgeoning_resistance_perc base 0.1-0.1;piercing_resistance_perc base 0.05-0.05;slashing_resistance_perc base 0.1-0.1;staminaRegen_armor_mod mult 0.1-0.1;vitality base 250-250	armor base 91-91;bleeding_resistance_perc base 0.15-0.15;bludgeoning_resistance_perc base 0.1-0.1;piercing_resistance_perc base 0.05-0.05;slashing_resistance_perc base 0.1-0.1;staminaRegen_armor_mod mult 0.1-0.1;vitality base 250-250	ok
Guard Lvl2 A Pants 3	Toussaint Ducal Guard Captain's trousers	ng	armor base 99-99;bludgeoning_resistance_perc base 0.11-0.11;piercing_resistance_perc base 0.11-0.11;poison_resistance_perc base 0.2-0.2;slashing_resistance_perc base 0.16-0.16;vitality base 400-400	armor base 99-99;bludgeoning_resistance_perc base 0.11-0.11;piercing_resistance_perc base 0.11-0.11;poison_resistance_perc base 0.2-0.2;slashing_resistance_perc base 0.16-0.16;vitality base 400-400	ok
Guard Lvl2 Pants 3	Toussaint Ducal Guard Officer's trousers	ng	armor base 97-97;bludgeoning_resistance_perc base 0.1-0.1;piercing_resistance_perc base 0.1-0.1;poison_resistance_perc base 0.15-0.15;slashing_resistance_perc base 0.15-0.15;vitality base 350-350	armor base 97-97;bludgeoning_resistance_perc base 0.1-0.1;piercing_resistance_perc base 0.1-0.1;poison_resistance_perc base 0.15-0.15;slashing_resistance_perc base 0.15-0.15;vitality base 350-350	ok
Heavy pants 04	Mahakaman trousers	ng	bludgeoning_resistance_perc base 0.1-0.1;elemental_resistance_perc base 0.0-0.0;piercing_resistance_perc base 0.1-0.1;rending_resistance_perc base 0.0-0.0;slashing_resistance_perc base 0.15-0.15;staminaRegen_armor_mod mult -0.1--0.1;vitality base 150-400	bludgeoning_resistance_perc base 0.1-0.1;elemental_resistance_perc base 0.0-0.0;piercing_resistance_perc base 0.1-0.1;rending_resistance_perc base 0.0-0.0;slashing_resistance_perc base 0.15-0.15;staminaRegen_armor_mod mult -0.1--0.1;vitality base 150-400	ok
Knight Geralt A Pants 3	Toussaint knight's tourney trousers	ng	armor base 105-105;bludgeoning_resistance_perc base 0.16-0.16;burning_resistance_perc add 0.4-0.4;piercing_resistance_perc base 0.16-0.16;slashing_resistance_perc base 0.16-0.16;staminaRegen_armor_mod mult 0.1-0.1;vitality base 500-500	armor base 105-105;bludgeoning_resistance_perc base 0.16-0.16;burning_resistance_perc add 0.4-0.4;piercing_resistance_perc base 0.16-0.16;slashing_resistance_perc base 0.16-0.16;staminaRegen_armor_mod mult 0.1-0.1;vitality base 500-500	ok
Knight Geralt Pants 3	Toussaint knight's trousers	ng	armor base 103-103;bludgeoning_resistance_perc base 0.15-0.15;piercing_resistance_perc base 0.15-0.15;poison_resistance_perc base 0.25-0.25;slashing_resistance_perc base 0.16-0.16;staminaRegen_armor_mod mult 0.1-0.1;vitality base 450-450	armor base 103-103;bludgeoning_resistance_perc base 0.15-0.15;piercing_resistance_perc base 0.15-0.15;poison_resistance_perc base 0.25-0.25;slashing_resistance_perc base 0.16-0.16;staminaRegen_armor_mod mult 0.1-0.1;vitality base 450-450	ok
Pants 04	Assassin's trousers	ng	bludgeoning_resistance_perc base 0.05-0.05;elemental_resistance_perc base 0.0-0.0;piercing_resistance_perc base 0.05-0.05;rending_resistance_perc base 0.0-0.0;slashing_resistance_perc base 0.15-0.15;staminaRegen_armor_mod mult 0.1-0.1;vitality base 150-200	bludgeoning_resistance_perc base 0.05-0.05;elemental_resistance_perc base 0.0-0.0;piercing_resistance_perc base 0.05-0.05;rending_resistance_perc base 0.0-0.0;slashing_resistance_perc base 0.15-0.15;staminaRegen_armor_mod mult 0.1-0.1;vitality base 150-200	ok
Thief Pants	New Moon trousers	ng	bludgeoning_resistance_perc base 0.1-0.1;bonus_money add 0.05-0.05;critical_hit_chance add 0.04-0.04;critical_hit_damage_bonus add 0.2-0.2;item_level_max add 36-36;item_level_min add 34-34;slashing_resistance_perc base 0.15-0.15	bludgeoning_resistance_perc base 0.1-0.1;bonus_money add 0.05-0.05;critical_hit_chance add 0.04-0.04;critical_hit_damage_bonus add 0.2-0.2;item_level_max add 36-36;item_level_min add 34-34;slashing_resistance_perc base 0.15-0.15	ok
Toussaint Pants 3	Toussaint trousers	ng	bleeding_resistance_perc base 0.25-0.25;bludgeoning_resistance_perc base 0.15-0.15;item_level_max add 100-100;item_level_min add 40-40;piercing_resistance_perc base 0.15-0.15;slashing_resistance_perc base 0.16-0.16;staminaRegen_armor_mod mult -0.1--0.1;vitality base 450-450	bleeding_resistance_perc base 0.25-0.25;bludgeoning_resistance_perc base 0.15-0.15;item_level_max add 100-100;item_level_min add 40-40;piercing_resistance_perc base 0.15-0.15;slashing_resistance_perc base 0.16-0.16;staminaRegen_armor_mod mult -0.1--0.1;vitality base 450-450	ok
Bear Boots 1	Ursine boots	ng	armor base 49-49;bludgeoning_resistance_perc base 0.02-0.02;focus_gain base 0.05-0.05;piercing_resistance_perc base 0.02-0.02;rending_resistance_perc base 0.02-0.02;slashing_resistance_perc base 0.02-0.02;staminaRegen_armor_mod mult -0.03--0.03	armor base 49-49;bludgeoning_resistance_perc base 0.02-0.02;focus_gain base 0.05-0.05;piercing_resistance_perc base 0.02-0.02;rending_resistance_perc base 0.02-0.02;slashing_resistance_perc base 0.02-0.02;staminaRegen_armor_mod mult -0.03--0.03	ok
Bear Boots 2	Enhanced Ursine boots	ng	armor base 59-59;bludgeoning_resistance_perc base 0.03-0.03;focus_gain add 0.06-0.06;piercing_resistance_perc base 0.03-0.03;rending_resistance_perc base 0.02-0.02;slashing_resistance_perc base 0.03-0.03;staminaRegen_armor_mod mult -0.03--0.03	armor base 59-59;bludgeoning_resistance_perc base 0.03-0.03;focus_gain add 0.06-0.06;piercing_resistance_perc base 0.03-0.03;rending_resistance_perc base 0.02-0.02;slashing_resistance_perc base 0.03-0.03;staminaRegen_armor_mod mult -0.03--0.03	ok
Bear Boots 3	Superior Ursine boots	ng	armor base 69-69;bludgeoning_resistance_perc base 0.04-0.04;focus_gain add 0.08-0.08;piercing_resistance_perc base 0.04-0.04;rending_resistance_perc base 0.03-0.03;slashing_resistance_perc base 0.04-0.04;staminaRegen_armor_mod mult -0.03--0.03	armor base 69-69;bludgeoning_resistance_perc base 0.04-0.04;focus_gain add 0.08-0.08;piercing_resistance_perc base 0.04-0.04;rending_resistance_perc base 0.03-0.03;slashing_resistance_perc base 0.04-0.04;staminaRegen_armor_mod mult -0.03--0.03	ok
Bear Boots 4	Mastercrafted Ursine boots	ng	armor base 77-77;bludgeoning_resistance_perc base 0.05-0.05;focus_gain add 0.1-0.1;piercing_resistance_perc base 0.05-0.05;rending_resistance_perc base 0.03-0.03;slashing_resistance_perc base 0.05-0.05;staminaRegen_armor_mod mult -0.03--0.03	armor base 77-77;bludgeoning_resistance_perc base 0.05-0.05;focus_gain add 0.1-0.1;piercing_resistance_perc base 0.05-0.05;rending_resistance_perc base 0.03-0.03;slashing_resistance_perc base 0.05-0.05;staminaRegen_armor_mod mult -0.03--0.03	ok
Bear Boots 5	Grandmaster Ursine boots	ng	armor base 91-91;bludgeoning_resistance_perc base 0.05-0.05;focus_gain add 0.11-0.11;piercing_resistance_perc base 0.06-0.06;rending_resistance_perc base 0.04-0.04;slashing_resistance_perc base 0.06-0.06;staminaRegen_armor_mod mult -0.03--0.03	armor base 91-91;bludgeoning_resistance_perc base 0.05-0.05;focus_gain add 0.11-0.11;piercing_resistance_perc base 0.06-0.06;rending_resistance_perc base 0.04-0.04;slashing_resistance_perc base 0.06-0.06;staminaRegen_armor_mod mult -0.03--0.03	ok
Gryphon Boots 1	Griffin boots	ng	armor base 31-31;bludgeoning_resistance_perc base 0.01-0.01;piercing_resistance_perc base 0.01-0.01;rending_resistance_perc base 0.02-0.02;slashing_resistance_perc base 0.02-0.02;spell_power mult 0.05-0.05	armor base 31-31;bludgeoning_resistance_perc base 0.01-0.01;piercing_resistance_perc base 0.01-0.01;rending_resistance_perc base 0.02-0.02;slashing_resistance_perc base 0.02-0.02;spell_power mult 0.05-0.05	ok
Gryphon Boots 2	Enhanced Griffin boots	ng	armor base 45-45;bludgeoning_resistance_perc base 0.02-0.02;piercing_resistance_perc base 0.02-0.02;rending_resistance_perc base 0.02-0.02;slashing_resistance_perc base 0.03-0.03;spell_power mult 0.06-0.06	armor base 45-45;bludgeoning_resistance_perc base 0.02-0.02;piercing_resistance_perc base 0.02-0.02;rending_resistance_perc base 0.02-0.02;slashing_resistance_perc base 0.03-0.03;spell_power mult 0.06-0.06	ok
Gryphon Boots 3	Superior Griffin boots	ng	armor base 61-61;bludgeoning_resistance_perc base 0.03-0.03;piercing_resistance_perc base 0.03-0.03;rending_resistance_perc base 0.03-0.03;slashing_resistance_perc base 0.04-0.04;spell_power mult 0.08-0.08	armor base 61-61;bludgeoning_resistance_perc base 0.03-0.03;piercing_resistance_perc base 0.03-0.03;rending_resistance_perc base 0.03-0.03;slashing_resistance_perc base 0.04-0.04;spell_power mult 0.08-0.08	ok
Gryphon Boots 4	Mastercrafted Griffin boots	ng	armor base 77-77;bludgeoning_resistance_perc base 0.04-0.04;piercing_resistance_perc base 0.04-0.04;rending_resistance_perc base 0.03-0.03;slashing_resistance_perc base 0.05-0.05;spell_power mult 0.1-0.1	armor base 77-77;bludgeoning_resistance_perc base 0.04-0.04;piercing_resistance_perc base 0.04-0.04;rending_resistance_perc base 0.03-0.03;slashing_resistance_perc base 0.05-0.05;spell_power mult 0.1-0.1	ok
Gryphon Boots 5	Grandmaster Griffin boots	ng	armor base 91-91;bludgeoning_resistance_perc base 0.05-0.05;piercing_resistance_perc base 0.05-0.05;rending_resistance_perc base 0.04-0.04;slashing_resistance_perc base 0.06-0.06;spell_power mult 0.11-0.11	armor base 91-91;bludgeoning_resistance_perc base 0.05-0.05;piercing_resistance_perc base 0.05-0.05;rending_resistance_perc base 0.04-0.04;slashing_resistance_perc base 0.06-0.06;spell_power mult 0.11-0.11	ok
Lynx Boots 1	Feline boots	ng	armor base 43-43;attack_power mult 0.05-0.05;elemental_resistance_perc base 0.04-0.04;piercing_resistance_perc base 0.01-0.01;rending_resistance_perc base 0.01-0.01;slashing_resistance_perc base 0.02-0.02;staminaRegen_armor_mod mult 0.03-0.03	armor base 43-43;attack_power mult 0.05-0.05;elemental_resistance_perc base 0.04-0.04;piercing_resistance_perc base 0.01-0.01;rending_resistance_perc base 0.01-0.01;slashing_resistance_perc base 0.02-0.02;staminaRegen_armor_mod mult 0.03-0.03	ok
Lynx Boots 2	Enhanced Feline boots	ng	armor base 55-55;attack_power mult 0.06-0.06;elemental_resistance_perc base 0.04-0.04;piercing_resistance_perc base 0.02-0.02;rending_resistance_perc base 0.01-0.01;slashing_resistance_perc base 0.03-0.03;staminaRegen_armor_mod mult 0.03-0.03	armor base 55-55;attack_power mult 0.06-0.06;elemental_resistance_perc base 0.04-0.04;piercing_resistance_perc base 0.02-0.02;rending_resistance_perc base 0.01-0.01;slashing_resistance_perc base 0.03-0.03;staminaRegen_armor_mod mult 0.03-0.03	ok
Lynx Boots 3	Superior Feline boots	ng	armor base 67-67;attack_power mult 0.08-0.08;elemental_resistance_perc base 0.04-0.04;piercing_resistance_perc base 0.03-0.03;rending_resistance_perc base 0.02-0.02;slashing_resistance_perc base 0.04-0.04;staminaRegen_armor_mod mult 0.03-0.03	armor base 67-67;attack_power mult 0.08-0.08;elemental_resistance_perc base 0.04-0.04;piercing_resistance_perc base 0.03-0.03;rending_resistance_perc base 0.02-0.02;slashing_resistance_perc base 0.04-0.04;staminaRegen_armor_mod mult 0.03-0.03	ok
Lynx Boots 4	Mastercrafted Feline boots	ng	armor base 77-77;attack_power mult 0.1-0.1;elemental_resistance_perc base 0.04-0.04;piercing_resistance_perc base 0.04-0.04;rending_resistance_perc base 0.02-0.02;slashing_resistance_perc base 0.05-0.05;staminaRegen_armor_mod mult 0.03-0.03	armor base 77-77;attack_power mult 0.1-0.1;elemental_resistance_perc base 0.04-0.04;piercing_resistance_perc base 0.04-0.04;rending_resistance_perc base 0.02-0.02;slashing_resistance_perc base 0.05-0.05;staminaRegen_armor_mod mult 0.03-0.03	ok
Lynx Boots 5	Grandmaster Feline boots	ng	armor base 91-91;attack_power mult 0.11-0.11;elemental_resistance_perc base 0.05-0.05;piercing_resistance_perc base 0.05-0.05;rending_resistance_perc base 0.03-0.03;slashing_resistance_perc base 0.06-0.06;staminaRegen_armor_mod mult 0.03-0.03	armor base 91-91;attack_power mult 0.11-0.11;elemental_resistance_perc base 0.05-0.05;piercing_resistance_perc base 0.05-0.05;rending_resistance_perc base 0.03-0.03;slashing_resistance_perc base 0.06-0.06;staminaRegen_armor_mod mult 0.03-0.03	ok
Netflix Boots	Forgotten Wolven boots	ng	armor base 50-50;bludgeoning_resistance_perc base 0.02-0.02;piercing_resistance_perc base 0.02-0.02;rending_resistance_perc base 0.02-0.02;slashing_resistance_perc base 0.04-0.04;spell_power_yrden mult 0.06-0.06	armor base 50-50;bludgeoning_resistance_perc base 0.02-0.02;piercing_resistance_perc base 0.02-0.02;rending_resistance_perc base 0.02-0.02;slashing_resistance_perc base 0.04-0.04;spell_power_yrden mult 0.06-0.06	ok
Netflix Boots 1	Mastercrafted forgotten Wolven boots	ng	armor base 77-77;bludgeoning_resistance_perc base 0.03-0.03;piercing_resistance_perc base 0.03-0.03;rending_resistance_perc base 0.03-0.03;slashing_resistance_perc base 0.05-0.05;spell_power_yrden mult 0.1-0.1	armor base 77-77;bludgeoning_resistance_perc base 0.03-0.03;piercing_resistance_perc base 0.03-0.03;rending_resistance_perc base 0.03-0.03;slashing_resistance_perc base 0.05-0.05;spell_power_yrden mult 0.1-0.1	ok
Netflix Boots 2	Grandmaster forgotten Wolven boots	ng	armor base 91-91;bludgeoning_resistance_perc base 0.04-0.04;piercing_resistance_perc base 0.04-0.04;rending_resistance_perc base 0.04-0.04;slashing_resistance_perc base 0.06-0.06;spell_power_yrden mult 0.12-0.12	armor base 91-91;bludgeoning_resistance_perc base 0.04-0.04;piercing_resistance_perc base 0.04-0.04;rending_resistance_perc base 0.04-0.04;slashing_resistance_perc base 0.06-0.06;spell_power_yrden mult 0.12-0.12	ok
Red Wolf Boots 1	Manticore boots	ng	armor base 91-91;critical_hit_damage_bonus add 0.25-0.25;piercing_resistance_perc base 0.05-0.05;rending_resistance_perc base 0.04-0.04;slashing_resistance_perc base 0.06-0.06;toxicity base 5-5	armor base 91-91;critical_hit_damage_bonus add 0.25-0.25;piercing_resistance_perc base 0.05-0.05;rending_resistance_perc base 0.04-0.04;slashing_resistance_perc base 0.06-0.06;toxicity base 5-5	ok
Red Wolf Boots 2	Legendary Manticore boots	ng	armor base 151-151;bludgeoning_resistance_perc base 0.16-0.16;focus_gain base 0.2-0.2;piercing_resistance_perc base 0.17-0.17;rending_resistance_perc base 0.3-0.3;slashing_resistance_perc base 0.22-0.22	armor base 151-151;bludgeoning_resistance_perc base 0.16-0.16;focus_gain base 0.2-0.2;piercing_resistance_perc base 0.17-0.17;rending_resistance_perc base 0.3-0.3;slashing_resistance_perc base 0.22-0.22	ok
EP1 Witcher Boots	Viper boots	ng	armor base 89-89;elemental_resistance_perc base 0.05-0.05;piercing_resistance_perc base 0.05-0.05;poison_resistance_perc base 0.1-0.1;rending_resistance_perc base 0.04-0.04;slashing_resistance_perc base 0.05-0.05	armor base 89-89;elemental_resistance_perc base 0.05-0.05;piercing_resistance_perc base 0.05-0.05;poison_resistance_perc base 0.1-0.1;rending_resistance_perc base 0.04-0.04;slashing_resistance_perc base 0.05-0.05	ok
Wolf Boots 1	Wolven boots	ng	armor base 37-37;attack_power mult 0.05-0.05;bludgeoning_resistance_perc base 0.01-0.01;piercing_resistance_perc base 0.01-0.01;rending_resistance_perc base 0.02-0.02;slashing_resistance_perc base 0.02-0.02	armor base 37-37;attack_power mult 0.05-0.05;bludgeoning_resistance_perc base 0.01-0.01;piercing_resistance_perc base 0.01-0.01;rending_resistance_perc base 0.02-0.02;slashing_resistance_perc base 0.02-0.02	ok
Wolf Boots 2	Enhanced Wolven boots	ng	armor base 51-51;attack_power mult 0.06-0.06;bludgeoning_resistance_perc base 0.02-0.02;piercing_resistance_perc base 0.02-0.02;rending_resistance_perc base 0.02-0.02;slashing_resistance_perc base 0.03-0.03	armor base 51-51;attack_power mult 0.06-0.06;bludgeoning_resistance_perc base 0.02-0.02;piercing_resistance_perc base 0.02-0.02;rending_resistance_perc base 0.02-0.02;slashing_resistance_perc base 0.03-0.03	ok
Wolf Boots 3	Superior Wolven boots	ng	armor base 67-67;attack_power mult 0.08-0.08;bludgeoning_resistance_perc base 0.03-0.03;piercing_resistance_perc base 0.03-0.03;rending_resistance_perc base 0.03-0.03;slashing_resistance_perc base 0.04-0.04	armor base 67-67;attack_power mult 0.08-0.08;bludgeoning_resistance_perc base 0.03-0.03;piercing_resistance_perc base 0.03-0.03;rending_resistance_perc base 0.03-0.03;slashing_resistance_perc base 0.04-0.04	ok
Wolf Boots 4	Mastercrafted Wolven boots	ng	armor base 77-77;attack_power mult 0.1-0.1;bludgeoning_resistance_perc base 0.04-0.04;piercing_resistance_perc base 0.04-0.04;rending_resistance_perc base 0.03-0.03;slashing_resistance_perc base 0.05-0.05	armor base 77-77;attack_power mult 0.1-0.1;bludgeoning_resistance_perc base 0.04-0.04;piercing_resistance_perc base 0.04-0.04;rending_resistance_perc base 0.03-0.03;slashing_resistance_perc base 0.05-0.05	ok
Wolf Boots 5	Grandmaster Wolven boots	ng	armor base 91-91;attack_power mult 0.11-0.11;bludgeoning_resistance_perc base 0.05-0.05;piercing_resistance_perc base 0.05-0.05;rending_resistance_perc base 0.04-0.04;slashing_resistance_perc base 0.06-0.06	armor base 91-91;attack_power mult 0.11-0.11;bludgeoning_resistance_perc base 0.05-0.05;piercing_resistance_perc base 0.05-0.05;rending_resistance_perc base 0.04-0.04;slashing_resistance_perc base 0.06-0.06	ok
q702_vampire_boots	Tesham Mutna boots	ng	armor base 87-87;bludgeoning_resistance_perc base 0.03-0.03;burning_resistance_perc base 0.25-0.25;piercing_resistance_perc base 0.04-0.04;rending_resistance_perc base 0.03-0.03;slashing_resistance_perc base 0.04-0.04;staminaRegen_armor_mod mult -0.03--0.03	armor base 87-87;bludgeoning_resistance_perc base 0.03-0.03;burning_resistance_perc base 0.25-0.25;piercing_resistance_perc base 0.04-0.04;rending_resistance_perc base 0.03-0.03;slashing_resistance_perc base 0.04-0.04;staminaRegen_armor_mod mult -0.03--0.03	ok
q704_vampire_boots	Hen Gaidth boots	ng	bludgeoning_resistance_perc base 0.05-0.05;burning_resistance_perc base 0.25-0.25;item_level_max add 100-100;item_level_min add 40-40;piercing_resistance_perc base 0.06-0.06;rending_resistance_perc base 0.04-0.04;slashing_resistance_perc base 0.05-0.05;staminaRegen_armor_mod mult -0.03--0.03	bludgeoning_resistance_perc base 0.05-0.05;burning_resistance_perc base 0.25-0.25;item_level_max add 100-100;item_level_min add 40-40;piercing_resistance_perc base 0.06-0.06;rending_resistance_perc base 0.04-0.04;slashing_resistance_perc base 0.05-0.05;staminaRegen_armor_mod mult -0.03--0.03	ok
Scarlet Crest Boots	Scarlet Crest boots	ng	armor base 87-87;bludgeoning_resistance_perc base 0.1-0.1;focus_gain base 0.07-0.07;piercing_resistance_perc base 0.06-0.06;slashing_resistance_perc base 0.03-0.03;spell_power_quen mult 0.05-0.05	armor base 87-87;bludgeoning_resistance_perc base 0.1-0.1;focus_gain base 0.07-0.07;piercing_resistance_perc base 0.06-0.06;slashing_resistance_perc base 0.03-0.03;spell_power_quen mult 0.05-0.05	ok
Dol Blathanna Boots	Boots of a Thousand Flowers	ng	armor base 22-22;bludgeoning_resistance_perc base 0.01-0.01;piercing_resistance_perc base 0.01-0.01;rending_resistance_perc base 0.02-0.02;slashing_resistance_perc base 0.02-0.02	armor base 22-22;bludgeoning_resistance_perc base 0.01-0.01;piercing_resistance_perc base 0.01-0.01;rending_resistance_perc base 0.02-0.02;slashing_resistance_perc base 0.02-0.02	ok
White Tiger Boots	White Tiger of the West boots	ng	armor base 29-29;bludgeoning_resistance_perc base 0.01-0.01;elemental_resistance_perc base 0.02-0.02;piercing_resistance_perc base 0.01-0.01;rending_resistance_perc base 0.01-0.01;slashing_resistance_perc base 0.03-0.03	armor base 29-29;bludgeoning_resistance_perc base 0.01-0.01;elemental_resistance_perc base 0.02-0.02;piercing_resistance_perc base 0.01-0.01;rending_resistance_perc base 0.01-0.01;slashing_resistance_perc base 0.03-0.03	ok
DLC1 Temerian Boots	Temerian Boots	ng	armor base 15-15;bludgeoning_resistance_perc base 0.03-0.03;elemental_resistance_perc base 0.01-0.01;piercing_resistance_perc base 0.03-0.03;rending_resistance_perc base 0.01-0.01;slashing_resistance_perc base 0.03-0.03;staminaRegen_armor_mod mult 0.03-0.03	armor base 15-15;bludgeoning_resistance_perc base 0.03-0.03;elemental_resistance_perc base 0.01-0.01;piercing_resistance_perc base 0.03-0.03;rending_resistance_perc base 0.01-0.01;slashing_resistance_perc base 0.03-0.03;staminaRegen_armor_mod mult 0.03-0.03	ok
DLC14 Skellige Boots	Undvik Boots	ng	armor base 39-39;bludgeoning_resistance_perc base 0.05-0.05;elemental_resistance_perc base 0.01-0.01;piercing_resistance_perc base 0.05-0.05;rending_resistance_perc base 0.01-0.01;slashing_resistance_perc base 0.05-0.05;staminaRegen_armor_mod mult -0.03--0.03	armor base 39-39;bludgeoning_resistance_perc base 0.05-0.05;elemental_resistance_perc base 0.01-0.01;piercing_resistance_perc base 0.05-0.05;rending_resistance_perc base 0.01-0.01;slashing_resistance_perc base 0.05-0.05;staminaRegen_armor_mod mult -0.03--0.03	ok
DLC5 Nilfgaardian Boots	Nilfgaardian Boots	ng	armor base 27-27;bludgeoning_resistance_perc base 0.03-0.03;elemental_resistance_perc base 0.01-0.01;piercing_resistance_perc base 0.03-0.03;rending_resistance_perc base 0.01-0.01;slashing_resistance_perc base 0.03-0.03	armor base 27-27;bludgeoning_resistance_perc base 0.03-0.03;elemental_resistance_perc base 0.01-0.01;piercing_resistance_perc base 0.03-0.03;rending_resistance_perc base 0.01-0.01;slashing_resistance_perc base 0.03-0.03	ok
Nekker Boots	Nekker hide boots	ng	armor base 64-64;bleeding_resistance_perc base 0.25-0.25;bludgeoning_resistance_perc base 0.03-0.03;piercing_resistance_perc base 0.03-0.03;rending_resistance_perc base 0.03-0.03;slashing_resistance_perc base 0.04-0.04	armor base 64-64;bleeding_resistance_perc base 0.25-0.25;bludgeoning_resistance_perc base 0.03-0.03;piercing_resistance_perc base 0.03-0.03;rending_resistance_perc base 0.03-0.03;slashing_resistance_perc base 0.04-0.04	ok
Boots 012	Hunting boots	ng	bludgeoning_resistance_perc base 0.03-0.03;elemental_resistance_perc base 0.0-0.0;focus_gain add 0.05-0.06;piercing_resistance_perc base 0.03-0.03;rending_resistance_perc base 0.0-0.0;slashing_resistance_perc base 0.03-0.03;staminaRegen_armor_mod mult 0.03-0.03	bludgeoning_resistance_perc base 0.03-0.03;elemental_resistance_perc base 0.0-0.0;focus_gain add 0.05-0.06;piercing_resistance_perc base 0.03-0.03;rending_resistance_perc base 0.0-0.0;slashing_resistance_perc base 0.03-0.03;staminaRegen_armor_mod mult 0.03-0.03	ok
Boots 022	Cavalry boots	ng	bludgeoning_resistance_perc base 0.03-0.03;elemental_resistance_perc base 0.0-0.0;piercing_resistance_perc base 0.03-0.03;rending_resistance_perc base 0.0-0.0;slashing_resistance_perc base 0.04-0.04;spell_power_quen mult 0.01-0.2;staminaRegen_armor_mod mult 0.03-0.03	bludgeoning_resistance_perc base 0.03-0.03;elemental_resistance_perc base 0.0-0.0;piercing_resistance_perc base 0.03-0.03;rending_resistance_perc base 0.0-0.0;slashing_resistance_perc base 0.04-0.04;spell_power_quen mult 0.01-0.2;staminaRegen_armor_mod mult 0.03-0.03	ok
Boots 032	Tracker's boots	ng	bludgeoning_resistance_perc base 0.03-0.03;elemental_resistance_perc base 0.0-0.0;piercing_resistance_perc base 0.03-0.03;rending_resistance_perc base 0.0-0.0;slashing_resistance_perc base 0.05-0.05;vitality base 100-350	bludgeoning_resistance_perc base 0.03-0.03;elemental_resistance_perc base 0.0-0.0;piercing_resistance_perc base 0.03-0.03;rending_resistance_perc base 0.0-0.0;slashing_resistance_perc base 0.05-0.05;vitality base 100-350	ok
Boots 04	Assassin's boots	ng	bludgeoning_resistance_perc base 0.02-0.02;elemental_resistance_perc base 0.0-0.0;piercing_resistance_perc base 0.02-0.02;rending_resistance_perc base 0.0-0.0;slashing_resistance_perc base 0.06-0.06;staminaRegen_armor_mod mult 0.03-0.03	bludgeoning_resistance_perc base 0.02-0.02;elemental_resistance_perc base 0.0-0.0;piercing_resistance_perc base 0.02-0.02;rending_resistance_perc base 0.0-0.0;slashing_resistance_perc base 0.06-0.06;staminaRegen_armor_mod mult 0.03-0.03	ok
Boots 07	Mountain Folk boots	ng	bludgeoning_resistance_perc base 0.02-0.02;elemental_resistance_perc base 0.0-0.0;piercing_resistance_perc base 0.02-0.02;poison_resistance_perc base 0.25-0.25;rending_resistance_perc base 0.02-0.02;slashing_resistance_perc base 0.05-0.05;staminaRegen_armor_mod mult 0.03-0.03	bludgeoning_resistance_perc base 0.02-0.02;elemental_resistance_perc base 0.0-0.0;piercing_resistance_perc base 0.02-0.02;poison_resistance_perc base 0.25-0.25;rending_resistance_perc base 0.02-0.02;slashing_resistance_perc base 0.05-0.05;staminaRegen_armor_mod mult 0.03-0.03	ok
Crafted Ofir Boots	Ofieri boots	ng	armor base 85-85;bludgeoning_resistance_perc base 0.05-0.05;slashing_resistance_perc base 0.05-0.05;spell_power_igni mult 0.1-0.1;spell_power_quen mult 0.1-0.1;spell_power_yrden mult 0.2-0.2;staminaRegen_armor_mod mult 0.03-0.03	armor base 85-85;bludgeoning_resistance_perc base 0.05-0.05;slashing_resistance_perc base 0.05-0.05;spell_power_igni mult 0.1-0.1;spell_power_quen mult 0.1-0.1;spell_power_yrden mult 0.2-0.2;staminaRegen_armor_mod mult 0.03-0.03	ok
Geralt Kontusz Boots R	Ornate boots	ng	burning_resistance_perc base 0.06-0.06;elemental_resistance_perc base 0.06-0.06;item_level_max add 35-35;item_level_min add 33-33;piercing_resistance_perc base 0.03-0.03;slashing_resistance_perc base 0.03-0.03;spell_power_igni mult 0.06-0.06;staminaRegen_armor_mod mult 0.03-0.03	burning_resistance_perc base 0.06-0.06;elemental_resistance_perc base 0.06-0.06;item_level_max add 35-35;item_level_min add 33-33;piercing_resistance_perc base 0.03-0.03;slashing_resistance_perc base 0.03-0.03;spell_power_igni mult 0.06-0.06;staminaRegen_armor_mod mult 0.03-0.03	ok
Guard Lvl1 A Boots 3	Toussaint Color Guardsman's boots	ng	armor base 93-93;bleeding_resistance_perc base 0.15-0.15;bludgeoning_resistance_perc base 0.05-0.05;piercing_resistance_perc base 0.04-0.04;slashing_resistance_perc base 0.05-0.05;staminaRegen_armor_mod mult 0.03-0.03;vitality base 300-300	armor base 93-93;bleeding_resistance_perc base 0.15-0.15;bludgeoning_resistance_perc base 0.05-0.05;piercing_resistance_perc base 0.04-0.04;slashing_resistance_perc base 0.05-0.05;staminaRegen_armor_mod mult 0.03-0.03;vitality base 300-300	ok
Guard Lvl1 Boots 3	Toussaint Ducal Guardsman's boots	ng	armor base 91-91;bleeding_resistance_perc base 0.1-0.1;bludgeoning_resistance_perc base 0.05-0.05;piercing_resistance_perc base 0.03-0.03;slashing_resistance_perc base 0.05-0.05;staminaRegen_armor_mod mult 0.03-0.03;vitality base 250-250	armor base 91-91;bleeding_resistance_perc base 0.1-0.1;bludgeoning_resistance_perc base 0.05-0.05;piercing_resistance_perc base 0.03-0.03;slashing_resistance_perc base 0.05-0.05;staminaRegen_armor_mod mult 0.03-0.03;vitality base 250-250	ok
Guard Lvl2 A Boots 3	Toussaint Ducal Guard Captain's boots	ng	armor base 99-99;bludgeoning_resistance_perc base 0.04-0.04;piercing_resistance_perc base 0.05-0.05;poison_resistance_perc base 0.15-0.15;slashing_resistance_perc base 0.05-0.05;vitality base 400-400	armor base 99-99;bludgeoning_resistance_perc base 0.04-0.04;piercing_resistance_perc base 0.05-0.05;poison_resistance_perc base 0.15-0.15;slashing_resistance_perc base 0.05-0.05;vitality base 400-400	ok
Guard Lvl2 Boots 3	Toussaint Ducal Guard Officer's boots	ng	armor base 97-97;bludgeoning_resistance_perc base 0.03-0.03;piercing_resistance_perc base 0.05-0.05;poison_resistance_perc base 0.1-0.1;slashing_resistance_perc base 0.05-0.05;vitality base 350-350	armor base 97-97;bludgeoning_resistance_perc base 0.03-0.03;piercing_resistance_perc base 0.05-0.05;poison_resistance_perc base 0.1-0.1;slashing_resistance_perc base 0.05-0.05;vitality base 350-350	ok
Heavy boots 07	Condottiere's boots	ng	armor_reduction base 50-60;bludgeoning_resistance_perc base 0.05-0.05;elemental_resistance_perc base 0.0-0.0;piercing_resistance_perc base 0.05-0.05;rending_resistance_perc base 0.0-0.0;slashing_resistance_perc base 0.05-0.05	armor_reduction base 50-60;bludgeoning_resistance_perc base 0.05-0.05;elemental_resistance_perc base 0.0-0.0;piercing_resistance_perc base 0.05-0.05;rending_resistance_perc base 0.0-0.0;slashing_resistance_perc base 0.05-0.05	ok
Heavy boots 08	Alder Folk boots	ng	bludgeoning_resistance_perc base 0.05-0.05;elemental_resistance_perc base 0.05-0.05;piercing_resistance_perc base 0.05-0.05;rending_resistance_perc base 0.05-0.05;slashing_resistance_perc base 0.06-0.06;spell_power_igni mult 0.1-0.2;staminaRegen_armor_mod mult -0.03--0.03	bludgeoning_resistance_perc base 0.05-0.05;elemental_resistance_perc base 0.05-0.05;piercing_resistance_perc base 0.05-0.05;rending_resistance_perc base 0.05-0.05;slashing_resistance_perc base 0.06-0.06;spell_power_igni mult 0.1-0.2;staminaRegen_armor_mod mult -0.03--0.03	ok
Knight Geralt A Boots 3	Toussaint knight's tourney boots	ng	armor base 105-105;bludgeoning_resistance_perc base 0.07-0.07;piercing_resistance_perc base 0.07-0.07;poison_resistance_perc base 0.4-0.4;slashing_resistance_perc base 0.07-0.07;staminaRegen_armor_mod mult -0.03--0.03;vitality base 500-500	armor base 105-105;bludgeoning_resistance_perc base 0.07-0.07;piercing_resistance_perc base 0.07-0.07;poison_resistance_perc base 0.4-0.4;slashing_resistance_perc base 0.07-0.07;staminaRegen_armor_mod mult -0.03--0.03;vitality base 500-500	ok
Knight Geralt Boots 3	Toussaint knight's boots	ng	armor base 103-103;bludgeoning_resistance_perc base 0.06-0.06;piercing_resistance_perc base 0.06-0.06;poison_resistance_perc base 0.25-0.25;slashing_resistance_perc base 0.06-0.06;staminaRegen_armor_mod mult -0.03--0.03;vitality base 450-450	armor base 103-103;bludgeoning_resistance_perc base 0.06-0.06;piercing_resistance_perc base 0.06-0.06;poison_resistance_perc base 0.25-0.25;slashing_resistance_perc base 0.06-0.06;staminaRegen_armor_mod mult -0.03--0.03;vitality base 450-450	ok
Thief Boots	New Moon boots	ng	bludgeoning_resistance_perc base 0.05-0.05;bonus_money add 0.05-0.05;critical_hit_chance add 0.03-0.03;critical_hit_damage_bonus add 0.2-0.2;item_level_max add 36-36;item_level_min add 34-34;slashing_resistance_perc base 0.05-0.05	bludgeoning_resistance_perc base 0.05-0.05;bonus_money add 0.05-0.05;critical_hit_chance add 0.03-0.03;critical_hit_damage_bonus add 0.2-0.2;item_level_max add 36-36;item_level_min add 34-34;slashing_resistance_perc base 0.05-0.05	ok
Toussaint Boots 3	Toussaint boots	ng	bleeding_resistance_perc base 0.25-0.25;bludgeoning_resistance_perc base 0.06-0.06;item_level_max add 100-100;item_level_min add 40-40;piercing_resistance_perc base 0.06-0.06;slashing_resistance_perc base 0.06-0.06;staminaRegen_armor_mod mult -0.03--0.03;vitality base 450-450	bleeding_resistance_perc base 0.25-0.25;bludgeoning_resistance_perc base 0.06-0.06;item_level_max add 100-100;item_level_min add 40-40;piercing_resistance_perc base 0.06-0.06;slashing_resistance_perc base 0.06-0.06;staminaRegen_armor_mod mult -0.03--0.03;vitality base 450-450	ok
q702_vampire_mask	Tesham Mutna mask	ng			ok
q704_vampire_mask	Hen Gaidth mask	ng			ok
EP2 mask 01	Wolf mask	ng			ok
EP2 mask 02	Harlequin mask	ng			ok
EP2 mask 03	Bird mask	ng			ok
Geralt mask 01	Wolf mask	ng			ok
Geralt mask 02	Harlequin mask	ng			ok
Geralt mask 03	Bird mask	ng			ok
Geralt mask Nilf	Nilfgaardian Helmet	ng			ok
Wolf Bandana	Wolf Bandana	ng			ok
mq0004_thalers_monocle_wearable	Silver monocle	ng			ok
Bear School steel sword	Legendary Ursine steel sword	ng_plus	SilverDamage base 1-1;SlashingDamage base 444-444;critical_hit_damage_bonus add 0.75-0.75;focus_gain add 0.21-0.21;human_exp_bonus_when_fatal add 0.05-0.05	SilverDamage base 1-1;SlashingDamage base 444-444;critical_hit_damage_bonus add 0.75-0.75;focus_gain add 0.21-0.21;human_exp_bonus_when_fatal add 0.05-0.05	ok
NGP Bear School steel sword	Ursine steel sword	ng_plus	SilverDamage base 1-1;SlashingDamage base 204-204;focus_gain add 0.05-0.05;human_exp_bonus_when_fatal add 0.05-0.05	SilverDamage base 1-1;SlashingDamage base 204-204;focus_gain add 0.05-0.05;human_exp_bonus_when_fatal add 0.05-0.05	ok
Bear School steel sword 1	Legendary Ursine steel sword - enhanced	ng_plus	SilverDamage base 1-1;SlashingDamage base 484-484;critical_hit_damage_bonus add 0.75-0.75;focus_gain add 0.22-0.22;human_exp_bonus_when_fatal add 0.05-0.05	SilverDamage base 1-1;SlashingDamage base 484-484;critical_hit_damage_bonus add 0.75-0.75;focus_gain add 0.22-0.22;human_exp_bonus_when_fatal add 0.05-0.05	ok
NGP Bear School steel sword 1	Ursine steel sword - enhanced	ng_plus	SilverDamage base 1-1;SlashingDamage base 244-244;critical_hit_damage_bonus add 0.25-0.25;focus_gain add 0.1-0.1;human_exp_bonus_when_fatal add 0.05-0.05	SilverDamage base 1-1;SlashingDamage base 244-244;critical_hit_damage_bonus add 0.25-0.25;focus_gain add 0.1-0.1;human_exp_bonus_when_fatal add 0.05-0.05	ok
Bear School steel sword 2	Legendary Ursine steel sword - superior	ng_plus	SilverDamage base 1-1;SlashingDamage base 524-524;critical_hit_damage_bonus add 1.0-1.0;focus_gain add 0.23-0.23;human_exp_bonus_when_fatal add 0.05-0.05	SilverDamage base 1-1;SlashingDamage base 524-524;critical_hit_damage_bonus add 1.0-1.0;focus_gain add 0.23-0.23;human_exp_bonus_when_fatal add 0.05-0.05	ok
NGP Bear School steel sword 2	Ursine steel sword - superior	ng_plus	SilverDamage base 1-1;SlashingDamage base 284-284;critical_hit_damage_bonus add 0.5-0.5;focus_gain add 0.15-0.15;human_exp_bonus_when_fatal add 0.05-0.05	SilverDamage base 1-1;SlashingDamage base 284-284;critical_hit_damage_bonus add 0.5-0.5;focus_gain add 0.15-0.15;human_exp_bonus_when_fatal add 0.05-0.05	ok
Bear School steel sword 3	Legendary Ursine steel sword - mastercrafted	ng_plus	SilverDamage base 1-1;SlashingDamage base 556-556;critical_hit_damage_bonus add 1.0-1.0;focus_gain add 0.25-0.25;human_exp_bonus_when_fatal add 0.05-0.05	SilverDamage base 1-1;SlashingDamage base 556-556;critical_hit_damage_bonus add 1.0-1.0;focus_gain add 0.25-0.25;human_exp_bonus_when_fatal add 0.05-0.05	ok
NGP Bear School steel sword 3	Ursine steel sword - mastercrafted	ng_plus	SilverDamage base 1-1;SlashingDamage base 316-316;critical_hit_damage_bonus add 0.75-0.75;focus_gain add 0.2-0.2;human_exp_bonus_when_fatal add 0.05-0.05	SilverDamage base 1-1;SlashingDamage base 316-316;critical_hit_damage_bonus add 0.75-0.75;focus_gain add 0.2-0.2;human_exp_bonus_when_fatal add 0.05-0.05	ok
Bear School steel sword 4	Grandmaster legendary Ursine steel sword	ng_plus	SilverDamage base 1-1;SlashingDamage base 612-612;critical_hit_chance add 0.05-0.05;critical_hit_damage_bonus add 1.0-1.0;dismember_chance_mult add 0.14-0.14;focus_gain add 0.25-0.25;human_exp_bonus_when_fatal add 0.05-0.05	SilverDamage base 1-1;SlashingDamage base 612-612;critical_hit_chance add 0.05-0.05;critical_hit_damage_bonus add 1.0-1.0;dismember_chance_mult add 0.14-0.14;focus_gain add 0.25-0.25;human_exp_bonus_when_fatal add 0.05-0.05	ok
NGP Bear School steel sword 4	Grandmaster Ursine steel sword	ng_plus	SilverDamage base 1-1;SlashingDamage base 372-372;critical_hit_chance add 0.05-0.05;critical_hit_damage_bonus add 0.75-0.75;dismember_chance_mult add 0.14-0.14;focus_gain add 0.22-0.22;human_exp_bonus_when_fatal add 0.05-0.05	SilverDamage base 1-1;SlashingDamage base 372-372;critical_hit_chance add 0.05-0.05;critical_hit_damage_bonus add 0.75-0.75;dismember_chance_mult add 0.14-0.14;focus_gain add 0.22-0.22;human_exp_bonus_when_fatal add 0.05-0.05	ok
Gryphon School steel sword	Legendary Griffin steel sword	ng_plus	SilverDamage base 1-1;SlashingDamage base 372-372;critical_hit_chance add 0.05-0.05;critical_hit_damage_bonus add 0.25-0.25;human_exp_bonus_when_fatal add 0.05-0.05;spell_power mult 0.21-0.21	SilverDamage base 1-1;SlashingDamage base 372-372;critical_hit_chance add 0.05-0.05;critical_hit_damage_bonus add 0.25-0.25;human_exp_bonus_when_fatal add 0.05-0.05;spell_power mult 0.21-0.21	ok
NGP Gryphon School steel sword	Griffin steel sword	ng_plus	SilverDamage base 1-1;SlashingDamage base 132-132;human_exp_bonus_when_fatal add 0.05-0.05;spell_power mult 0.05-0.05	SilverDamage base 1-1;SlashingDamage base 132-132;human_exp_bonus_when_fatal add 0.05-0.05;spell_power mult 0.05-0.05	ok
Gryphon School steel sword 1	Legendary Griffin steel sword - enhanced	ng_plus	SilverDamage base 1-1;SlashingDamage base 428-428;critical_hit_chance add 0.05-0.05;critical_hit_damage_bonus add 0.25-0.25;human_exp_bonus_when_fatal add 0.05-0.05;spell_power mult 0.22-0.22	SilverDamage base 1-1;SlashingDamage base 428-428;critical_hit_chance add 0.05-0.05;critical_hit_damage_bonus add 0.25-0.25;human_exp_bonus_when_fatal add 0.05-0.05;spell_power mult 0.22-0.22	ok
NGP Gryphon School steel sword 1	Griffin steel sword - enhanced	ng_plus	SilverDamage base 1-1;SlashingDamage base 188-188;human_exp_bonus_when_fatal add 0.05-0.05;spell_power mult 0.1-0.1	SilverDamage base 1-1;SlashingDamage base 188-188;human_exp_bonus_when_fatal add 0.05-0.05;spell_power mult 0.1-0.1	ok
Gryphon School steel sword 2	Legendary Griffin steel sword - superior	ng_plus	SilverDamage base 1-1;SlashingDamage base 492-492;critical_hit_chance add 0.1-0.1;critical_hit_damage_bonus add 0.5-0.5;human_exp_bonus_when_fatal add 0.05-0.05;spell_power mult 0.23-0.23	SilverDamage base 1-1;SlashingDamage base 492-492;critical_hit_chance add 0.1-0.1;critical_hit_damage_bonus add 0.5-0.5;human_exp_bonus_when_fatal add 0.05-0.05;spell_power mult 0.23-0.23	ok
NGP Gryphon School steel sword 2	Griffin steel sword - superior	ng_plus	SilverDamage base 1-1;SlashingDamage base 252-252;critical_hit_damage_bonus add 0.25-0.25;human_exp_bonus_when_fatal add 0.05-0.05;spell_power mult 0.15-0.15	SilverDamage base 1-1;SlashingDamage base 252-252;critical_hit_damage_bonus add 0.25-0.25;human_exp_bonus_when_fatal add 0.05-0.05;spell_power mult 0.15-0.15	ok
Gryphon School steel sword 3	Legendary Griffin steel sword - mastercrafted	ng_plus	SilverDamage base 1-1;SlashingDamage base 556-556;critical_hit_chance add 0.1-0.1;critical_hit_damage_bonus add 0.5-0.5;human_exp_bonus_when_fatal add 0.05-0.05;spell_power mult 0.25-0.25	SilverDamage base 1-1;SlashingDamage base 556-556;critical_hit_chance add 0.1-0.1;critical_hit_damage_bonus add 0.5-0.5;human_exp_bonus_when_fatal add 0.05-0.05;spell_power mult 0.25-0.25	ok
NGP Gryphon School steel sword 3	Griffin steel sword - mastercrafted	ng_plus	SilverDamage base 1-1;SlashingDamage base 316-316;critical_hit_chance add 0.05-0.05;critical_hit_damage_bonus add 0.25-0.25;human_exp_bonus_when_fatal add 0.05-0.05;spell_power mult 0.2-0.2	SilverDamage base 1-1;SlashingDamage base 316-316;critical_hit_chance add 0.05-0.05;critical_hit_damage_bonus add 0.25-0.25;human_exp_bonus_when_fatal add 0.05-0.05;spell_power mult 0.2-0.2	ok
Gryphon School steel sword 4	Grandmaster legendary Griffin steel sword	ng_plus	SilverDamage base 1-1;SlashingDamage base 612-612;critical_hit_chance add 0.1-0.1;critical_hit_damage_bonus add 0.5-0.5;dismember_chance_mult add 0.1-0.1;human_exp_bonus_when_fatal add 0.05-0.05;spell_power mult 0.25-0.25	SilverDamage base 1-1;SlashingDamage base 612-612;critical_hit_chance add 0.1-0.1;critical_hit_damage_bonus add 0.5-0.5;dismember_chance_mult add 0.1-0.1;human_exp_bonus_when_fatal add 0.05-0.05;spell_power mult 0.25-0.25	ok
NGP Gryphon School steel sword 4	Grandmaster Griffin steel sword	ng_plus	SilverDamage base 1-1;SlashingDamage base 372-372;critical_hit_chance add 0.05-0.05;critical_hit_damage_bonus add 0.25-0.25;dismember_chance_mult add 0.1-0.1;human_exp_bonus_when_fatal add 0.05-0.05;spell_power mult 0.22-0.22	SilverDamage base 1-1;SlashingDamage base 372-372;critical_hit_chance add 0.05-0.05;critical_hit_damage_bonus add 0.25-0.25;dismember_chance_mult add 0.1-0.1;human_exp_bonus_when_fatal add 0.05-0.05;spell_power mult 0.22-0.22	ok
Lynx School steel sword	Legendary Feline steel sword	ng_plus	SilverDamage base 1-1;SlashingDamage base 420-420;buff_apply_chance add 0.15-0.15;critical_hit_chance add 0.1-0.1;desc_bleedingchance_mult add 0.15-0.15;human_exp_bonus_when_fatal add 0.05-0.05	SilverDamage base 1-1;SlashingDamage base 420-420;buff_apply_chance add 0.15-0.15;critical_hit_chance add 0.1-0.1;desc_bleedingchance_mult add 0.15-0.15;human_exp_bonus_when_fatal add 0.05-0.05	ok
NGP Lynx School steel sword	Feline steel sword	ng_plus	SilverDamage base 1-1;SlashingDamage base 180-180;buff_apply_chance add 0.05-0.05;desc_bleedingchance_mult add 0.05-0.05;human_exp_bonus_when_fatal add 0.05-0.05	SilverDamage base 1-1;SlashingDamage base 180-180;buff_apply_chance add 0.05-0.05;desc_bleedingchance_mult add 0.05-0.05;human_exp_bonus_when_fatal add 0.05-0.05	ok
Lynx School steel sword 1	Legendary Feline steel sword - enhanced	ng_plus	SilverDamage base 1-1;SlashingDamage base 468-468;buff_apply_chance add 0.15-0.15;critical_hit_chance add 0.1-0.1;desc_bleedingchance_mult add 0.15-0.15;human_exp_bonus_when_fatal add 0.05-0.05	SilverDamage base 1-1;SlashingDamage base 468-468;buff_apply_chance add 0.15-0.15;critical_hit_chance add 0.1-0.1;desc_bleedingchance_mult add 0.15-0.15;human_exp_bonus_when_fatal add 0.05-0.05	ok
NGP Lynx School steel sword 1	Feline steel sword - enhanced	ng_plus	SilverDamage base 1-1;SlashingDamage base 228-228;buff_apply_chance add 0.1-0.1;desc_bleedingchance_mult add 0.1-0.1;human_exp_bonus_when_fatal add 0.05-0.05	SilverDamage base 1-1;SlashingDamage base 228-228;buff_apply_chance add 0.1-0.1;desc_bleedingchance_mult add 0.1-0.1;human_exp_bonus_when_fatal add 0.05-0.05	ok
Lynx School steel sword 2	Legendary Feline steel sword - superior	ng_plus	SilverDamage base 1-1;SlashingDamage base 516-516;buff_apply_chance add 0.15-0.15;critical_hit_chance add 0.15-0.15;desc_bleedingchance_mult add 0.15-0.15;human_exp_bonus_when_fatal add 0.05-0.05	SilverDamage base 1-1;SlashingDamage base 516-516;buff_apply_chance add 0.15-0.15;critical_hit_chance add 0.15-0.15;desc_bleedingchance_mult add 0.15-0.15;human_exp_bonus_when_fatal add 0.05-0.05	ok
NGP Lynx School steel sword 2	Feline steel sword - superior	ng_plus	SilverDamage base 1-1;SlashingDamage base 276-276;buff_apply_chance add 0.1-0.1;critical_hit_chance add 0.05-0.05;desc_bleedingchance_mult add 0.1-0.1;human_exp_bonus_when_fatal add 0.05-0.05	SilverDamage base 1-1;SlashingDamage base 276-276;buff_apply_chance add 0.1-0.1;critical_hit_chance add 0.05-0.05;desc_bleedingchance_mult add 0.1-0.1;human_exp_bonus_when_fatal add 0.05-0.05	ok
Lynx School steel sword 3	Legendary Feline steel sword - mastercrafted	ng_plus	SilverDamage base 1-1;SlashingDamage base 556-556;buff_apply_chance add 0.15-0.15;critical_hit_chance add 0.15-0.15;desc_bleedingchance_mult add 0.15-0.15;human_exp_bonus_when_fatal add 0.05-0.05	SilverDamage base 1-1;SlashingDamage base 556-556;buff_apply_chance add 0.15-0.15;critical_hit_chance add 0.15-0.15;desc_bleedingchance_mult add 0.15-0.15;human_exp_bonus_when_fatal add 0.05-0.05	ok
NGP Lynx School steel sword 3	Feline steel sword - mastercrafted	ng_plus	SilverDamage base 1-1;SlashingDamage base 316-316;buff_apply_chance add 0.15-0.15;critical_hit_chance add 0.1-0.1;desc_bleedingchance_mult add 0.15-0.15;human_exp_bonus_when_fatal add 0.05-0.05	SilverDamage base 1-1;SlashingDamage base 316-316;buff_apply_chance add 0.15-0.15;critical_hit_chance add 0.1-0.1;desc_bleedingchance_mult add 0.15-0.15;human_exp_bonus_when_fatal add 0.05-0.05	ok
Lynx School steel sword 4	Grandmaster legendary Feline steel sword	ng_plus	SilverDamage base 1-1;SlashingDamage base 612-612;buff_apply_chance add 0.15-0.15;critical_hit_chance add 0.15-0.15;desc_bleedingchance_mult add 0.15-0.15;dismember_chance_mult add 0.1-0.1;human_exp_bonus_when_fatal add 0.05-0.05;spell_power_aard mult 0.2-0.2	SilverDamage base 1-1;SlashingDamage base 612-612;buff_apply_chance add 0.15-0.15;critical_hit_chance add 0.15-0.15;desc_bleedingchance_mult add 0.15-0.15;dismember_chance_mult add 0.1-0.1;human_exp_bonus_when_fatal add 0.05-0.05;spell_power_aard mult 0.2-0.2	ok
NGP Lynx School steel sword 4	Grandmaster Feline steel sword	ng_plus	SilverDamage base 1-1;SlashingDamage base 372-372;buff_apply_chance add 0.15-0.15;critical_hit_chance add 0.1-0.1;desc_bleedingchance_mult add 0.15-0.15;dismember_chance_mult add 0.1-0.1;human_exp_bonus_when_fatal add 0.05-0.05;spell_power_aard mult 0.15-0.15	SilverDamage base 1-1;SlashingDamage base 372-372;buff_apply_chance add 0.15-0.15;critical_hit_chance add 0.1-0.1;desc_bleedingchance_mult add 0.15-0.15;dismember_chance_mult add 0.1-0.1;human_exp_bonus_when_fatal add 0.05-0.05;spell_power_aard mult 0.15-0.15	ok
NGP Netflix steel sword	Forgotten Wolven steel sword	ng_plus	SilverDamage base 1-1;SlashingDamage base 201-201;buff_apply_chance add 0.05-0.05;critical_hit_chance add 0.05-0.05;critical_hit_damage_bonus add 0.1-0.1;desc_bleedingchance_mult add 0.05-0.05;focus_gain add 0.06-0.06;human_exp_bonus_when_fatal add 0.05-0.05;spell_power mult 0.05-0.05	SilverDamage base 1-1;SlashingDamage base 201-201;buff_apply_chance add 0.05-0.05;critical_hit_chance add 0.05-0.05;critical_hit_damage_bonus add 0.1-0.1;desc_bleedingchance_mult add 0.05-0.05;focus_gain add 0.06-0.06;human_exp_bonus_when_fatal add 0.05-0.05;spell_power mult 0.05-0.05	ok
Netflix steel sword	Legendary forgotten Wolven steel sword	ng_plus	SilverDamage base 1-1;SlashingDamage base 437-437;buff_apply_chance add 0.05-0.05;critical_hit_chance add 0.05-0.05;critical_hit_damage_bonus add 0.1-0.1;desc_bleedingchance_mult add 0.05-0.05;focus_gain add 0.06-0.06;human_exp_bonus_when_fatal add 0.05-0.05;spell_power mult 0.05-0.05	SilverDamage base 1-1;SlashingDamage base 437-437;buff_apply_chance add 0.05-0.05;critical_hit_chance add 0.05-0.05;critical_hit_damage_bonus add 0.1-0.1;desc_bleedingchance_mult add 0.05-0.05;focus_gain add 0.06-0.06;human_exp_bonus_when_fatal add 0.05-0.05;spell_power mult 0.05-0.05	ok
Reinald Netflix steel sword	Forgotten Wolven steel sword	ng_plus	SilverDamage base 1-1;SlashingDamage base 201-201;buff_apply_chance add 0.05-0.05;critical_hit_chance add 0.05-0.05;critical_hit_damage_bonus add 0.1-0.1;desc_bleedingchance_mult add 0.05-0.05;focus_gain add 0.06-0.06;human_exp_bonus_when_fatal add 0.05-0.05;spell_power mult 0.05-0.05	SilverDamage base 1-1;SlashingDamage base 201-201;buff_apply_chance add 0.05-0.05;critical_hit_chance add 0.05-0.05;critical_hit_damage_bonus add 0.1-0.1;desc_bleedingchance_mult add 0.05-0.05;focus_gain add 0.06-0.06;human_exp_bonus_when_fatal add 0.05-0.05;spell_power mult 0.05-0.05	ok
NGP Netflix steel sword 1	Forgotten Wolven steel sword - mastercrafted	ng_plus	SilverDamage base 1-1;SlashingDamage base 318-318;buff_apply_chance add 0.05-0.05;critical_hit_chance add 0.06-0.06;critical_hit_damage_bonus add 0.15-0.15;desc_bleedingchance_mult add 0.05-0.05;focus_gain add 0.09-0.09;human_exp_bonus_when_fatal add 0.05-0.05;spell_power mult 0.06-0.06	SilverDamage base 1-1;SlashingDamage base 318-318;buff_apply_chance add 0.05-0.05;critical_hit_chance add 0.06-0.06;critical_hit_damage_bonus add 0.15-0.15;desc_bleedingchance_mult add 0.05-0.05;focus_gain add 0.09-0.09;human_exp_bonus_when_fatal add 0.05-0.05;spell_power mult 0.06-0.06	ok
Netflix steel sword 1	Legendary forgotten Wolven steel sword - mastercrafted	ng_plus	SilverDamage base 1-1;SlashingDamage base 556-556;buff_apply_chance add 0.05-0.05;critical_hit_chance add 0.06-0.06;critical_hit_damage_bonus add 0.15-0.15;desc_bleedingchance_mult add 0.05-0.05;focus_gain add 0.09-0.09;human_exp_bonus_when_fatal add 0.05-0.05;spell_power mult 0.06-0.06	SilverDamage base 1-1;SlashingDamage base 556-556;buff_apply_chance add 0.05-0.05;critical_hit_chance add 0.06-0.06;critical_hit_damage_bonus add 0.15-0.15;desc_bleedingchance_mult add 0.05-0.05;focus_gain add 0.09-0.09;human_exp_bonus_when_fatal add 0.05-0.05;spell_power mult 0.06-0.06	ok
NGP Netflix steel sword 2	Grandmaster forgotten Wolven steel sword	ng_plus	SilverDamage base 1-1;SlashingDamage base 372-372;buff_apply_chance add 0.05-0.05;critical_hit_chance add 0.07-0.07;critical_hit_damage_bonus add 0.2-0.2;desc_bleedingchance_mult add 0.05-0.05;focus_gain add 0.1-0.1;human_exp_bonus_when_fatal add 0.1-0.1;spell_power mult 0.07-0.07	SilverDamage base 1-1;SlashingDamage base 372-372;buff_apply_chance add 0.05-0.05;critical_hit_chance add 0.07-0.07;critical_hit_damage_bonus add 0.2-0.2;desc_bleedingchance_mult add 0.05-0.05;focus_gain add 0.1-0.1;human_exp_bonus_when_fatal add 0.1-0.1;spell_power mult 0.07-0.07	ok
Netflix steel sword 2	Grandmaster legendary forgotten Wolven steel sword	ng_plus	SilverDamage base 1-1;SlashingDamage base 612-612;buff_apply_chance add 0.05-0.05;critical_hit_chance add 0.07-0.07;critical_hit_damage_bonus add 0.2-0.2;desc_bleedingchance_mult add 0.05-0.05;focus_gain add 0.1-0.1;human_exp_bonus_when_fatal add 0.1-0.1;spell_power mult 0.07-0.07	SilverDamage base 1-1;SlashingDamage base 612-612;buff_apply_chance add 0.05-0.05;critical_hit_chance add 0.07-0.07;critical_hit_damage_bonus add 0.2-0.2;desc_bleedingchance_mult add 0.05-0.05;focus_gain add 0.1-0.1;human_exp_bonus_when_fatal add 0.1-0.1;spell_power mult 0.07-0.07	ok
NGP Red Wolf School steel sword 1	Manticore steel sword	ng_plus	SilverDamage base 1-1;SlashingDamage base 372-372;armor_reduction base 250-250;buff_apply_chance add 0.12-0.12;critical_hit_chance add 0.15-0.15;critical_hit_damage_bonus add 0.5-0.5;desc_bleedingchance_mult add 0.12-0.12;human_exp_bonus_when_fatal add 0.05-0.05	SilverDamage base 1-1;SlashingDamage base 372-372;armor_reduction base 250-250;buff_apply_chance add 0.12-0.12;critical_hit_chance add 0.15-0.15;critical_hit_damage_bonus add 0.5-0.5;desc_bleedingchance_mult add 0.12-0.12;human_exp_bonus_when_fatal add 0.05-0.05	ok
Red Wolf School steel sword 1	Legendary Manticore steel sword	ng_plus	SilverDamage base 1-1;SlashingDamage base 612-612;armor_reduction base 300-300;buff_apply_chance add 0.15-0.15;critical_hit_chance add 0.1-0.1;critical_hit_damage_bonus add 0.5-0.5;desc_bleedingchance_mult add 0.15-0.15;human_exp_bonus_when_fatal add 0.05-0.05	SilverDamage base 1-1;SlashingDamage base 612-612;armor_reduction base 300-300;buff_apply_chance add 0.15-0.15;critical_hit_chance add 0.1-0.1;critical_hit_damage_bonus add 0.5-0.5;desc_bleedingchance_mult add 0.15-0.15;human_exp_bonus_when_fatal add 0.05-0.05	ok
EP1 Viper School steel sword	Legendary Viper venomous steel sword	ng_plus	SilverDamage base 1-1;SlashingDamage base 604-604;buff_apply_chance add 0.15-0.15;critical_hit_chance add 0.1-0.1;critical_hit_damage_bonus add 0.75-0.75;desc_poinsonchance_mult add 0.15-0.15;human_exp_bonus_when_fatal add 0.05-0.05;spell_power_aard mult 0.25-0.25	SilverDamage base 1-1;SlashingDamage base 604-604;buff_apply_chance add 0.15-0.15;critical_hit_chance add 0.1-0.1;critical_hit_damage_bonus add 0.75-0.75;desc_poinsonchance_mult add 0.15-0.15;human_exp_bonus_when_fatal add 0.05-0.05;spell_power_aard mult 0.25-0.25	ok
NGP EP1 Viper School steel sword	Viper venomous steel sword	ng_plus	SilverDamage base 1-1;SlashingDamage base 364-364;buff_apply_chance add 0.15-0.15;critical_hit_chance add 0.1-0.1;critical_hit_damage_bonus add 0.75-0.75;desc_poinsonchance_mult add 0.15-0.15;human_exp_bonus_when_fatal add 0.05-0.05;spell_power_aard mult 0.25-0.25	SilverDamage base 1-1;SlashingDamage base 364-364;buff_apply_chance add 0.15-0.15;critical_hit_chance add 0.1-0.1;critical_hit_damage_bonus add 0.75-0.75;desc_poinsonchance_mult add 0.15-0.15;human_exp_bonus_when_fatal add 0.05-0.05;spell_power_aard mult 0.25-0.25	ok
NGP Viper School steel sword	Viper steel sword	ng_plus	SilverDamage base 1-1;SlashingDamage base 55-55;buff_apply_chance add 0.15-0.15;desc_poinsonchance_mult add 0.15-0.15;human_exp_bonus_when_fatal add 0.05-0.05	SilverDamage base 1-1;SlashingDamage base 55-55;buff_apply_chance add 0.15-0.15;desc_poinsonchance_mult add 0.15-0.15;human_exp_bonus_when_fatal add 0.05-0.05	ok
Viper School steel sword	Legendary Viper steel sword	ng_plus	SilverDamage base 1-1;SlashingDamage base 295-295;buff_apply_chance add 0.15-0.15;critical_hit_chance add 0.05-0.05;desc_poinsonchance_mult add 0.15-0.15;human_exp_bonus_when_fatal add 0.05-0.05	SilverDamage base 1-1;SlashingDamage base 295-295;buff_apply_chance add 0.15-0.15;critical_hit_chance add 0.05-0.05;desc_poinsonchance_mult add 0.15-0.15;human_exp_bonus_when_fatal add 0.05-0.05	ok
NGP Wolf School steel sword	Legendary Wolven steel sword	ng_plus	SilverDamage base 1-1;SlashingDamage base 396-396;buff_apply_chance add 0.11-0.11;critical_hit_chance add 0.11-0.11;desc_bleedingchance_mult add 0.11-0.11;focus_gain add 0.11-0.11;human_exp_bonus_when_fatal add 0.05-0.05;spell_power mult 0.11-0.11	SilverDamage base 1-1;SlashingDamage base 396-396;buff_apply_chance add 0.11-0.11;critical_hit_chance add 0.11-0.11;desc_bleedingchance_mult add 0.11-0.11;focus_gain add 0.11-0.11;human_exp_bonus_when_fatal add 0.05-0.05;spell_power mult 0.11-0.11	ok
Wolf School steel sword	Wolven steel sword	ng_plus	SilverDamage base 1-1;SlashingDamage base 156-156;buff_apply_chance add 0.05-0.05;desc_bleedingchance_mult add 0.05-0.05;focus_gain add 0.05-0.05;human_exp_bonus_when_fatal add 0.05-0.05;spell_power mult 0.05-0.05	SilverDamage base 1-1;SlashingDamage base 156-156;buff_apply_chance add 0.05-0.05;desc_bleedingchance_mult add 0.05-0.05;focus_gain add 0.05-0.05;human_exp_bonus_when_fatal add 0.05-0.05;spell_power mult 0.05-0.05	ok
NGP Wolf School steel sword 1	Legendary Wolven steel sword - enhanced	ng_plus	SilverDamage base 1-1;SlashingDamage base 452-452;buff_apply_chance add 0.12-0.12;critical_hit_chance add 0.12-0.12;desc_bleedingchance_mult add 0.12-0.12;focus_gain add 0.12-0.12;human_exp_bonus_when_fatal add 0.05-0.05;spell_power mult 0.12-0.12	SilverDamage base 1-1;SlashingDamage base 452-452;buff_apply_chance add 0.12-0.12;critical_hit_chance add 0.12-0.12;desc_bleedingchance_mult add 0.12-0.12;focus_gain add 0.12-0.12;human_exp_bonus_when_fatal add 0.05-0.05;spell_power mult 0.12-0.12	ok
Wolf School steel sword 1	Wolven steel sword - enhanced	ng_plus	SilverDamage base 1-1;SlashingDamage base 212-212;buff_apply_chance add 0.06-0.06;desc_bleedingchance_mult add 0.06-0.06;focus_gain add 0.06-0.06;human_exp_bonus_when_fatal add 0.05-0.05;spell_power mult 0.06-0.06	SilverDamage base 1-1;SlashingDamage base 212-212;buff_apply_chance add 0.06-0.06;desc_bleedingchance_mult add 0.06-0.06;focus_gain add 0.06-0.06;human_exp_bonus_when_fatal add 0.05-0.05;spell_power mult 0.06-0.06	ok
NGP Wolf School steel sword 2	Legendary Wolven steel sword - superior	ng_plus	SilverDamage base 1-1;SlashingDamage base 516-516;buff_apply_chance add 0.13-0.13;critical_hit_chance add 0.13-0.13;desc_bleedingchance_mult add 0.13-0.13;focus_gain add 0.13-0.13;human_exp_bonus_when_fatal add 0.05-0.05;spell_power mult 0.13-0.13	SilverDamage base 1-1;SlashingDamage base 516-516;buff_apply_chance add 0.13-0.13;critical_hit_chance add 0.13-0.13;desc_bleedingchance_mult add 0.13-0.13;focus_gain add 0.13-0.13;human_exp_bonus_when_fatal add 0.05-0.05;spell_power mult 0.13-0.13	ok
Wolf School steel sword 2	Wolven steel sword - superior	ng_plus	SilverDamage base 1-1;SlashingDamage base 276-276;buff_apply_chance add 0.07-0.07;critical_hit_chance add 0.05-0.05;desc_bleedingchance_mult add 0.07-0.07;focus_gain add 0.07-0.07;human_exp_bonus_when_fatal add 0.05-0.05;spell_power mult 0.07-0.07	SilverDamage base 1-1;SlashingDamage base 276-276;buff_apply_chance add 0.07-0.07;critical_hit_chance add 0.05-0.05;desc_bleedingchance_mult add 0.07-0.07;focus_gain add 0.07-0.07;human_exp_bonus_when_fatal add 0.05-0.05;spell_power mult 0.07-0.07	ok
NGP Wolf School steel sword 3	Legendary Wolven steel sword - mastercrafted	ng_plus	SilverDamage base 1-1;SlashingDamage base 556-556;buff_apply_chance add 0.15-0.15;critical_hit_chance add 0.15-0.15;desc_bleedingchance_mult add 0.15-0.15;focus_gain add 0.15-0.15;human_exp_bonus_when_fatal add 0.05-0.05;spell_power mult 0.15-0.15	SilverDamage base 1-1;SlashingDamage base 556-556;buff_apply_chance add 0.15-0.15;critical_hit_chance add 0.15-0.15;desc_bleedingchance_mult add 0.15-0.15;focus_gain add 0.15-0.15;human_exp_bonus_when_fatal add 0.05-0.05;spell_power mult 0.15-0.15	ok
Wolf School steel sword 3	Wolven steel sword - mastercrafted	ng_plus	SilverDamage base 1-1;SlashingDamage base 316-316;buff_apply_chance add 0.1-0.1;critical_hit_chance add 0.1-0.1;desc_bleedingchance_mult add 0.1-0.1;focus_gain add 0.1-0.1;human_exp_bonus_when_fatal add 0.05-0.05;spell_power mult 0.1-0.1	SilverDamage base 1-1;SlashingDamage base 316-316;buff_apply_chance add 0.1-0.1;critical_hit_chance add 0.1-0.1;desc_bleedingchance_mult add 0.1-0.1;focus_gain add 0.1-0.1;human_exp_bonus_when_fatal add 0.05-0.05;spell_power mult 0.1-0.1	ok
NGP Wolf School steel sword 4	Grandmaster Wolven steel sword	ng_plus	SilverDamage base 1-1;SlashingDamage base 372-372;buff_apply_chance add 0.12-0.12;critical_hit_chance add 0.12-0.12;desc_bleedingchance_mult add 0.12-0.12;focus_gain add 0.12-0.12;human_exp_bonus_when_fatal add 0.05-0.05;spell_power mult 0.12-0.12	SilverDamage base 1-1;SlashingDamage base 372-372;buff_apply_chance add 0.12-0.12;critical_hit_chance add 0.12-0.12;desc_bleedingchance_mult add 0.12-0.12;focus_gain add 0.12-0.12;human_exp_bonus_when_fatal add 0.05-0.05;spell_power mult 0.12-0.12	ok
Wolf School steel sword 4	Grandmaster legendary Wolven steel sword	ng_plus	SilverDamage base 1-1;SlashingDamage base 612-612;buff_apply_chance add 0.15-0.15;critical_hit_chance add 0.15-0.15;desc_bleedingchance_mult add 0.15-0.15;focus_gain base 0.15-0.15;human_exp_bonus_when_fatal add 0.05-0.05;spell_power mult 0.15-0.15	SilverDamage base 1-1;SlashingDamage base 612-612;buff_apply_chance add 0.15-0.15;critical_hit_chance add 0.15-0.15;desc_bleedingchance_mult add 0.15-0.15;focus_gain base 0.15-0.15;human_exp_bonus_when_fatal add 0.05-0.05;spell_power mult 0.15-0.15	ok
NGP q702 vampire steel sword	Tesham Mutna steel sword	ng_plus	SilverDamage base 1-1;SlashingDamage base 356-356;armor_reduction base 150-150;buff_apply_chance add 0.15-0.15;critical_hit_chance add 0.15-0.15;critical_hit_damage_bonus add 0.75-0.75;desc_bleedingchance_mult add 0.15-0.15;desc_confusionchance_mult add 0.15-0.15	SilverDamage base 1-1;SlashingDamage base 356-356;armor_reduction base 150-150;buff_apply_chance add 0.15-0.15;critical_hit_chance add 0.15-0.15;critical_hit_damage_bonus add 0.75-0.75;desc_bleedingchance_mult add 0.15-0.15;desc_confusionchance_mult add 0.15-0.15	ok
q702 vampire steel sword	Tesham Mutna steel sword	ng_plus	SilverDamage base 1-1;SlashingDamage base 596-596;armor_reduction base 150-150;buff_apply_chance add 0.15-0.15;critical_hit_chance add 0.15-0.15;critical_hit_damage_bonus add 0.75-0.75;desc_bleedingchance_mult add 0.15-0.15;desc_confusionchance_mult add 0.15-0.15	SilverDamage base 1-1;SlashingDamage base 596-596;armor_reduction base 150-150;buff_apply_chance add 0.15-0.15;critical_hit_chance add 0.15-0.15;critical_hit_damage_bonus add 0.75-0.75;desc_bleedingchance_mult add 0.15-0.15;desc_confusionchance_mult add 0.15-0.15	ok
q704 vampire steel sword	Hen Gaidth steel sword	ng_plus	SilverDamage base 1-1;armor_reduction base 150-150;buff_apply_chance add 0.15-0.15;critical_hit_chance add 0.15-0.15;critical_hit_damage_bonus add 0.75-0.75;desc_bleedingchance_mult add 0.15-0.15;desc_confusionchance_mult add 0.15-0.15;item_level_max add 100-100;item_level_min add 40-40	SilverDamage base 1-1;armor_reduction base 150-150;buff_apply_chance add 0.15-0.15;critical_hit_chance add 0.15-0.15;critical_hit_damage_bonus add 0.75-0.75;desc_bleedingchance_mult add 0.15-0.15;desc_confusionchance_mult add 0.15-0.15;item_level_max add 100-100;item_level_min add 40-40	ok
Dol Blathanna longsword	Sword of a Thousand Flowers	ng_plus	SilverDamage base 1-1;SlashingDamage base 323-323;armor_reduction base 15-15;critical_hit_chance add 0.05-0.05;critical_hit_damage_bonus add 0.15-0.15;human_exp_bonus_when_fatal add 0.05-0.05;spell_power_aard mult 0.01-0.1	SilverDamage base 1-1;SlashingDamage base 323-323;armor_reduction base 15-15;critical_hit_chance add 0.05-0.05;critical_hit_damage_bonus add 0.15-0.15;human_exp_bonus_when_fatal add 0.05-0.05;spell_power_aard mult 0.01-0.1	ok
NGP Dol Blathanna longsword	Sword of a Thousand Flowers	ng_plus	SilverDamage base 1-1;SlashingDamage base 91-91;armor_reduction base 5-5;critical_hit_chance add 0.05-0.05;critical_hit_damage_bonus add 0.1-0.1;human_exp_bonus_when_fatal add 0.05-0.05;spell_power_aard mult 0.01-0.1	SilverDamage base 1-1;SlashingDamage base 91-91;armor_reduction base 5-5;critical_hit_chance add 0.05-0.05;critical_hit_damage_bonus add 0.1-0.1;human_exp_bonus_when_fatal add 0.05-0.05;spell_power_aard mult 0.01-0.1	ok
NGP Steel Vixen	Nine-Tailed Vixen steel sword	ng_plus	SilverDamage base 1-1;SlashingDamage base 121-121;buff_apply_chance add 0.05-0.05;critical_hit_chance add 0.1-0.1;desc_bleedingchance_mult add 0.05-0.05;dismember_chance_mult add 0.05-0.05	SilverDamage base 1-1;SlashingDamage base 121-121;buff_apply_chance add 0.05-0.05;critical_hit_chance add 0.1-0.1;desc_bleedingchance_mult add 0.05-0.05;dismember_chance_mult add 0.05-0.05	ok
Steel Vixen	Nine-Tailed Vixen steel sword	ng_plus	SilverDamage base 1-1;SlashingDamage base 357-357;buff_apply_chance add 0.1-0.1;critical_hit_chance add 0.1-0.1;critical_hit_damage_bonus add 0.2-0.2;desc_bleedingchance_mult add 0.1-0.1;dismember_chance_mult add 0.05-0.05	SilverDamage base 1-1;SlashingDamage base 357-357;buff_apply_chance add 0.1-0.1;critical_hit_chance add 0.1-0.1;critical_hit_damage_bonus add 0.2-0.2;desc_bleedingchance_mult add 0.1-0.1;dismember_chance_mult add 0.05-0.05	ok
Abarad	Winter Blade	ng_plus	FrostDamage add 5-20;SilverDamage base 1-1;buff_apply_chance add 0.02-0.02;desc_freezingchance_mult add 0.02-0.02	FrostDamage add 5-20;SilverDamage base 1-1;buff_apply_chance add 0.02-0.02;desc_freezingchance_mult add 0.02-0.02	ok
Angivare	Angivare	ng_plus	SilverDamage base 1-1;buff_apply_chance add 0.02-0.02;critical_hit_chance add 0.01-0.1;critical_hit_damage_bonus add 0.1-0.5;desc_bleedingchance_mult add 0.02-0.02	SilverDamage base 1-1;buff_apply_chance add 0.02-0.02;critical_hit_chance add 0.01-0.1;critical_hit_damage_bonus add 0.1-0.5;desc_bleedingchance_mult add 0.02-0.02	ok
Arbitrator	Arbitrator	ng_plus	SilverDamage base 1-1;buff_apply_chance add 0.02-0.02;critical_hit_damage_bonus add 0.1-0.5;desc_staggerchance_mult add 0.02-0.02;dismember_chance_mult add 0.01-0.1	SilverDamage base 1-1;buff_apply_chance add 0.02-0.02;critical_hit_damage_bonus add 0.1-0.5;desc_staggerchance_mult add 0.02-0.02;dismember_chance_mult add 0.01-0.1	ok
Ardaenye	Ard'aenye	ng_plus	SilverDamage base 1-1;buff_apply_chance add 0.03-0.03;desc_burningchance_mult add 0.03-0.03;spell_power_igni mult 0.01-0.2	SilverDamage base 1-1;buff_apply_chance add 0.03-0.03;desc_burningchance_mult add 0.03-0.03;spell_power_igni mult 0.01-0.2	ok
Ashrune	Ashrune	ng_plus	SilverDamage base 1-1;buff_apply_chance add 0.05-0.05;critical_hit_damage_bonus add 0.01-0.05;desc_freezingchance_mult add 0.05-0.05;dismember_chance_mult add 0.01-0.03;human_exp_bonus_when_fatal add 0.01-0.02	SilverDamage base 1-1;buff_apply_chance add 0.05-0.05;critical_hit_damage_bonus add 0.01-0.05;desc_freezingchance_mult add 0.05-0.05;dismember_chance_mult add 0.01-0.03;human_exp_bonus_when_fatal add 0.01-0.02	ok
Barbersurgeon	Barber-Surgeon	ng_plus	SilverDamage base 1-1;bonus_money add 0.01-0.05;buff_apply_chance add 0.05-0.05;desc_confusionchance_mult add 0.05-0.05;dismember_chance_mult add 0.01-0.1;human_exp_bonus_when_fatal add 0.01-0.05;spell_power_aard mult 0.01-0.1	SilverDamage base 1-1;bonus_money add 0.01-0.05;buff_apply_chance add 0.05-0.05;desc_confusionchance_mult add 0.05-0.05;dismember_chance_mult add 0.01-0.1;human_exp_bonus_when_fatal add 0.01-0.05;spell_power_aard mult 0.01-0.1	ok
Beannshie	Beann'shie	ng_plus	FrostDamage add 1-10;SilverDamage base 1-1;armor_reduction base 1-50;spell_power_aard mult 0.01-0.15	FrostDamage add 1-10;SilverDamage base 1-1;armor_reduction base 1-50;spell_power_aard mult 0.01-0.15	ok
Blackunicorn	Black Unicorn	ng_plus	SilverDamage base 1-1;buff_apply_chance add 0.05-0.05;desc_bleedingchance_mult add 0.05-0.05;spell_power_aard mult 0.01-0.12	SilverDamage base 1-1;buff_apply_chance add 0.05-0.05;desc_bleedingchance_mult add 0.05-0.05;spell_power_aard mult 0.01-0.12	ok
Bloedeaedd	Bloed Aedd	ng_plus	SilverDamage base 1-1;buff_apply_chance add 0.06-0.06;critical_hit_damage_bonus add 0.02-0.11;desc_bleedingchance_mult add 0.06-0.06;human_exp_bonus_when_fatal add 0.01-0.02;spell_power_yrden mult 0.03-0.1	SilverDamage base 1-1;buff_apply_chance add 0.06-0.06;critical_hit_damage_bonus add 0.02-0.11;desc_bleedingchance_mult add 0.06-0.06;human_exp_bonus_when_fatal add 0.01-0.02;spell_power_yrden mult 0.03-0.1	ok
Caerme	Caerme	ng_plus	FireDamage add 1-10;SilverDamage base 1-1;dismember_chance_mult add 0.01-0.1;spell_power_igni mult 0.01-0.12	FireDamage add 1-10;SilverDamage base 1-1;dismember_chance_mult add 0.01-0.1;spell_power_igni mult 0.01-0.12	ok
Caroline	Caroline	ng_plus	SilverDamage base 1-1;buff_apply_chance add 0.1-0.1;critical_hit_chance add 0.1-0.2;desc_bleedingchance_mult add 0.1-0.1;spell_power_axii mult 0.1-0.15;spell_power_quen mult 0.08-0.1	SilverDamage base 1-1;buff_apply_chance add 0.1-0.1;critical_hit_chance add 0.1-0.2;desc_bleedingchance_mult add 0.1-0.1;spell_power_axii mult 0.1-0.15;spell_power_quen mult 0.08-0.1	ok
Cheesecutter	The Emmentaler	ng_plus	FireDamage add 1-20;SilverDamage base 1-1;spell_power_igni mult 0.01-0.12	FireDamage add 1-20;SilverDamage base 1-1;spell_power_igni mult 0.01-0.12	ok
Cleaver	Cleaver hood	ng_plus	SilverDamage base 1-1;armor_reduction base 20-90;critical_hit_damage_bonus add 0.2-0.7;dismember_chance_mult add 0.01-0.02	SilverDamage base 1-1;armor_reduction base 20-90;critical_hit_damage_bonus add 0.2-0.7;dismember_chance_mult add 0.01-0.02	ok
Crafted Burning Rose Sword	Order of the Flaming Rose sword	ng_plus	SilverDamage base 1-1;SlashingDamage base 574-574;buff_apply_chance add 0.1-0.1;desc_burningchance_mult add 0.1-0.1;desc_confusionchance_mult add 0.1-0.1;desc_staggerchance_mult add 0.1-0.1;dismember_chance_mult add 0.03-0.03;instant_kill_chance_mult add 0.03-0.03	SilverDamage base 1-1;SlashingDamage base 574-574;buff_apply_chance add 0.1-0.1;desc_burningchance_mult add 0.1-0.1;desc_confusionchance_mult add 0.1-0.1;desc_staggerchance_mult add 0.1-0.1;dismember_chance_mult add 0.03-0.03;instant_kill_chance_mult add 0.03-0.03	ok
Crafted Ofir Steel Sword	Ofieri saber	ng_plus	SilverDamage base 1-1;SlashingDamage base 590-590;critical_hit_chance add 0.15-0.15;critical_hit_damage_bonus add 0.75-0.75;spell_power_aard mult 0.1-0.1;spell_power_axii mult 0.1-0.1;spell_power_igni mult 0.2-0.2	SilverDamage base 1-1;SlashingDamage base 590-590;critical_hit_chance add 0.15-0.15;critical_hit_damage_bonus add 0.75-0.75;spell_power_aard mult 0.1-0.1;spell_power_axii mult 0.1-0.1;spell_power_igni mult 0.2-0.2	ok
Dancer	Dancer	ng_plus	SilverDamage base 1-1;buff_apply_chance add 0.07-0.07;critical_hit_chance add 0.05-0.11;desc_bleedingchance_mult add 0.07-0.07;human_exp_bonus_when_fatal add 0.01-0.02	SilverDamage base 1-1;buff_apply_chance add 0.07-0.07;critical_hit_chance add 0.05-0.11;desc_bleedingchance_mult add 0.07-0.07;human_exp_bonus_when_fatal add 0.01-0.02	ok
Daystar	Daystar	ng_plus	FireDamage add 4-8;SilverDamage base 1-1;bonus_money add 0.01-0.03;buff_apply_chance add 0.08-0.08;desc_burningchance_mult add 0.08-0.08	FireDamage add 4-8;SilverDamage base 1-1;bonus_money add 0.01-0.03;buff_apply_chance add 0.08-0.08;desc_burningchance_mult add 0.08-0.08	ok
Deireadh	Deireadh	ng_plus	SilverDamage base 1-1;bonus_money add 0.01-0.05;buff_apply_chance add 0.01-0.01;critical_hit_damage_bonus add 0.01-0.15;desc_confusionchance_mult add 0.01-0.01	SilverDamage base 1-1;bonus_money add 0.01-0.05;buff_apply_chance add 0.01-0.01;critical_hit_damage_bonus add 0.01-0.15;desc_confusionchance_mult add 0.01-0.01	ok
Devine	Devine	ng_plus	SilverDamage base 1-1;armor_reduction base 50-0.05;buff_apply_chance add 0.07-0.07;desc_confusionchance_mult add 0.07-0.07;human_exp_bonus_when_fatal add 0.01-0.03;spell_power_aard mult 0.1-0.05	SilverDamage base 1-1;armor_reduction base 50-0.05;buff_apply_chance add 0.07-0.07;desc_confusionchance_mult add 0.07-0.07;human_exp_bonus_when_fatal add 0.01-0.03;spell_power_aard mult 0.1-0.05	ok
Dyaebl	D'yaebl	ng_plus	SilverDamage base 1-1;buff_apply_chance add 0.04-0.04;desc_burningchance_mult add 0.04-0.04	SilverDamage base 1-1;buff_apply_chance add 0.04-0.04;desc_burningchance_mult add 0.04-0.04	ok
Eredin Sword	Wild Hunt warrior's sword - enhanced	ng_plus	SilverDamage base 1-1;critical_hit_damage_bonus add 0.01-0.15;dismember_chance_mult add 0.01-0.1;human_exp_bonus_when_fatal add 0.01-0.05;instant_kill_chance add 0.01-0.02;instant_kill_chance_mult add 0.01-0.02;spell_power_igni mult 0.01-0.2	SilverDamage base 1-1;critical_hit_damage_bonus add 0.01-0.15;dismember_chance_mult add 0.01-0.1;human_exp_bonus_when_fatal add 0.01-0.05;instant_kill_chance add 0.01-0.02;instant_kill_chance_mult add 0.01-0.02;spell_power_igni mult 0.01-0.2	ok
Forgottenvransword	Forgotten Vran Sword	ng_plus	SilverDamage base 1-1;buff_apply_chance add 0.1-0.1;critical_hit_chance add 0.04-0.05;critical_hit_damage_bonus add 0.1-0.15;desc_confusionchance_mult add 0.1-0.1	SilverDamage base 1-1;buff_apply_chance add 0.1-0.1;critical_hit_chance add 0.04-0.05;critical_hit_damage_bonus add 0.1-0.15;desc_confusionchance_mult add 0.1-0.1	ok
Gloryofthenorth	Glory of the North	ng_plus	SilverDamage base 1-1;buff_apply_chance add 0.06-0.06;desc_burningchance_mult add 0.06-0.06;spell_power_igni mult 0.03-0.1	SilverDamage base 1-1;buff_apply_chance add 0.06-0.06;desc_burningchance_mult add 0.06-0.06;spell_power_igni mult 0.03-0.1	ok
Gnomish sword 2	Tir Tochair blade	ng_plus	SilverDamage base 1-1;buff_apply_chance add 0.35-0.35;critical_hit_chance add 0.05-0.05;critical_hit_damage_bonus add 0.5-0.5;desc_bleedingchance_mult add 0.35-0.35;dismember_chance add 0.01-0.01	SilverDamage base 1-1;buff_apply_chance add 0.35-0.35;critical_hit_chance add 0.05-0.05;critical_hit_damage_bonus add 0.5-0.5;desc_bleedingchance_mult add 0.35-0.35;dismember_chance add 0.01-0.01	ok
Guard lvl1 steel sword 3	Toussaint Ducal Guardsman's steel sword	ng_plus	SilverDamage base 1-1;SlashingDamage base 612-612;armor_reduction base 100-100;buff_apply_chance add 0.1-0.1;critical_hit_chance add 0.1-0.1;critical_hit_damage_bonus add 0.5-0.5;desc_bleedingchance_mult add 0.1-0.1;desc_confusionchance_mult add 0.1-0.1	SilverDamage base 1-1;SlashingDamage base 612-612;armor_reduction base 100-100;buff_apply_chance add 0.1-0.1;critical_hit_chance add 0.1-0.1;critical_hit_damage_bonus add 0.5-0.5;desc_bleedingchance_mult add 0.1-0.1;desc_confusionchance_mult add 0.1-0.1	ok
Guard lvl1 steel sword 3 Autogen	Toussaint Ducal Guardsman's steel sword	ng_plus	SilverDamage base 1-1;armor_reduction base 200-200;buff_apply_chance add 0.1-0.1;critical_hit_chance add 0.1-0.1;critical_hit_damage_bonus add 0.5-0.5;desc_bleedingchance_mult add 0.1-0.1;desc_confusionchance_mult add 0.1-0.1;item_level_max add 100-100;item_level_min add 43-43	SilverDamage base 1-1;armor_reduction base 200-200;buff_apply_chance add 0.1-0.1;critical_hit_chance add 0.1-0.1;critical_hit_damage_bonus add 0.5-0.5;desc_bleedingchance_mult add 0.1-0.1;desc_confusionchance_mult add 0.1-0.1;item_level_max add 100-100;item_level_min add 43-43	ok
Guard lvl2 steel sword 3	Toussaint Ducal Guard Officer's steel sword	ng_plus	SilverDamage base 1-1;SlashingDamage base 620-620;armor_reduction base 150-150;buff_apply_chance add 0.12-0.12;critical_hit_chance add 0.15-0.15;critical_hit_damage_bonus add 0.75-0.75;desc_bleedingchance_mult add 0.12-0.12;desc_confusionchance_mult add 0.12-0.12	SilverDamage base 1-1;SlashingDamage base 620-620;armor_reduction base 150-150;buff_apply_chance add 0.12-0.12;critical_hit_chance add 0.15-0.15;critical_hit_damage_bonus add 0.75-0.75;desc_bleedingchance_mult add 0.12-0.12;desc_confusionchance_mult add 0.12-0.12	ok
Gwent steel sword 1	Blave	ng_plus	SilverDamage base 1-1;critical_hit_chance add 0.15-0.15;critical_hit_damage_bonus add 0.75-0.75;item_level_max add 100-100;item_level_min add 40-40;spell_power_aard mult 0.15-0.15;spell_power_axii mult 0.15-0.15;spell_power_igni mult 0.24-0.24	SilverDamage base 1-1;critical_hit_chance add 0.15-0.15;critical_hit_damage_bonus add 0.75-0.75;item_level_max add 100-100;item_level_min add 40-40;spell_power_aard mult 0.15-0.15;spell_power_axii mult 0.15-0.15;spell_power_igni mult 0.24-0.24	ok
Gwestog	Gwestog	ng_plus	SilverDamage base 1-1;buff_apply_chance add 0.02-0.02;desc_freezingchance_mult add 0.02-0.02;dismember_chance_mult add 0.04-0.1;spell_power_quen mult 0.02-0.1	SilverDamage base 1-1;buff_apply_chance add 0.02-0.02;desc_freezingchance_mult add 0.02-0.02;dismember_chance_mult add 0.04-0.1;spell_power_quen mult 0.02-0.1	ok
Gwyhyr	Gwyhyr	ng_plus	SilverDamage base 1-1;armor_reduction base 2-100;buff_apply_chance add 0.06-0.06;critical_hit_damage_bonus add 0.01-0.1;desc_bleedingchance_mult add 0.06-0.06;spell_power_yrden mult 0.01-0.1	SilverDamage base 1-1;armor_reduction base 2-100;buff_apply_chance add 0.06-0.06;critical_hit_damage_bonus add 0.01-0.1;desc_bleedingchance_mult add 0.06-0.06;spell_power_yrden mult 0.01-0.1	ok
Hanza steel sword 3	Viroledan blade	ng_plus	SilverDamage base 1-1;SlashingDamage base 652-652;buff_apply_chance add 0.15-0.15;critical_hit_chance add 0.15-0.15;critical_hit_damage_bonus add 0.75-0.75;desc_bleedingchance_mult add 0.15-0.15;desc_poinsonchance_mult add 0.15-0.15;instant_kill_chance_mult add 0.03-0.03	SilverDamage base 1-1;SlashingDamage base 652-652;buff_apply_chance add 0.15-0.15;critical_hit_chance add 0.15-0.15;critical_hit_damage_bonus add 0.75-0.75;desc_bleedingchance_mult add 0.15-0.15;desc_poinsonchance_mult add 0.15-0.15;instant_kill_chance_mult add 0.03-0.03	ok
Harvall	Harvall	ng_plus	SilverDamage base 1-1;buff_apply_chance add 0.09-0.09;desc_burningchance_mult add 0.09-0.09;spell_power_igni mult 0.01-0.15	SilverDamage base 1-1;buff_apply_chance add 0.09-0.09;desc_burningchance_mult add 0.09-0.09;spell_power_igni mult 0.01-0.15	ok
Headtaker	Headhunter	ng_plus	SilverDamage base 1-1;armor_reduction base 5-45;critical_hit_chance add 0.05-0.06;critical_hit_damage_bonus add 0.2-0.6;dismember_chance_mult add 0.01-0.02	SilverDamage base 1-1;armor_reduction base 5-45;critical_hit_chance add 0.05-0.06;critical_hit_damage_bonus add 0.2-0.6;dismember_chance_mult add 0.01-0.02	ok
Hjalmar_Short_Steel_Sword	Hjalmar's steel sword	ng_plus	SilverDamage base 1-1;critical_hit_damage_bonus add 2-0.15;human_exp_bonus_when_fatal add 0.02-0.03	SilverDamage base 1-1;critical_hit_damage_bonus add 2-0.15;human_exp_bonus_when_fatal add 0.02-0.03	ok
Inis	Inis	ng_plus	SilverDamage base 1-1;armor_reduction base 25-50;buff_apply_chance add 0.03-0.03;critical_hit_chance add 0.02-0.04;desc_poinsonchance_mult add 0.03-0.03;human_exp_bonus_when_fatal add 0.01-0.02	SilverDamage base 1-1;armor_reduction base 25-50;buff_apply_chance add 0.03-0.03;critical_hit_chance add 0.02-0.04;desc_poinsonchance_mult add 0.03-0.03;human_exp_bonus_when_fatal add 0.01-0.02	ok
Karabela	Carabella	ng_plus	SilverDamage base 1-1;buff_apply_chance add 0.02-0.02;critical_hit_chance add 0.05-0.14;desc_freezingchance_mult add 0.02-0.02	SilverDamage base 1-1;buff_apply_chance add 0.02-0.02;critical_hit_chance add 0.05-0.14;desc_freezingchance_mult add 0.02-0.02	ok
Knights steel sword 3	Toussaint knight's steel sword	ng_plus	SilverDamage base 1-1;SlashingDamage base 668-668;armor_reduction base 300-300;buff_apply_chance add 0.15-0.15;critical_hit_chance add 0.2-0.2;critical_hit_damage_bonus add 1.0-1.0;desc_burningchance_mult add 0.15-0.15;spell_power_quen mult 0.3-0.3	SilverDamage base 1-1;SlashingDamage base 668-668;armor_reduction base 300-300;buff_apply_chance add 0.15-0.15;critical_hit_chance add 0.2-0.2;critical_hit_damage_bonus add 1.0-1.0;desc_burningchance_mult add 0.15-0.15;spell_power_quen mult 0.3-0.3	ok
Longclaw	Longclaw	ng_plus	SilverDamage base 1-1;armor_reduction base 10-50;dismember_chance_mult add 0.01-0.03;human_exp_bonus_when_fatal add 0.02-0.05;spell_power_yrden mult 0.05-0.1	SilverDamage base 1-1;armor_reduction base 10-50;dismember_chance_mult add 0.01-0.03;human_exp_bonus_when_fatal add 0.02-0.05;spell_power_yrden mult 0.05-0.1	ok
Lune	Lune	ng_plus	SilverDamage base 1-1;buff_apply_chance add 0.04-0.04;desc_freezingchance_mult add 0.04-0.04;spell_power_aard mult 0.05-0.08	SilverDamage base 1-1;buff_apply_chance add 0.04-0.04;desc_freezingchance_mult add 0.04-0.04;spell_power_aard mult 0.05-0.08	ok
Mourner	Mourner	ng_plus	SilverDamage base 1-1;armor_reduction base 1-20;critical_hit_damage_bonus add 0.05-0.22;human_exp_bonus_when_fatal add 0.01-0.02;spell_power_yrden mult 0.04-0.1	SilverDamage base 1-1;armor_reduction base 1-20;critical_hit_damage_bonus add 0.05-0.22;human_exp_bonus_when_fatal add 0.01-0.02;spell_power_yrden mult 0.04-0.1	ok
NGP Crafted Burning Rose Sword	Order of the Flaming Rose sword	ng_plus	SilverDamage base 1-1;SlashingDamage base 332-332;buff_apply_chance add 0.1-0.1;buff_apply_chance add 0.1-0.1;buff_apply_chance add 0.1-0.1;desc_burningchance_mult add 0.1-0.1;desc_confusionchance_mult add 0.1-0.1;desc_staggerchance_mult add 0.1-0.1;dismember_chance_mult add 0.03-0.03;instant_kill_chance_mult add 0.03-0.03	SilverDamage base 1-1;SlashingDamage base 332-332;buff_apply_chance add 0.1-0.1;buff_apply_chance add 0.1-0.1;buff_apply_chance add 0.1-0.1;desc_burningchance_mult add 0.1-0.1;desc_confusionchance_mult add 0.1-0.1;desc_staggerchance_mult add 0.1-0.1;dismember_chance_mult add 0.03-0.03;instant_kill_chance_mult add 0.03-0.03	ok
NGP Crafted Ofir Steel Sword	Ofieri saber	ng_plus	SilverDamage base 1-1;SlashingDamage base 350-350;critical_hit_chance add 0.15-0.15;critical_hit_damage_bonus add 0.75-0.75;spell_power_aard mult 0.1-0.1;spell_power_axii mult 0.1-0.1;spell_power_igni mult 0.2-0.2	SilverDamage base 1-1;SlashingDamage base 350-350;critical_hit_chance add 0.15-0.15;critical_hit_damage_bonus add 0.75-0.75;spell_power_aard mult 0.1-0.1;spell_power_axii mult 0.1-0.1;spell_power_igni mult 0.2-0.2	ok
NGP Guard lvl1 steel sword 3	Toussaint Ducal Guardsman's steel sword	ng_plus	SilverDamage base 1-1;SlashingDamage base 372-372;armor_reduction base 100-100;buff_apply_chance add 0.1-0.1;critical_hit_chance add 0.1-0.1;critical_hit_damage_bonus add 0.5-0.5;desc_bleedingchance_mult add 0.1-0.1;desc_confusionchance_mult add 0.1-0.1	SilverDamage base 1-1;SlashingDamage base 372-372;armor_reduction base 100-100;buff_apply_chance add 0.1-0.1;critical_hit_chance add 0.1-0.1;critical_hit_damage_bonus add 0.5-0.5;desc_bleedingchance_mult add 0.1-0.1;desc_confusionchance_mult add 0.1-0.1	ok
NGP Guard lvl2 steel sword 3	Toussaint Ducal Guard Officer's steel sword	ng_plus	SilverDamage base 1-1;SlashingDamage base 380-380;armor_reduction base 150-150;buff_apply_chance add 0.12-0.12;critical_hit_chance add 0.15-0.15;critical_hit_damage_bonus add 0.75-0.75;desc_bleedingchance_mult add 0.12-0.12;desc_confusionchance_mult add 0.12-0.12	SilverDamage base 1-1;SlashingDamage base 380-380;armor_reduction base 150-150;buff_apply_chance add 0.12-0.12;critical_hit_chance add 0.15-0.15;critical_hit_damage_bonus add 0.75-0.75;desc_bleedingchance_mult add 0.12-0.12;desc_confusionchance_mult add 0.12-0.12	ok
NGP Hanza steel sword 3	Viroledan blade	ng_plus	SilverDamage base 1-1;SlashingDamage base 412-412;buff_apply_chance add 0.15-0.15;critical_hit_chance add 0.15-0.15;critical_hit_damage_bonus add 0.75-0.75;desc_bleedingchance_mult add 0.15-0.15;desc_poinsonchance_mult add 0.15-0.15;instant_kill_chance_mult add 0.03-0.03	SilverDamage base 1-1;SlashingDamage base 412-412;buff_apply_chance add 0.15-0.15;critical_hit_chance add 0.15-0.15;critical_hit_damage_bonus add 0.75-0.75;desc_bleedingchance_mult add 0.15-0.15;desc_poinsonchance_mult add 0.15-0.15;instant_kill_chance_mult add 0.03-0.03	ok
NGP Knights steel sword 3	Toussaint knight's steel sword	ng_plus	SilverDamage base 1-1;SlashingDamage base 428-428;armor_reduction base 300-300;buff_apply_chance add 0.15-0.15;critical_hit_chance add 0.2-0.2;critical_hit_damage_bonus add 1.0-1.0;desc_burningchance_mult add 0.15-0.15;spell_power_quen mult 0.3-0.3	SilverDamage base 1-1;SlashingDamage base 428-428;armor_reduction base 300-300;buff_apply_chance add 0.15-0.15;critical_hit_chance add 0.2-0.2;critical_hit_damage_bonus add 1.0-1.0;desc_burningchance_mult add 0.15-0.15;spell_power_quen mult 0.3-0.3	ok
NGP Olgierd Sabre	Iris	ng_plus	SilverDamage base 1-1;SlashingDamage base 363-363	SilverDamage base 1-1;SlashingDamage base 363-363	ok
NGP Serpent Steel Sword 1	Faramond's blade	ng_plus	SilverDamage base 1-1;SlashingDamage base 388-388;buff_apply_chance add 0.15-0.15;critical_hit_chance add 0.11-0.11;critical_hit_damage_bonus add 0.85-0.85;desc_poinsonchance_mult add 0.15-0.15;human_exp_bonus_when_fatal add 0.05-0.05;spell_power_aard mult 0.26-0.26	SilverDamage base 1-1;SlashingDamage base 388-388;buff_apply_chance add 0.15-0.15;critical_hit_chance add 0.11-0.11;critical_hit_damage_bonus add 0.85-0.85;desc_poinsonchance_mult add 0.15-0.15;human_exp_bonus_when_fatal add 0.05-0.05;spell_power_aard mult 0.26-0.26	ok
NGP Serpent Steel Sword 2	Faithful Friend	ng_plus	SilverDamage base 1-1;SlashingDamage base 396-396;buff_apply_chance add 0.15-0.15;critical_hit_chance add 0.12-0.12;critical_hit_damage_bonus add 0.95-0.95;desc_poinsonchance_mult add 0.15-0.15;human_exp_bonus_when_fatal add 0.05-0.05;spell_power_aard mult 0.28-0.28	SilverDamage base 1-1;SlashingDamage base 396-396;buff_apply_chance add 0.15-0.15;critical_hit_chance add 0.12-0.12;critical_hit_damage_bonus add 0.95-0.95;desc_poinsonchance_mult add 0.15-0.15;human_exp_bonus_when_fatal add 0.05-0.05;spell_power_aard mult 0.28-0.28	ok
NGP Serpent Steel Sword 3	Belhaven blade	ng_plus	SilverDamage base 1-1;SlashingDamage base 404-404;buff_apply_chance add 0.15-0.15;critical_hit_chance add 0.15-0.15;critical_hit_damage_bonus add 1.0-1.0;desc_poinsonchance_mult add 0.15-0.15;human_exp_bonus_when_fatal add 0.05-0.05;spell_power_aard mult 0.3-0.3	SilverDamage base 1-1;SlashingDamage base 404-404;buff_apply_chance add 0.15-0.15;critical_hit_chance add 0.15-0.15;critical_hit_damage_bonus add 1.0-1.0;desc_poinsonchance_mult add 0.15-0.15;human_exp_bonus_when_fatal add 0.05-0.05;spell_power_aard mult 0.3-0.3	ok
NGP Toussaint steel sword 3	Toussaint steel sword	ng_plus	SilverDamage base 1-1;SlashingDamage base 428-428;armor_reduction base 250-250;buff_apply_chance add 0.15-0.15;critical_hit_chance add 0.15-0.15;critical_hit_damage_bonus add 0.75-0.75;desc_bleedingchance_mult add 0.15-0.15;desc_burningchance_mult add 0.15-0.15	SilverDamage base 1-1;SlashingDamage base 428-428;armor_reduction base 250-250;buff_apply_chance add 0.15-0.15;critical_hit_chance add 0.15-0.15;critical_hit_damage_bonus add 0.75-0.75;desc_bleedingchance_mult add 0.15-0.15;desc_burningchance_mult add 0.15-0.15	ok
Ofir Sabre 1	Ofieri kilij	ng_plus	SilverDamage base 1-1;armor_reduction base 100-100;buff_apply_chance add 0.1-0.1;critical_hit_chance add 0.1-0.1;desc_burningchance_mult add 0.1-0.1;item_level_max add 35-35;item_level_min add 33-33;spell_power_aard mult 0.15-0.15;spell_power_igni mult 0.15-0.15	SilverDamage base 1-1;armor_reduction base 100-100;buff_apply_chance add 0.1-0.1;critical_hit_chance add 0.1-0.1;desc_burningchance_mult add 0.1-0.1;item_level_max add 35-35;item_level_min add 33-33;spell_power_aard mult 0.15-0.15;spell_power_igni mult 0.15-0.15	ok
Olgierd Sabre	Iris	ng_plus	SilverDamage base 1-1;SlashingDamage base 603-603	SilverDamage base 1-1;SlashingDamage base 603-603	ok
Princessxenthiasword	Princess Xenthia's sword	ng_plus	SilverDamage base 1-1;buff_apply_chance add 0.08-0.08;desc_staggerchance_mult add 0.08-0.08;dismember_chance_mult add 0.01-0.04;spell_power_axii mult 0.02-0.1;spell_power_igni mult 0.02-0.1	SilverDamage base 1-1;buff_apply_chance add 0.08-0.08;desc_staggerchance_mult add 0.08-0.08;dismember_chance_mult add 0.01-0.04;spell_power_axii mult 0.02-0.1;spell_power_igni mult 0.02-0.1	ok
Robustswordofdolblathanna	Superior Dol Blathanna sword	ng_plus	SilverDamage base 1-1;bonus_money add 0.01-0.03;critical_hit_damage_bonus add 0.05-0.15;human_exp_bonus_when_fatal add 0.02-0.05	SilverDamage base 1-1;bonus_money add 0.01-0.03;critical_hit_damage_bonus add 0.05-0.15;human_exp_bonus_when_fatal add 0.02-0.05	ok
Serpent Steel Sword 1	Faramond's blade	ng_plus	SilverDamage base 1-1;SlashingDamage base 628-628;buff_apply_chance add 0.15-0.15;critical_hit_chance add 0.11-0.11;critical_hit_damage_bonus add 0.85-0.85;desc_poinsonchance_mult add 0.15-0.15;human_exp_bonus_when_fatal add 0.05-0.05;spell_power_aard mult 0.26-0.26	SilverDamage base 1-1;SlashingDamage base 628-628;buff_apply_chance add 0.15-0.15;critical_hit_chance add 0.11-0.11;critical_hit_damage_bonus add 0.85-0.85;desc_poinsonchance_mult add 0.15-0.15;human_exp_bonus_when_fatal add 0.05-0.05;spell_power_aard mult 0.26-0.26	ok
Serpent Steel Sword 2	Faithful Friend	ng_plus	SilverDamage base 1-1;SlashingDamage base 636-636;buff_apply_chance add 0.15-0.15;critical_hit_chance add 0.12-0.12;critical_hit_damage_bonus add 0.95-0.95;desc_poinsonchance_mult add 0.15-0.15;human_exp_bonus_when_fatal add 0.05-0.05;spell_power_aard mult 0.28-0.28	SilverDamage base 1-1;SlashingDamage base 636-636;buff_apply_chance add 0.15-0.15;critical_hit_chance add 0.12-0.12;critical_hit_damage_bonus add 0.95-0.95;desc_poinsonchance_mult add 0.15-0.15;human_exp_bonus_when_fatal add 0.05-0.05;spell_power_aard mult 0.28-0.28	ok
Serpent Steel Sword 3	Belhaven blade	ng_plus	SilverDamage base 1-1;SlashingDamage base 644-644;buff_apply_chance add 0.15-0.15;critical_hit_chance add 0.15-0.15;critical_hit_damage_bonus add 1.0-1.0;desc_poinsonchance_mult add 0.15-0.15;human_exp_bonus_when_fatal add 0.05-0.05;spell_power_aard mult 0.3-0.3	SilverDamage base 1-1;SlashingDamage base 644-644;buff_apply_chance add 0.15-0.15;critical_hit_chance add 0.15-0.15;critical_hit_damage_bonus add 1.0-1.0;desc_poinsonchance_mult add 0.15-0.15;human_exp_bonus_when_fatal add 0.05-0.05;spell_power_aard mult 0.3-0.3	ok
Squire steel sword 3	Squire's steel sword	ng_plus	SilverDamage base 1-1;armor_reduction base 200-200;buff_apply_chance add 0.15-0.15;critical_hit_chance add 0.1-0.1;critical_hit_damage_bonus add 0.75-0.75;desc_burningchance_mult add 0.15-0.15;item_level_max add 100-100;item_level_min add 46-46;spell_power_yrden mult 0.25-0.25	SilverDamage base 1-1;armor_reduction base 200-200;buff_apply_chance add 0.15-0.15;critical_hit_chance add 0.1-0.1;critical_hit_damage_bonus add 0.75-0.75;desc_burningchance_mult add 0.15-0.15;item_level_max add 100-100;item_level_min add 46-46;spell_power_yrden mult 0.25-0.25	ok
Torlara	Tor Lara	ng_plus	SilverDamage base 1-1;buff_apply_chance add 0.12-0.12;desc_burningchance_mult add 0.12-0.12;instant_kill_chance_mult add 0.02-0.03;spell_power_aard mult 0.15-0.2;spell_power_quen mult 0.05-0.15	SilverDamage base 1-1;buff_apply_chance add 0.12-0.12;desc_burningchance_mult add 0.12-0.12;instant_kill_chance_mult add 0.02-0.03;spell_power_aard mult 0.15-0.2;spell_power_quen mult 0.05-0.15	ok
Toussaint steel sword 3	Toussaint steel sword	ng_plus	SilverDamage base 1-1;SlashingDamage base 668-668;armor_reduction base 250-250;buff_apply_chance add 0.15-0.15;critical_hit_chance add 0.15-0.15;critical_hit_damage_bonus add 0.75-0.75;desc_bleedingchance_mult add 0.15-0.15;desc_burningchance_mult add 0.15-0.15	SilverDamage base 1-1;SlashingDamage base 668-668;armor_reduction base 250-250;buff_apply_chance add 0.15-0.15;critical_hit_chance add 0.15-0.15;critical_hit_damage_bonus add 0.75-0.75;desc_bleedingchance_mult add 0.15-0.15;desc_burningchance_mult add 0.15-0.15	ok
Ultimatum	Ultimatum	ng_plus	SilverDamage base 1-1;buff_apply_chance add 0.08-0.08;critical_hit_chance add 0.02-0.04;critical_hit_damage_bonus add 0.04-0.23;desc_staggerchance_mult add 0.08-0.08;spell_power_igni mult 0.05-0.1	SilverDamage base 1-1;buff_apply_chance add 0.08-0.08;critical_hit_chance add 0.02-0.04;critical_hit_damage_bonus add 0.04-0.23;desc_staggerchance_mult add 0.08-0.08;spell_power_igni mult 0.05-0.1	ok
Unique steel sword	Vitis	ng_plus	SilverDamage base 1-1;item_level_max add 100-100;item_level_min add 40-40;spell_power_aard mult 0.2-0.2;spell_power_axii mult 0.2-0.2;spell_power_igni mult 0.2-0.2;spell_power_quen mult 0.2-0.2;spell_power_yrden mult 0.2-0.2	SilverDamage base 1-1;item_level_max add 100-100;item_level_min add 40-40;spell_power_aard mult 0.2-0.2;spell_power_axii mult 0.2-0.2;spell_power_igni mult 0.2-0.2;spell_power_quen mult 0.2-0.2;spell_power_yrden mult 0.2-0.2	ok
Vynbleidd	Hope	ng_plus	SilverDamage base 1-1;dismember_chance_mult add 0.01-0.1;human_exp_bonus_when_fatal add 0.01-0.05;spell_power_igni mult 0.01-0.2	SilverDamage base 1-1;dismember_chance_mult add 0.01-0.1;human_exp_bonus_when_fatal add 0.01-0.05;spell_power_igni mult 0.01-0.2	ok
Wolf	Wolf	ng_plus	SilverDamage base 1-1;armor_reduction base 20-100;bonus_money add 0.02-0.05;buff_apply_chance add 0.04-0.04;desc_bleedingchance_mult add 0.04-0.04	SilverDamage base 1-1;armor_reduction base 20-100;bonus_money add 0.02-0.05;buff_apply_chance add 0.04-0.04;desc_bleedingchance_mult add 0.04-0.04	ok
Zireael Phantom Sword	Zireael	ng_plus	PhysicalDamage base 350-350;SilverDamage base 350-350;armor_reduction add 800-800	PhysicalDamage base 350-350;SilverDamage base 350-350;armor_reduction add 800-800	ok
Zireael Sword	Zireael	ng_plus	PhysicalDamage base 350-350;SilverDamage base 350-350;armor_reduction add 800-800	PhysicalDamage base 350-350;SilverDamage base 350-350;armor_reduction add 800-800	ok
q402 Skellige sword 3	Winter's Blade	ng_plus	SilverDamage base 1-1;armor_reduction base 40-40;buff_apply_chance add 0.1-0.1;critical_hit_damage_bonus add 0.55-0.55;desc_freezingchance_mult add 0.1-0.1	SilverDamage base 1-1;armor_reduction base 40-40;buff_apply_chance add 0.1-0.1;critical_hit_damage_bonus add 0.55-0.55;desc_freezingchance_mult add 0.1-0.1	ok
sq304 Novigraadan sword 4	Blade from the Bits	ng_plus	SilverDamage base 1-1;critical_hit_damage_bonus add 0.5-0.5	SilverDamage base 1-1;critical_hit_damage_bonus add 0.5-0.5	ok
Bear School silver sword	Legendary Ursine silver sword	ng_plus	SilverDamage base 614-614;SlashingDamage base 1-1;critical_hit_chance add 0.05-0.05;critical_hit_chance add 0.05-0.05;critical_hit_damage_bonus add 0.75-0.75;dismember_chance_mult add 0.1-0.1;focus_gain add 0.21-0.21;nonhuman_exp_bonus_when_fatal add 0.2-0.2	SilverDamage base 614-614;SlashingDamage base 1-1;critical_hit_chance add 0.05-0.05;critical_hit_chance add 0.05-0.05;critical_hit_damage_bonus add 0.75-0.75;dismember_chance_mult add 0.1-0.1;focus_gain add 0.21-0.21;nonhuman_exp_bonus_when_fatal add 0.2-0.2	ok
NGP Bear School silver sword	Ursine silver sword	ng_plus	SilverDamage base 314-314;SlashingDamage base 1-1;critical_hit_chance add 0.05-0.05;dismember_chance_mult add 0.1-0.1;focus_gain add 0.05-0.05;nonhuman_exp_bonus_when_fatal add 0.2-0.2	SilverDamage base 314-314;SlashingDamage base 1-1;critical_hit_chance add 0.05-0.05;dismember_chance_mult add 0.1-0.1;focus_gain add 0.05-0.05;nonhuman_exp_bonus_when_fatal add 0.2-0.2	ok
Bear School silver sword 1	Legendary Ursine silver sword - enhanced	ng_plus	SilverDamage base 664-664;SlashingDamage base 1-1;critical_hit_chance add 0.05-0.05;critical_hit_damage_bonus add 0.75-0.75;dismember_chance_mult add 0.12-0.12;focus_gain add 0.22-0.22;nonhuman_exp_bonus_when_fatal add 0.2-0.2	SilverDamage base 664-664;SlashingDamage base 1-1;critical_hit_chance add 0.05-0.05;critical_hit_damage_bonus add 0.75-0.75;dismember_chance_mult add 0.12-0.12;focus_gain add 0.22-0.22;nonhuman_exp_bonus_when_fatal add 0.2-0.2	ok
NGP Bear School silver sword 1	Ursine silver sword - enhanced	ng_plus	SilverDamage base 364-364;SlashingDamage base 1-1;critical_hit_chance add 0.05-0.05;critical_hit_damage_bonus add 0.25-0.25;dismember_chance_mult add 0.12-0.12;focus_gain add 0.1-0.1;nonhuman_exp_bonus_when_fatal add 0.2-0.2	SilverDamage base 364-364;SlashingDamage base 1-1;critical_hit_chance add 0.05-0.05;critical_hit_damage_bonus add 0.25-0.25;dismember_chance_mult add 0.12-0.12;focus_gain add 0.1-0.1;nonhuman_exp_bonus_when_fatal add 0.2-0.2	ok
Bear School silver sword 2	Legendary Ursine silver sword - superior	ng_plus	SilverDamage base 714-714;SlashingDamage base 1-1;critical_hit_chance add 0.05-0.05;critical_hit_damage_bonus add 1.0-1.0;dismember_chance_mult add 0.13-0.13;focus_gain add 0.23-0.23;nonhuman_exp_bonus_when_fatal add 0.2-0.2	SilverDamage base 714-714;SlashingDamage base 1-1;critical_hit_chance add 0.05-0.05;critical_hit_damage_bonus add 1.0-1.0;dismember_chance_mult add 0.13-0.13;focus_gain add 0.23-0.23;nonhuman_exp_bonus_when_fatal add 0.2-0.2	ok
NGP Bear School silver sword 2	Ursine silver sword - superior	ng_plus	SilverDamage base 414-414;SlashingDamage base 1-1;critical_hit_chance add 0.05-0.05;critical_hit_damage_bonus add 0.5-0.5;dismember_chance_mult add 0.13-0.13;focus_gain add 0.15-0.15;nonhuman_exp_bonus_when_fatal add 0.2-0.2	SilverDamage base 414-414;SlashingDamage base 1-1;critical_hit_chance add 0.05-0.05;critical_hit_damage_bonus add 0.5-0.5;dismember_chance_mult add 0.13-0.13;focus_gain add 0.15-0.15;nonhuman_exp_bonus_when_fatal add 0.2-0.2	ok
Bear School silver sword 3	Legendary Ursine silver sword - mastercrafted	ng_plus	SilverDamage base 754-754;SlashingDamage base 1-1;critical_hit_chance add 0.05-0.05;critical_hit_damage_bonus add 1.0-1.0;dismember_chance_mult add 0.14-0.14;focus_gain add 0.25-0.25;nonhuman_exp_bonus_when_fatal add 0.2-0.2	SilverDamage base 754-754;SlashingDamage base 1-1;critical_hit_chance add 0.05-0.05;critical_hit_damage_bonus add 1.0-1.0;dismember_chance_mult add 0.14-0.14;focus_gain add 0.25-0.25;nonhuman_exp_bonus_when_fatal add 0.2-0.2	ok
NGP Bear School silver sword 3	Ursine silver sword - mastercrafted	ng_plus	SilverDamage base 454-454;SlashingDamage base 1-1;critical_hit_chance add 0.05-0.05;critical_hit_damage_bonus add 0.75-0.75;dismember_chance_mult add 0.14-0.14;focus_gain add 0.2-0.2;nonhuman_exp_bonus_when_fatal add 0.2-0.2	SilverDamage base 454-454;SlashingDamage base 1-1;critical_hit_chance add 0.05-0.05;critical_hit_damage_bonus add 0.75-0.75;dismember_chance_mult add 0.14-0.14;focus_gain add 0.2-0.2;nonhuman_exp_bonus_when_fatal add 0.2-0.2	ok
Bear School silver sword 4	Grandmaster legendary Ursine silver sword	ng_plus	SilverDamage base 824-824;SlashingDamage base 1-1;critical_hit_chance add 0.05-0.05;critical_hit_damage_bonus add 1.0-1.0;dismember_chance_mult add 0.14-0.14;focus_gain add 0.25-0.25;nonhuman_exp_bonus_when_fatal add 0.2-0.2	SilverDamage base 824-824;SlashingDamage base 1-1;critical_hit_chance add 0.05-0.05;critical_hit_damage_bonus add 1.0-1.0;dismember_chance_mult add 0.14-0.14;focus_gain add 0.25-0.25;nonhuman_exp_bonus_when_fatal add 0.2-0.2	ok
NGP Bear School silver sword 4	Grandmaster Ursine silver sword	ng_plus	SilverDamage base 524-524;SlashingDamage base 1-1;critical_hit_chance add 0.05-0.05;critical_hit_damage_bonus add 0.75-0.75;dismember_chance_mult add 0.14-0.14;focus_gain add 0.22-0.22;nonhuman_exp_bonus_when_fatal add 0.2-0.2	SilverDamage base 524-524;SlashingDamage base 1-1;critical_hit_chance add 0.05-0.05;critical_hit_damage_bonus add 0.75-0.75;dismember_chance_mult add 0.14-0.14;focus_gain add 0.22-0.22;nonhuman_exp_bonus_when_fatal add 0.2-0.2	ok
Gryphon School silver sword	Legendary Griffin silver sword	ng_plus	SilverDamage base 524-524;SlashingDamage base 1-1;critical_hit_chance add 0.05-0.05;critical_hit_damage_bonus add 0.25-0.25;nonhuman_exp_bonus_when_fatal add 0.2-0.2;spell_power mult 0.21-0.21	SilverDamage base 524-524;SlashingDamage base 1-1;critical_hit_chance add 0.05-0.05;critical_hit_damage_bonus add 0.25-0.25;nonhuman_exp_bonus_when_fatal add 0.2-0.2;spell_power mult 0.21-0.21	ok
NGP Gryphon School silver sword	Griffin silver sword	ng_plus	SilverDamage base 224-224;SlashingDamage base 1-1;nonhuman_exp_bonus_when_fatal add 0.2-0.2;spell_power mult 0.05-0.05	SilverDamage base 224-224;SlashingDamage base 1-1;nonhuman_exp_bonus_when_fatal add 0.2-0.2;spell_power mult 0.05-0.05	ok
Gryphon School silver sword 1	Legendary Griffin silver sword - enhanced	ng_plus	SilverDamage base 594-594;SlashingDamage base 1-1;critical_hit_chance add 0.05-0.05;critical_hit_damage_bonus add 0.25-0.25;nonhuman_exp_bonus_when_fatal add 0.2-0.2;spell_power mult 0.22-0.22	SilverDamage base 594-594;SlashingDamage base 1-1;critical_hit_chance add 0.05-0.05;critical_hit_damage_bonus add 0.25-0.25;nonhuman_exp_bonus_when_fatal add 0.2-0.2;spell_power mult 0.22-0.22	ok
NGP Gryphon School silver sword 1	Griffin silver sword - enhanced	ng_plus	SilverDamage base 294-294;SlashingDamage base 1-1;nonhuman_exp_bonus_when_fatal add 0.2-0.2;spell_power mult 0.1-0.1	SilverDamage base 294-294;SlashingDamage base 1-1;nonhuman_exp_bonus_when_fatal add 0.2-0.2;spell_power mult 0.1-0.1	ok
Gryphon School silver sword 2	Legendary Griffin silver sword - superior	ng_plus	SilverDamage base 674-674;SlashingDamage base 1-1;critical_hit_chance add 0.1-0.1;critical_hit_damage_bonus add 0.5-0.5;dismember_chance_mult add 0.1-0.1;nonhuman_exp_bonus_when_fatal add 0.2-0.2;spell_power mult 0.23-0.23	SilverDamage base 674-674;SlashingDamage base 1-1;critical_hit_chance add 0.1-0.1;critical_hit_damage_bonus add 0.5-0.5;dismember_chance_mult add 0.1-0.1;nonhuman_exp_bonus_when_fatal add 0.2-0.2;spell_power mult 0.23-0.23	ok
NGP Gryphon School silver sword 2	Griffin silver sword - superior	ng_plus	SilverDamage base 374-374;SlashingDamage base 1-1;critical_hit_damage_bonus add 0.25-0.25;dismember_chance_mult add 0.1-0.1;nonhuman_exp_bonus_when_fatal add 0.2-0.2;spell_power mult 0.15-0.15	SilverDamage base 374-374;SlashingDamage base 1-1;critical_hit_damage_bonus add 0.25-0.25;dismember_chance_mult add 0.1-0.1;nonhuman_exp_bonus_when_fatal add 0.2-0.2;spell_power mult 0.15-0.15	ok
Gryphon School silver sword 3	Legendary Griffin silver sword - mastercrafted	ng_plus	SilverDamage base 754-754;SlashingDamage base 1-1;critical_hit_chance add 0.1-0.1;critical_hit_damage_bonus add 0.5-0.5;dismember_chance_mult add 0.1-0.1;nonhuman_exp_bonus_when_fatal add 0.2-0.2;spell_power mult 0.25-0.25	SilverDamage base 754-754;SlashingDamage base 1-1;critical_hit_chance add 0.1-0.1;critical_hit_damage_bonus add 0.5-0.5;dismember_chance_mult add 0.1-0.1;nonhuman_exp_bonus_when_fatal add 0.2-0.2;spell_power mult 0.25-0.25	ok
NGP Gryphon School silver sword 3	Griffin silver sword - mastercrafted	ng_plus	SilverDamage base 454-454;SlashingDamage base 1-1;critical_hit_chance add 0.05-0.05;critical_hit_damage_bonus add 0.25-0.25;dismember_chance_mult add 0.1-0.1;nonhuman_exp_bonus_when_fatal add 0.2-0.2;spell_power mult 0.2-0.2	SilverDamage base 454-454;SlashingDamage base 1-1;critical_hit_chance add 0.05-0.05;critical_hit_damage_bonus add 0.25-0.25;dismember_chance_mult add 0.1-0.1;nonhuman_exp_bonus_when_fatal add 0.2-0.2;spell_power mult 0.2-0.2	ok
Gryphon School silver sword 4	Grandmaster legendary Griffin silver sword	ng_plus	SilverDamage base 824-824;SlashingDamage base 1-1;critical_hit_chance add 0.1-0.1;critical_hit_damage_bonus add 0.5-0.5;dismember_chance_mult add 0.1-0.1;nonhuman_exp_bonus_when_fatal add 0.2-0.2;spell_power mult 0.25-0.25	SilverDamage base 824-824;SlashingDamage base 1-1;critical_hit_chance add 0.1-0.1;critical_hit_damage_bonus add 0.5-0.5;dismember_chance_mult add 0.1-0.1;nonhuman_exp_bonus_when_fatal add 0.2-0.2;spell_power mult 0.25-0.25	ok
NGP Gryphon School silver sword 4	Grandmaster Griffin silver sword	ng_plus	SilverDamage base 524-524;SlashingDamage base 1-1;critical_hit_chance add 0.05-0.05;critical_hit_damage_bonus add 0.25-0.25;dismember_chance_mult add 0.1-0.1;nonhuman_exp_bonus_when_fatal add 0.2-0.2;spell_power mult 0.22-0.22	SilverDamage base 524-524;SlashingDamage base 1-1;critical_hit_chance add 0.05-0.05;critical_hit_damage_bonus add 0.25-0.25;dismember_chance_mult add 0.1-0.1;nonhuman_exp_bonus_when_fatal add 0.2-0.2;spell_power mult 0.22-0.22	ok
Lynx School silver sword	Legendary Feline silver sword	ng_plus	SilverDamage base 584-584;SlashingDamage base 1-1;buff_apply_chance add 0.15-0.15;critical_hit_chance add 0.1-0.1;desc_bleedingchance_mult add 0.15-0.15;dismember_chance_mult add 0.1-0.1;nonhuman_exp_bonus_when_fatal add 0.2-0.2;spell_power_aard mult 0.2-0.2	SilverDamage base 584-584;SlashingDamage base 1-1;buff_apply_chance add 0.15-0.15;critical_hit_chance add 0.1-0.1;desc_bleedingchance_mult add 0.15-0.15;dismember_chance_mult add 0.1-0.1;nonhuman_exp_bonus_when_fatal add 0.2-0.2;spell_power_aard mult 0.2-0.2	ok
NGP Lynx School silver sword	Feline silver sword	ng_plus	SilverDamage base 284-284;SlashingDamage base 1-1;buff_apply_chance add 0.05-0.05;desc_bleedingchance_mult add 0.05-0.05;nonhuman_exp_bonus_when_fatal add 0.2-0.2;spell_power_aard mult 0.12-0.12	SilverDamage base 284-284;SlashingDamage base 1-1;buff_apply_chance add 0.05-0.05;desc_bleedingchance_mult add 0.05-0.05;nonhuman_exp_bonus_when_fatal add 0.2-0.2;spell_power_aard mult 0.12-0.12	ok
Lynx School silver sword 1	Legendary Feline silver sword - enhanced	ng_plus	SilverDamage base 644-644;SlashingDamage base 1-1;buff_apply_chance add 0.15-0.15;critical_hit_chance add 0.1-0.1;desc_bleedingchance_mult add 0.15-0.15;dismember_chance_mult add 0.1-0.1;nonhuman_exp_bonus_when_fatal add 0.2-0.2;spell_power_aard mult 0.25-0.25	SilverDamage base 644-644;SlashingDamage base 1-1;buff_apply_chance add 0.15-0.15;critical_hit_chance add 0.1-0.1;desc_bleedingchance_mult add 0.15-0.15;dismember_chance_mult add 0.1-0.1;nonhuman_exp_bonus_when_fatal add 0.2-0.2;spell_power_aard mult 0.25-0.25	ok
NGP Lynx School silver sword 1	Feline silver sword - enhanced	ng_plus	SilverDamage base 344-344;SlashingDamage base 1-1;buff_apply_chance add 0.1-0.1;desc_bleedingchance_mult add 0.1-0.1;nonhuman_exp_bonus_when_fatal add 0.2-0.2;spell_power_aard mult 0.14-0.14	SilverDamage base 344-344;SlashingDamage base 1-1;buff_apply_chance add 0.1-0.1;desc_bleedingchance_mult add 0.1-0.1;nonhuman_exp_bonus_when_fatal add 0.2-0.2;spell_power_aard mult 0.14-0.14	ok
Lynx School silver sword 2	Legendary Feline silver sword - superior	ng_plus	SilverDamage base 704-704;SlashingDamage base 1-1;buff_apply_chance add 0.15-0.15;critical_hit_chance add 0.15-0.15;desc_bleedingchance_mult add 0.15-0.15;dismember_chance_mult add 0.1-0.1;nonhuman_exp_bonus_when_fatal add 0.2-0.2;spell_power_aard mult 0.3-0.3	SilverDamage base 704-704;SlashingDamage base 1-1;buff_apply_chance add 0.15-0.15;critical_hit_chance add 0.15-0.15;desc_bleedingchance_mult add 0.15-0.15;dismember_chance_mult add 0.1-0.1;nonhuman_exp_bonus_when_fatal add 0.2-0.2;spell_power_aard mult 0.3-0.3	ok
NGP Lynx School silver sword 2	Feline silver sword - superior	ng_plus	SilverDamage base 404-404;SlashingDamage base 1-1;buff_apply_chance add 0.1-0.1;critical_hit_chance add 0.05-0.05;desc_bleedingchance_mult add 0.1-0.1;dismember_chance_mult add 0.05-0.05;nonhuman_exp_bonus_when_fatal add 0.2-0.2;spell_power_aard mult 0.14-0.14	SilverDamage base 404-404;SlashingDamage base 1-1;buff_apply_chance add 0.1-0.1;critical_hit_chance add 0.05-0.05;desc_bleedingchance_mult add 0.1-0.1;dismember_chance_mult add 0.05-0.05;nonhuman_exp_bonus_when_fatal add 0.2-0.2;spell_power_aard mult 0.14-0.14	ok
Lynx School silver sword 3	Legendary Feline silver sword - mastercrafted	ng_plus	SilverDamage base 754-754;SlashingDamage base 1-1;buff_apply_chance add 0.15-0.15;critical_hit_chance add 0.15-0.15;desc_bleedingchance_mult add 0.15-0.15;dismember_chance_mult add 0.1-0.1;nonhuman_exp_bonus_when_fatal add 0.2-0.2;spell_power_aard mult 0.35-0.35	SilverDamage base 754-754;SlashingDamage base 1-1;buff_apply_chance add 0.15-0.15;critical_hit_chance add 0.15-0.15;desc_bleedingchance_mult add 0.15-0.15;dismember_chance_mult add 0.1-0.1;nonhuman_exp_bonus_when_fatal add 0.2-0.2;spell_power_aard mult 0.35-0.35	ok
NGP Lynx School silver sword 3	Feline silver sword - mastercrafted	ng_plus	SilverDamage base 454-454;SlashingDamage base 1-1;buff_apply_chance add 0.15-0.15;critical_hit_chance add 0.1-0.1;desc_bleedingchance_mult add 0.15-0.15;dismember_chance_mult add 0.1-0.1;nonhuman_exp_bonus_when_fatal add 0.2-0.2;spell_power_aard mult 0.15-0.15	SilverDamage base 454-454;SlashingDamage base 1-1;buff_apply_chance add 0.15-0.15;critical_hit_chance add 0.1-0.1;desc_bleedingchance_mult add 0.15-0.15;dismember_chance_mult add 0.1-0.1;nonhuman_exp_bonus_when_fatal add 0.2-0.2;spell_power_aard mult 0.15-0.15	ok
Lynx School silver sword 4	Grandmaster legendary Feline silver sword	ng_plus	SilverDamage base 824-824;SlashingDamage base 1-1;buff_apply_chance add 0.15-0.15;critical_hit_chance add 0.15-0.15;desc_bleedingchance_mult add 0.15-0.15;dismember_chance_mult add 0.1-0.1;nonhuman_exp_bonus_when_fatal add 0.2-0.2;spell_power_aard mult 0.15-0.15	SilverDamage base 824-824;SlashingDamage base 1-1;buff_apply_chance add 0.15-0.15;critical_hit_chance add 0.15-0.15;desc_bleedingchance_mult add 0.15-0.15;dismember_chance_mult add 0.1-0.1;nonhuman_exp_bonus_when_fatal add 0.2-0.2;spell_power_aard mult 0.15-0.15	ok
NGP Lynx School silver sword 4	Grandmaster Feline silver sword	ng_plus	SilverDamage base 524-524;SlashingDamage base 1-1;buff_apply_chance add 0.15-0.15;critical_hit_chance add 0.1-0.1;desc_bleedingchance_mult add 0.15-0.15;dismember_chance_mult add 0.1-0.1;nonhuman_exp_bonus_when_fatal add 0.2-0.2;spell_power_aard mult 0.15-0.15	SilverDamage base 524-524;SlashingDamage base 1-1;buff_apply_chance add 0.15-0.15;critical_hit_chance add 0.1-0.1;desc_bleedingchance_mult add 0.15-0.15;dismember_chance_mult add 0.1-0.1;nonhuman_exp_bonus_when_fatal add 0.2-0.2;spell_power_aard mult 0.15-0.15	ok
NGP Netflix silver sword	Forgotten Wolven silver sword	ng_plus	SilverDamage base 314-314;SlashingDamage base 1-1;buff_apply_chance add 0.04-0.04;critical_hit_chance add 0.05-0.05;critical_hit_damage_bonus add 0.15-0.15;desc_bleedingchance_mult add 0.04-0.04;focus_gain add 0.03-0.03;nonhuman_exp_bonus_when_fatal add 0.05-0.05;spell_power mult 0.05-0.05	SilverDamage base 314-314;SlashingDamage base 1-1;buff_apply_chance add 0.04-0.04;critical_hit_chance add 0.05-0.05;critical_hit_damage_bonus add 0.15-0.15;desc_bleedingchance_mult add 0.04-0.04;focus_gain add 0.03-0.03;nonhuman_exp_bonus_when_fatal add 0.05-0.05;spell_power mult 0.05-0.05	ok
Netflix silver sword	Legendary forgotten Wolven silver sword	ng_plus	SilverDamage base 598-598;SlashingDamage base 1-1;buff_apply_chance add 0.04-0.04;critical_hit_chance add 0.05-0.05;critical_hit_damage_bonus add 0.15-0.15;desc_bleedingchance_mult add 0.04-0.04;focus_gain add 0.03-0.03;nonhuman_exp_bonus_when_fatal add 0.05-0.05;spell_power mult 0.05-0.05	SilverDamage base 598-598;SlashingDamage base 1-1;buff_apply_chance add 0.04-0.04;critical_hit_chance add 0.05-0.05;critical_hit_damage_bonus add 0.15-0.15;desc_bleedingchance_mult add 0.04-0.04;focus_gain add 0.03-0.03;nonhuman_exp_bonus_when_fatal add 0.05-0.05;spell_power mult 0.05-0.05	ok
Reinald Netflix silver sword	Forgotten Wolven silver sword	ng_plus	SilverDamage base 314-314;SlashingDamage base 1-1;buff_apply_chance add 0.04-0.04;critical_hit_chance add 0.05-0.05;critical_hit_damage_bonus add 0.15-0.15;desc_bleedingchance_mult add 0.04-0.04;focus_gain add 0.03-0.03;nonhuman_exp_bonus_when_fatal add 0.05-0.05;spell_power mult 0.05-0.05	SilverDamage base 314-314;SlashingDamage base 1-1;buff_apply_chance add 0.04-0.04;critical_hit_chance add 0.05-0.05;critical_hit_damage_bonus add 0.15-0.15;desc_bleedingchance_mult add 0.04-0.04;focus_gain add 0.03-0.03;nonhuman_exp_bonus_when_fatal add 0.05-0.05;spell_power mult 0.05-0.05	ok
NGP Netflix silver sword 1	Forgotten Wolven silver sword - mastercrafted	ng_plus	SilverDamage base 449-449;SlashingDamage base 1-1;buff_apply_chance add 0.08-0.08;critical_hit_chance add 0.13-0.13;critical_hit_damage_bonus add 0.3-0.3;desc_bleedingchance_mult add 0.08-0.08;focus_gain add 0.04-0.04;nonhuman_exp_bonus_when_fatal add 0.06-0.06;spell_power mult 0.09-0.09	SilverDamage base 449-449;SlashingDamage base 1-1;buff_apply_chance add 0.08-0.08;critical_hit_chance add 0.13-0.13;critical_hit_damage_bonus add 0.3-0.3;desc_bleedingchance_mult add 0.08-0.08;focus_gain add 0.04-0.04;nonhuman_exp_bonus_when_fatal add 0.06-0.06;spell_power mult 0.09-0.09	ok
Netflix silver sword 1	Legendary forgotten Wolven silver sword - mastercrafted	ng_plus	SilverDamage base 754-754;SlashingDamage base 1-1;buff_apply_chance add 0.08-0.08;critical_hit_chance add 0.13-0.13;critical_hit_damage_bonus add 0.3-0.3;desc_bleedingchance_mult add 0.08-0.08;focus_gain add 0.04-0.04;nonhuman_exp_bonus_when_fatal add 0.06-0.06;spell_power mult 0.09-0.09	SilverDamage base 754-754;SlashingDamage base 1-1;buff_apply_chance add 0.08-0.08;critical_hit_chance add 0.13-0.13;critical_hit_damage_bonus add 0.3-0.3;desc_bleedingchance_mult add 0.08-0.08;focus_gain add 0.04-0.04;nonhuman_exp_bonus_when_fatal add 0.06-0.06;spell_power mult 0.09-0.09	ok
NGP Netflix silver sword 2	Grandmaster forgotten Wolven silver sword	ng_plus	SilverDamage base 524-524;SlashingDamage base 1-1;buff_apply_chance add 0.1-0.1;critical_hit_chance add 0.15-0.15;critical_hit_damage_bonus add 0.35-0.35;desc_bleedingchance_mult add 0.1-0.1;focus_gain add 0.07-0.07;nonhuman_exp_bonus_when_fatal add 0.1-0.1;spell_power mult 0.1-0.1	SilverDamage base 524-524;SlashingDamage base 1-1;buff_apply_chance add 0.1-0.1;critical_hit_chance add 0.15-0.15;critical_hit_damage_bonus add 0.35-0.35;desc_bleedingchance_mult add 0.1-0.1;focus_gain add 0.07-0.07;nonhuman_exp_bonus_when_fatal add 0.1-0.1;spell_power mult 0.1-0.1	ok
Netflix silver sword 2	Grandmaster legendary forgotten Wolven silver sword	ng_plus	SilverDamage base 824-824;SlashingDamage base 1-1;buff_apply_chance add 0.1-0.1;critical_hit_chance add 0.15-0.15;critical_hit_damage_bonus add 0.35-0.35;desc_bleedingchance_mult add 0.1-0.1;focus_gain add 0.07-0.07;nonhuman_exp_bonus_when_fatal add 0.1-0.1;spell_power mult 0.1-0.1	SilverDamage base 824-824;SlashingDamage base 1-1;buff_apply_chance add 0.1-0.1;critical_hit_chance add 0.15-0.15;critical_hit_damage_bonus add 0.35-0.35;desc_bleedingchance_mult add 0.1-0.1;focus_gain add 0.07-0.07;nonhuman_exp_bonus_when_fatal add 0.1-0.1;spell_power mult 0.1-0.1	ok
NGP Red Wolf School silver sword 1	Manticore silver sword	ng_plus	SilverDamage base 524-524;SlashingDamage base 1-1;armor_reduction base 250-250;buff_apply_chance add 0.12-0.12;critical_hit_chance add 0.15-0.15;critical_hit_damage_bonus add 0.5-0.5;desc_bleedingchance_mult add 0.12-0.12;nonhuman_exp_bonus_when_fatal add 0.05-0.05	SilverDamage base 524-524;SlashingDamage base 1-1;armor_reduction base 250-250;buff_apply_chance add 0.12-0.12;critical_hit_chance add 0.15-0.15;critical_hit_damage_bonus add 0.5-0.5;desc_bleedingchance_mult add 0.12-0.12;nonhuman_exp_bonus_when_fatal add 0.05-0.05	ok
Red Wolf School silver sword 1	Legendary Manticore silver sword	ng_plus	SilverDamage base 824-824;SlashingDamage base 1-1;armor_reduction base 300-300;buff_apply_chance add 0.15-0.15;critical_hit_chance add 0.1-0.1;critical_hit_damage_bonus add 0.5-0.5;desc_bleedingchance_mult add 0.15-0.15;nonhuman_exp_bonus_when_fatal add 0.05-0.05	SilverDamage base 824-824;SlashingDamage base 1-1;armor_reduction base 300-300;buff_apply_chance add 0.15-0.15;critical_hit_chance add 0.1-0.1;critical_hit_damage_bonus add 0.5-0.5;desc_bleedingchance_mult add 0.15-0.15;nonhuman_exp_bonus_when_fatal add 0.05-0.05	ok
EP1 Viper School silver sword	Legendary Viper venomous silver sword	ng_plus	SilverDamage base 814-814;SlashingDamage base 1-1;buff_apply_chance add 0.15-0.15;critical_hit_chance add 0.1-0.1;critical_hit_damage_bonus add 0.75-0.75;desc_poinsonchance_mult add 0.15-0.15;nonhuman_exp_bonus_when_fatal add 0.2-0.2;spell_power_aard mult 0.25-0.25	SilverDamage base 814-814;SlashingDamage base 1-1;buff_apply_chance add 0.15-0.15;critical_hit_chance add 0.1-0.1;critical_hit_damage_bonus add 0.75-0.75;desc_poinsonchance_mult add 0.15-0.15;nonhuman_exp_bonus_when_fatal add 0.2-0.2;spell_power_aard mult 0.25-0.25	ok
NGP EP1 Viper School silver sword	Viper venomous silver sword	ng_plus	SilverDamage base 514-514;SlashingDamage base 1-1;buff_apply_chance add 0.15-0.15;critical_hit_chance add 0.1-0.1;critical_hit_damage_bonus add 0.75-0.75;desc_poinsonchance_mult add 0.15-0.15;nonhuman_exp_bonus_when_fatal add 0.2-0.2;spell_power_aard mult 0.25-0.25	SilverDamage base 514-514;SlashingDamage base 1-1;buff_apply_chance add 0.15-0.15;critical_hit_chance add 0.1-0.1;critical_hit_damage_bonus add 0.75-0.75;desc_poinsonchance_mult add 0.15-0.15;nonhuman_exp_bonus_when_fatal add 0.2-0.2;spell_power_aard mult 0.25-0.25	ok
NGP Viper School silver sword	Viper silver sword	ng_plus	SilverDamage base 125-125;SlashingDamage base 1-1;buff_apply_chance add 0.1-0.1;desc_poinsonchance_mult add 0.1-0.1;nonhuman_exp_bonus_when_fatal add 0.2-0.2;spell_power_aard mult 0.1-0.1	SilverDamage base 125-125;SlashingDamage base 1-1;buff_apply_chance add 0.1-0.1;desc_poinsonchance_mult add 0.1-0.1;nonhuman_exp_bonus_when_fatal add 0.2-0.2;spell_power_aard mult 0.1-0.1	ok
Viper School silver sword	Legendary Viper silver sword	ng_plus	SilverDamage base 425-425;SlashingDamage base 1-1;buff_apply_chance add 0.1-0.1;desc_poinsonchance_mult add 0.1-0.1;nonhuman_exp_bonus_when_fatal add 0.2-0.2;spell_power_aard mult 0.2-0.2	SilverDamage base 425-425;SlashingDamage base 1-1;buff_apply_chance add 0.1-0.1;desc_poinsonchance_mult add 0.1-0.1;nonhuman_exp_bonus_when_fatal add 0.2-0.2;spell_power_aard mult 0.2-0.2	ok
NGP Wolf School silver sword	Legendary Wolven silver sword	ng_plus	SilverDamage base 554-554;SlashingDamage base 1-1;buff_apply_chance add 0.11-0.11;critical_hit_chance add 0.11-0.11;desc_bleedingchance_mult add 0.11-0.11;focus_gain add 0.11-0.11;nonhuman_exp_bonus_when_fatal add 0.2-0.2;spell_power mult 0.11-0.11	SilverDamage base 554-554;SlashingDamage base 1-1;buff_apply_chance add 0.11-0.11;critical_hit_chance add 0.11-0.11;desc_bleedingchance_mult add 0.11-0.11;focus_gain add 0.11-0.11;nonhuman_exp_bonus_when_fatal add 0.2-0.2;spell_power mult 0.11-0.11	ok
Wolf School silver sword	Wolven silver sword	ng_plus	SilverDamage base 254-254;SlashingDamage base 1-1;buff_apply_chance add 0.05-0.05;desc_bleedingchance_mult add 0.05-0.05;focus_gain add 0.05-0.05;nonhuman_exp_bonus_when_fatal add 0.2-0.2;spell_power mult 0.05-0.05	SilverDamage base 254-254;SlashingDamage base 1-1;buff_apply_chance add 0.05-0.05;desc_bleedingchance_mult add 0.05-0.05;focus_gain add 0.05-0.05;nonhuman_exp_bonus_when_fatal add 0.2-0.2;spell_power mult 0.05-0.05	ok
NGP Wolf School silver sword 1	Legendary Wolven silver sword - enhanced	ng_plus	SilverDamage base 624-624;SlashingDamage base 1-1;buff_apply_chance add 0.12-0.12;critical_hit_chance add 0.12-0.12;desc_bleedingchance_mult add 0.12-0.12;focus_gain add 0.12-0.12;nonhuman_exp_bonus_when_fatal add 0.2-0.2;spell_power mult 0.12-0.12	SilverDamage base 624-624;SlashingDamage base 1-1;buff_apply_chance add 0.12-0.12;critical_hit_chance add 0.12-0.12;desc_bleedingchance_mult add 0.12-0.12;focus_gain add 0.12-0.12;nonhuman_exp_bonus_when_fatal add 0.2-0.2;spell_power mult 0.12-0.12	ok
Wolf School silver sword 1	Wolven silver sword - enhanced	ng_plus	SilverDamage base 324-324;SlashingDamage base 1-1;buff_apply_chance add 0.06-0.06;desc_bleedingchance_mult add 0.06-0.06;focus_gain add 0.06-0.06;nonhuman_exp_bonus_when_fatal add 0.2-0.2;spell_power mult 0.06-0.06	SilverDamage base 324-324;SlashingDamage base 1-1;buff_apply_chance add 0.06-0.06;desc_bleedingchance_mult add 0.06-0.06;focus_gain add 0.06-0.06;nonhuman_exp_bonus_when_fatal add 0.2-0.2;spell_power mult 0.06-0.06	ok
NGP Wolf School silver sword 2	Legendary Wolven silver sword - superior	ng_plus	SilverDamage base 704-704;SlashingDamage base 1-1;buff_apply_chance add 0.13-0.13;critical_hit_chance add 0.13-0.13;desc_bleedingchance_mult add 0.13-0.13;focus_gain add 0.13-0.13;nonhuman_exp_bonus_when_fatal add 0.2-0.2;spell_power mult 0.13-0.13	SilverDamage base 704-704;SlashingDamage base 1-1;buff_apply_chance add 0.13-0.13;critical_hit_chance add 0.13-0.13;desc_bleedingchance_mult add 0.13-0.13;focus_gain add 0.13-0.13;nonhuman_exp_bonus_when_fatal add 0.2-0.2;spell_power mult 0.13-0.13	ok
Wolf School silver sword 2	Wolven silver sword - superior	ng_plus	SilverDamage base 404-404;SlashingDamage base 1-1;buff_apply_chance add 0.07-0.07;critical_hit_chance add 0.05-0.05;desc_bleedingchance_mult add 0.07-0.07;focus_gain add 0.07-0.07;nonhuman_exp_bonus_when_fatal add 0.2-0.2;spell_power mult 0.07-0.07	SilverDamage base 404-404;SlashingDamage base 1-1;buff_apply_chance add 0.07-0.07;critical_hit_chance add 0.05-0.05;desc_bleedingchance_mult add 0.07-0.07;focus_gain add 0.07-0.07;nonhuman_exp_bonus_when_fatal add 0.2-0.2;spell_power mult 0.07-0.07	ok
NGP Wolf School silver sword 3	Legendary Wolven silver sword - mastercrafted	ng_plus	SilverDamage base 754-754;SlashingDamage base 1-1;buff_apply_chance add 0.15-0.15;critical_hit_chance add 0.15-0.15;desc_bleedingchance_mult add 0.15-0.15;focus_gain add 0.15-0.15;nonhuman_exp_bonus_when_fatal add 0.2-0.2;spell_power mult 0.15-0.15	SilverDamage base 754-754;SlashingDamage base 1-1;buff_apply_chance add 0.15-0.15;critical_hit_chance add 0.15-0.15;desc_bleedingchance_mult add 0.15-0.15;focus_gain add 0.15-0.15;nonhuman_exp_bonus_when_fatal add 0.2-0.2;spell_power mult 0.15-0.15	ok
Wolf School silver sword 3	Wolven silver sword - mastercrafted	ng_plus	SilverDamage base 454-454;SlashingDamage base 1-1;buff_apply_chance add 0.1-0.1;critical_hit_chance add 0.1-0.1;desc_bleedingchance_mult add 0.1-0.1;focus_gain add 0.1-0.1;nonhuman_exp_bonus_when_fatal add 0.2-0.2;spell_power mult 0.1-0.1	SilverDamage base 454-454;SlashingDamage base 1-1;buff_apply_chance add 0.1-0.1;critical_hit_chance add 0.1-0.1;desc_bleedingchance_mult add 0.1-0.1;focus_gain add 0.1-0.1;nonhuman_exp_bonus_when_fatal add 0.2-0.2;spell_power mult 0.1-0.1	ok
NGP Wolf School silver sword 4	Grandmaster Wolven silver sword	ng_plus	SilverDamage base 524-524;SlashingDamage base 1-1;buff_apply_chance add 0.12-0.12;critical_hit_chance add 0.12-0.12;desc_bleedingchance_mult add 0.12-0.12;focus_gain add 0.12-0.12;nonhuman_exp_bonus_when_fatal add 0.2-0.2;spell_power mult 0.12-0.12	SilverDamage base 524-524;SlashingDamage base 1-1;buff_apply_chance add 0.12-0.12;critical_hit_chance add 0.12-0.12;desc_bleedingchance_mult add 0.12-0.12;focus_gain add 0.12-0.12;nonhuman_exp_bonus_when_fatal add 0.2-0.2;spell_power mult 0.12-0.12	ok
Wolf School silver sword 4	Grandmaster legendary Wolven silver sword	ng_plus	SilverDamage base 824-824;SlashingDamage base 1-1;buff_apply_chance add 0.15-0.15;critical_hit_chance add 0.15-0.15;desc_bleedingchance_mult add 0.15-0.15;focus_gain base 0.15-0.15;nonhuman_exp_bonus_when_fatal add 0.2-0.2;spell_power mult 0.15-0.15	SilverDamage base 824-824;SlashingDamage base 1-1;buff_apply_chance add 0.15-0.15;critical_hit_chance add 0.15-0.15;desc_bleedingchance_mult add 0.15-0.15;focus_gain base 0.15-0.15;nonhuman_exp_bonus_when_fatal add 0.2-0.2;spell_power mult 0.15-0.15	ok
NGP White Widow of Dol Blathanna	White Widow of the Valley of Flowers	ng_plus	SilverDamage base 171-171;SlashingDamage base 1-1;critical_hit_chance add 0.05-0.05;critical_hit_damage_bonus add 0.1-0.1;nonhuman_exp_bonus_when_fatal add 0.05-0.05;spell_power_igni mult 0.01-0.1	SilverDamage base 171-171;SlashingDamage base 1-1;critical_hit_chance add 0.05-0.05;critical_hit_damage_bonus add 0.1-0.1;nonhuman_exp_bonus_when_fatal add 0.05-0.05;spell_power_igni mult 0.01-0.1	ok
White Widow of Dol Blathanna	White Widow of the Valley of Flowers	ng_plus	SilverDamage base 461-461;SlashingDamage base 1-1;armor_reduction base 15-15;critical_hit_chance add 0.05-0.05;critical_hit_damage_bonus add 0.15-0.15;nonhuman_exp_bonus_when_fatal add 0.05-0.05;spell_power_igni mult 0.01-0.1	SilverDamage base 461-461;SlashingDamage base 1-1;armor_reduction base 15-15;critical_hit_chance add 0.05-0.05;critical_hit_damage_bonus add 0.15-0.15;nonhuman_exp_bonus_when_fatal add 0.05-0.05;spell_power_igni mult 0.01-0.1	ok
NGP Silver Vixen	Nine-Tailed Vixen silver sword	ng_plus	SilverDamage base 213-213;SlashingDamage base 1-1;buff_apply_chance add 0.06-0.06;critical_hit_chance add 0.11-0.11;desc_bleedingchance_mult add 0.06-0.06	SilverDamage base 213-213;SlashingDamage base 1-1;buff_apply_chance add 0.06-0.06;critical_hit_chance add 0.11-0.11;desc_bleedingchance_mult add 0.06-0.06	ok
Silver Vixen	Nine-Tailed Vixen silver sword	ng_plus	SilverDamage base 499-499;SlashingDamage base 1-1;buff_apply_chance add 0.15-0.15;critical_hit_chance add 0.1-0.1;critical_hit_damage_bonus add 0.2-0.2;desc_bleedingchance_mult add 0.15-0.15	SilverDamage base 499-499;SlashingDamage base 1-1;buff_apply_chance add 0.15-0.15;critical_hit_chance add 0.1-0.1;critical_hit_damage_bonus add 0.2-0.2;desc_bleedingchance_mult add 0.15-0.15	ok
Addandeith	Addan Deith	ng_plus	SlashingDamage base 1-1;buff_apply_chance add 0.01-0.01;critical_hit_chance add 0.01-0.04;critical_hit_damage_bonus add 0.1-0.25;desc_freezingchance_mult add 0.01-0.01;spell_power_aard mult 0.03-0.1;spell_power_axii mult 0.03-0.1	SlashingDamage base 1-1;buff_apply_chance add 0.01-0.01;critical_hit_chance add 0.01-0.04;critical_hit_damage_bonus add 0.1-0.25;desc_freezingchance_mult add 0.01-0.01;spell_power_aard mult 0.03-0.1;spell_power_axii mult 0.03-0.1	ok
Aerondight	Maugrim	ng_plus	SlashingDamage base 1-1;nonhuman_exp_bonus_when_fatal add 0.01-0.02;spell_power_quen mult 0.05-0.07;spell_power_yrden mult 0.05-0.07	SlashingDamage base 1-1;nonhuman_exp_bonus_when_fatal add 0.01-0.02;spell_power_quen mult 0.05-0.07;spell_power_yrden mult 0.05-0.07	ok
Aerondight EP2	Aerondight	ng_plus	SlashingDamage base 1-1;item_level_max add 100-100;item_level_min add 1-1	SlashingDamage base 1-1;item_level_max add 100-100;item_level_min add 1-1	ok
Anathema	Anathema	ng_plus	SlashingDamage base 1-1;buff_apply_chance add 0.1-0.1;critical_hit_damage_bonus add 0.05-0.21;desc_burningchance_mult add 0.1-0.1;spell_power_aard mult 0.05-0.15;spell_power_quen mult 0.05-0.15	SlashingDamage base 1-1;buff_apply_chance add 0.1-0.1;critical_hit_damage_bonus add 0.05-0.21;desc_burningchance_mult add 0.1-0.1;spell_power_aard mult 0.05-0.15;spell_power_quen mult 0.05-0.15	ok
Anth	Anth	ng_plus	SlashingDamage base 1-1;buff_apply_chance add 0.18-0.18;desc_poinsonchance_mult add 0.18-0.18	SlashingDamage base 1-1;buff_apply_chance add 0.18-0.18;desc_poinsonchance_mult add 0.18-0.18	ok
Arainne	Arainne	ng_plus	SlashingDamage base 1-1;buff_apply_chance add 0.1-0.1;critical_hit_chance add 0.03-0.05;desc_bleedingchance_mult add 0.1-0.1;nonhuman_exp_bonus_when_fatal add 0.01-0.02;spell_power_igni mult 0.04-0.1;spell_power_yrden mult 0.04-0.1	SlashingDamage base 1-1;buff_apply_chance add 0.1-0.1;critical_hit_chance add 0.03-0.05;desc_bleedingchance_mult add 0.1-0.1;nonhuman_exp_bonus_when_fatal add 0.01-0.02;spell_power_igni mult 0.04-0.1;spell_power_yrden mult 0.04-0.1	ok
Azurewrath	Azure Wrath	ng_plus	SlashingDamage base 1-1;armor_reduction base 60-110;bonus_money add 0.01-0.03;buff_apply_chance add 0.12-0.12;desc_confusionchance_mult add 0.12-0.12;nonhuman_exp_bonus_when_fatal add 0.01-0.03	SlashingDamage base 1-1;armor_reduction base 60-110;bonus_money add 0.01-0.03;buff_apply_chance add 0.12-0.12;desc_confusionchance_mult add 0.12-0.12;nonhuman_exp_bonus_when_fatal add 0.01-0.03	ok
Bladeofys	Blade of Ys	ng_plus	SlashingDamage base 1-1;buff_apply_chance add 0.1-0.1;critical_hit_chance add 0.02-0.05;desc_burningchance_mult add 0.1-0.1;nonhuman_exp_bonus_when_fatal add 0.01-0.02;spell_power_igni mult 0.05-0.15	SlashingDamage base 1-1;buff_apply_chance add 0.1-0.1;critical_hit_chance add 0.02-0.05;desc_burningchance_mult add 0.1-0.1;nonhuman_exp_bonus_when_fatal add 0.01-0.02;spell_power_igni mult 0.05-0.15	ok
Bloodsword	Bloodsword	ng_plus	SlashingDamage base 1-1;buff_apply_chance add 0.09-0.09;critical_hit_chance add 0.01-0.04;critical_hit_damage_bonus add 0.05-0.2;desc_bleedingchance_mult add 0.09-0.09;dismember_chance_mult add 0.01-0.02	SlashingDamage base 1-1;buff_apply_chance add 0.09-0.09;critical_hit_chance add 0.01-0.04;critical_hit_damage_bonus add 0.05-0.2;desc_bleedingchance_mult add 0.09-0.09;dismember_chance_mult add 0.01-0.02	ok
Breathofthenorth	Breath of the North	ng_plus	SlashingDamage base 1-1;buff_apply_chance add 0.1-0.1;critical_hit_damage_bonus add 0.2-0.5;desc_confusionchance_mult add 0.1-0.1;dismember_chance_mult add 0.01-0.03	SlashingDamage base 1-1;buff_apply_chance add 0.1-0.1;critical_hit_damage_bonus add 0.2-0.5;desc_confusionchance_mult add 0.1-0.1;dismember_chance_mult add 0.01-0.03	ok
DLC10_Remorse	Pang of Conscience	ng_plus	SlashingDamage base 1-1;buff_apply_chance add 0.1-0.1;critical_hit_chance add 0.05-0.05;critical_hit_damage_bonus add 0.5-0.5;desc_bleedingchance_mult add 0.1-0.1;focus_gain add 0.15-0.15;item_level_max add 100-100;item_level_min add 17-17;spell_power mult 0.15-0.15	SlashingDamage base 1-1;buff_apply_chance add 0.1-0.1;critical_hit_chance add 0.05-0.05;critical_hit_damage_bonus add 0.5-0.5;desc_bleedingchance_mult add 0.1-0.1;focus_gain add 0.15-0.15;item_level_max add 100-100;item_level_min add 17-17;spell_power mult 0.15-0.15	ok
Deargdeith	Deargdeith	ng_plus	SlashingDamage base 1-1;human_exp_bonus_when_fatal add 0.03-0.05;spell_power_aard mult 0.02-0.2;spell_power_axii mult 0.02-0.2;spell_power_yrden mult 0.02-0.2	SlashingDamage base 1-1;human_exp_bonus_when_fatal add 0.03-0.05;spell_power_aard mult 0.02-0.2;spell_power_axii mult 0.02-0.2;spell_power_yrden mult 0.02-0.2	ok
Deithwen	Deithwen	ng_plus	FrostDamage add 5-20;SlashingDamage base 1-1;buff_apply_chance add 0.01-0.01;desc_freezingchance_mult add 0.01-0.01	FrostDamage add 5-20;SlashingDamage base 1-1;buff_apply_chance add 0.01-0.01;desc_freezingchance_mult add 0.01-0.01	ok
EP1 Crafted Witcher Silver Sword	Sarrim	ng_plus	SilverDamage base 765-765;SlashingDamage base 1-1;critical_hit_chance add 0.1-0.1;critical_hit_damage_bonus add 0.75-0.75;spell_power_aard mult 0.15-0.15;spell_power_axii mult 0.15-0.15;spell_power_igni mult 0.15-0.15	SilverDamage base 765-765;SlashingDamage base 1-1;critical_hit_chance add 0.1-0.1;critical_hit_damage_bonus add 0.75-0.75;spell_power_aard mult 0.15-0.15;spell_power_axii mult 0.15-0.15;spell_power_igni mult 0.15-0.15	ok
EP2 Silver sword 1R	Dahlia	ng_plus	SlashingDamage base 1-1;armor_reduction base 150-150;buff_apply_chance add 0.1-0.1;critical_hit_chance add 0.1-0.1;critical_hit_damage_bonus add 0.5-0.5;desc_poinsonchance_mult add 0.1-0.1;item_level_max add 100-100;item_level_min add 38-38;spell_power_igni mult 0.2-0.2	SlashingDamage base 1-1;armor_reduction base 150-150;buff_apply_chance add 0.1-0.1;critical_hit_chance add 0.1-0.1;critical_hit_damage_bonus add 0.5-0.5;desc_poinsonchance_mult add 0.1-0.1;item_level_max add 100-100;item_level_min add 38-38;spell_power_igni mult 0.2-0.2	ok
EP2 Silver sword 2	Casus Foederis	ng_plus	SilverDamage base 1-1;armor_reduction base 150-150;critical_hit_chance add 0.15-0.15;critical_hit_damage_bonus add 0.5-0.5;item_level_max add 43-43;item_level_min add 41-41;spell_power_aard mult 0.15-0.15;spell_power_quen mult 0.15-0.15	SilverDamage base 1-1;armor_reduction base 150-150;critical_hit_chance add 0.15-0.15;critical_hit_damage_bonus add 0.5-0.5;item_level_max add 43-43;item_level_min add 41-41;spell_power_aard mult 0.15-0.15;spell_power_quen mult 0.15-0.15	ok
EP2 Silver sword 3R	Ami	ng_plus	SilverDamage base 1-1;armor_reduction base 300-300;buff_apply_chance add 0.15-0.15;critical_hit_chance add 0.15-0.15;critical_hit_damage_bonus add 0.75-0.75;desc_staggerchance_mult add 0.15-0.15;item_level_max add 100-100;item_level_min add 48-48;spell_power_quen mult 0.3-0.3	SilverDamage base 1-1;armor_reduction base 300-300;buff_apply_chance add 0.15-0.15;critical_hit_chance add 0.15-0.15;critical_hit_damage_bonus add 0.75-0.75;desc_staggerchance_mult add 0.15-0.15;item_level_max add 100-100;item_level_min add 48-48;spell_power_quen mult 0.3-0.3	ok
Fate	Fate	ng_plus	SlashingDamage base 1-1;buff_apply_chance add 0.1-0.1;desc_staggerchance_mult add 0.1-0.1;spell_power_axii mult 0.02-0.1;spell_power_igni mult 0.02-0.1	SlashingDamage base 1-1;buff_apply_chance add 0.1-0.1;desc_staggerchance_mult add 0.1-0.1;spell_power_axii mult 0.02-0.1;spell_power_igni mult 0.02-0.1	ok
Gynvael	Gynvael	ng_plus	SlashingDamage base 1-1;armor_reduction base 22-51;buff_apply_chance add 0.11-0.11;desc_poinsonchance_mult add 0.11-0.11;spell_power_yrden mult 0.07-0.13	SlashingDamage base 1-1;armor_reduction base 22-51;buff_apply_chance add 0.11-0.11;desc_poinsonchance_mult add 0.11-0.11;spell_power_yrden mult 0.07-0.13	ok
Gynvaelaedd	Gynvael Aedd	ng_plus	SlashingDamage base 1-1;bonus_money add 0.05-0.1;buff_apply_chance add 0.08-0.08;desc_bleedingchance_mult add 0.08-0.08;human_exp_bonus_when_fatal add 0.01-0.03;spell_power_igni mult 0.07-0.1	SlashingDamage base 1-1;bonus_money add 0.05-0.1;buff_apply_chance add 0.08-0.08;desc_bleedingchance_mult add 0.08-0.08;human_exp_bonus_when_fatal add 0.01-0.03;spell_power_igni mult 0.07-0.1	ok
Harpy	Harpy	ng_plus	SlashingDamage base 1-1;buff_apply_chance add 0.14-0.14;desc_bleedingchance_mult add 0.14-0.14	SlashingDamage base 1-1;buff_apply_chance add 0.14-0.14;desc_bleedingchance_mult add 0.14-0.14	ok
Havcaaren	Hav'caaren	ng_plus	SlashingDamage base 1-1;buff_apply_chance add 0.11-0.11;critical_hit_chance add 0.05-0.11;desc_staggerchance_mult add 0.11-0.11;nonhuman_exp_bonus_when_fatal add 0.02-0.03	SlashingDamage base 1-1;buff_apply_chance add 0.11-0.11;critical_hit_chance add 0.05-0.11;desc_staggerchance_mult add 0.11-0.11;nonhuman_exp_bonus_when_fatal add 0.02-0.03	ok
Loathen	Loathen	ng_plus	FireDamage add 5-20;SlashingDamage base 1-1;buff_apply_chance add 0.12-0.12;desc_burningchance_mult add 0.12-0.12	FireDamage add 5-20;SlashingDamage base 1-1;buff_apply_chance add 0.12-0.12;desc_burningchance_mult add 0.12-0.12	ok
Moonblade	Moonblade	ng_plus	SlashingDamage base 1-1;buff_apply_chance add 0.01-0.01;critical_hit_chance add 0.01-0.05;critical_hit_damage_bonus add 0.1-0.15;desc_freezingchance_mult add 0.01-0.01;spell_power_yrden mult 0.01-0.05	SlashingDamage base 1-1;buff_apply_chance add 0.01-0.01;critical_hit_chance add 0.01-0.05;critical_hit_damage_bonus add 0.1-0.15;desc_freezingchance_mult add 0.01-0.01;spell_power_yrden mult 0.01-0.05	ok
NGP EP1 Crafted Witcher Silver Sword	Sarrim	ng_plus	SilverDamage base 465-465;SlashingDamage base 1-1;critical_hit_chance add 0.1-0.1;critical_hit_damage_bonus add 0.75-0.75;spell_power_aard mult 0.15-0.15;spell_power_axii mult 0.15-0.15;spell_power_igni mult 0.15-0.15	SilverDamage base 465-465;SlashingDamage base 1-1;critical_hit_chance add 0.1-0.1;critical_hit_damage_bonus add 0.75-0.75;spell_power_aard mult 0.15-0.15;spell_power_axii mult 0.15-0.15;spell_power_igni mult 0.15-0.15	ok
NGP Serpent Silver Sword 1	Fen'aeth	ng_plus	SilverDamage base 504-504;SlashingDamage base 1-1;buff_apply_chance add 0.15-0.15;critical_hit_chance add 0.11-0.11;critical_hit_damage_bonus add 0.85-0.85;desc_poinsonchance_mult add 0.15-0.15;nonhuman_exp_bonus_when_fatal add 0.05-0.05;spell_power_aard mult 0.26-0.26	SilverDamage base 504-504;SlashingDamage base 1-1;buff_apply_chance add 0.15-0.15;critical_hit_chance add 0.11-0.11;critical_hit_damage_bonus add 0.85-0.85;desc_poinsonchance_mult add 0.15-0.15;nonhuman_exp_bonus_when_fatal add 0.05-0.05;spell_power_aard mult 0.26-0.26	ok
NGP Serpent Silver Sword 2	Tah'rel	ng_plus	SilverDamage base 534-534;SlashingDamage base 1-1;buff_apply_chance add 0.15-0.15;critical_hit_chance add 0.12-0.12;critical_hit_damage_bonus add 0.95-0.95;desc_poinsonchance_mult add 0.15-0.15;nonhuman_exp_bonus_when_fatal add 0.05-0.05;spell_power_aard mult 0.28-0.28	SilverDamage base 534-534;SlashingDamage base 1-1;buff_apply_chance add 0.15-0.15;critical_hit_chance add 0.12-0.12;critical_hit_damage_bonus add 0.95-0.95;desc_poinsonchance_mult add 0.15-0.15;nonhuman_exp_bonus_when_fatal add 0.05-0.05;spell_power_aard mult 0.28-0.28	ok
NGP Serpent Silver Sword 3	Gesheft	ng_plus	SilverDamage base 564-564;SlashingDamage base 1-1;buff_apply_chance add 0.15-0.15;critical_hit_chance add 0.15-0.15;critical_hit_damage_bonus add 1.0-1.0;desc_poinsonchance_mult add 0.15-0.15;nonhuman_exp_bonus_when_fatal add 0.05-0.05;spell_power_aard mult 0.3-0.3	SilverDamage base 564-564;SlashingDamage base 1-1;buff_apply_chance add 0.15-0.15;critical_hit_chance add 0.15-0.15;critical_hit_damage_bonus add 1.0-1.0;desc_poinsonchance_mult add 0.15-0.15;nonhuman_exp_bonus_when_fatal add 0.05-0.05;spell_power_aard mult 0.3-0.3	ok
Naevdeseidhe	Naevde Seidhe	ng_plus	SlashingDamage base 1-1;buff_apply_chance add 0.1-0.1;desc_staggerchance_mult add 0.1-0.1;spell_power_igni mult 0.08-0.15;spell_power_yrden mult 0.08-0.15	SlashingDamage base 1-1;buff_apply_chance add 0.1-0.1;desc_staggerchance_mult add 0.1-0.1;spell_power_igni mult 0.08-0.15;spell_power_yrden mult 0.08-0.15	ok
Negotiator	Negotiator	ng_plus	SlashingDamage base 1-1;armor_reduction base 10-50;buff_apply_chance add 0.12-0.12;critical_hit_chance add 0.12-0.16;desc_confusionchance_mult add 0.12-0.12	SlashingDamage base 1-1;armor_reduction base 10-50;buff_apply_chance add 0.12-0.12;critical_hit_chance add 0.12-0.16;desc_confusionchance_mult add 0.12-0.12	ok
Reachofthedamned	Reach of the Damned	ng_plus	SlashingDamage base 1-1;buff_apply_chance add 0.13-0.13;desc_freezingchance_mult add 0.13-0.13;dismember_chance_mult add 0.02-0.1;spell_power_axii mult 0.03-0.2;spell_power_quen mult 0.02-0.1	SlashingDamage base 1-1;buff_apply_chance add 0.13-0.13;desc_freezingchance_mult add 0.13-0.13;dismember_chance_mult add 0.02-0.1;spell_power_axii mult 0.03-0.2;spell_power_quen mult 0.02-0.1	ok
Roseofaelirenn	Rose of Shaerrawed	ng_plus	SlashingDamage base 1-1;buff_apply_chance add 0.12-0.12;desc_staggerchance_mult add 0.12-0.12;spell_power_axii mult 0.02-0.13;spell_power_yrden mult 0.02-0.13	SlashingDamage base 1-1;buff_apply_chance add 0.12-0.12;desc_staggerchance_mult add 0.12-0.12;spell_power_axii mult 0.02-0.13;spell_power_yrden mult 0.02-0.13	ok
Serpent Silver Sword 1	Fen'aeth	ng_plus	SilverDamage base 804-804;SlashingDamage base 1-1;buff_apply_chance add 0.15-0.15;critical_hit_chance add 0.11-0.11;critical_hit_damage_bonus add 0.85-0.85;desc_poinsonchance_mult add 0.15-0.15;nonhuman_exp_bonus_when_fatal add 0.05-0.05;spell_power_aard mult 0.26-0.26	SilverDamage base 804-804;SlashingDamage base 1-1;buff_apply_chance add 0.15-0.15;critical_hit_chance add 0.11-0.11;critical_hit_damage_bonus add 0.85-0.85;desc_poinsonchance_mult add 0.15-0.15;nonhuman_exp_bonus_when_fatal add 0.05-0.05;spell_power_aard mult 0.26-0.26	ok
Serpent Silver Sword 1 Autogen	Fen'aeth	ng_plus	SlashingDamage base 1-1;buff_apply_chance add 0.15-0.15;critical_hit_chance add 0.11-0.11;critical_hit_damage_bonus add 0.85-0.85;desc_poinsonchance_mult add 0.15-0.15;item_level_max add 100-100;item_level_min add 45-45;nonhuman_exp_bonus_when_fatal add 0.05-0.05;spell_power_aard mult 0.26-0.26	SlashingDamage base 1-1;buff_apply_chance add 0.15-0.15;critical_hit_chance add 0.11-0.11;critical_hit_damage_bonus add 0.85-0.85;desc_poinsonchance_mult add 0.15-0.15;item_level_max add 100-100;item_level_min add 45-45;nonhuman_exp_bonus_when_fatal add 0.05-0.05;spell_power_aard mult 0.26-0.26	ok
Serpent Silver Sword 2	Tah'rel	ng_plus	SilverDamage base 834-834;SlashingDamage base 1-1;buff_apply_chance add 0.15-0.15;critical_hit_chance add 0.12-0.12;critical_hit_damage_bonus add 0.95-0.95;desc_poinsonchance_mult add 0.15-0.15;nonhuman_exp_bonus_when_fatal add 0.05-0.05;spell_power_aard mult 0.28-0.28	SilverDamage base 834-834;SlashingDamage base 1-1;buff_apply_chance add 0.15-0.15;critical_hit_chance add 0.12-0.12;critical_hit_damage_bonus add 0.95-0.95;desc_poinsonchance_mult add 0.15-0.15;nonhuman_exp_bonus_when_fatal add 0.05-0.05;spell_power_aard mult 0.28-0.28	ok
Serpent Silver Sword 3	Gesheft	ng_plus	SilverDamage base 864-864;SlashingDamage base 1-1;buff_apply_chance add 0.15-0.15;critical_hit_chance add 0.15-0.15;critical_hit_damage_bonus add 1.0-1.0;desc_poinsonchance_mult add 0.15-0.15;nonhuman_exp_bonus_when_fatal add 0.05-0.05;spell_power_aard mult 0.3-0.3	SilverDamage base 864-864;SlashingDamage base 1-1;buff_apply_chance add 0.15-0.15;critical_hit_chance add 0.15-0.15;critical_hit_damage_bonus add 1.0-1.0;desc_poinsonchance_mult add 0.15-0.15;nonhuman_exp_bonus_when_fatal add 0.05-0.05;spell_power_aard mult 0.3-0.3	ok
Tlareg	Tlareg	ng_plus	SlashingDamage base 1-1;buff_apply_chance add 0.12-0.12;desc_freezingchance_mult add 0.12-0.12;nonhuman_exp_bonus_when_fatal add 0.01-0.01;spell_power_igni mult 0.02-0.2	SlashingDamage base 1-1;buff_apply_chance add 0.12-0.12;desc_freezingchance_mult add 0.12-0.12;nonhuman_exp_bonus_when_fatal add 0.01-0.01;spell_power_igni mult 0.02-0.2	ok
Torzirael	Tor Zireael	ng_plus	SlashingDamage base 1-1;buff_apply_chance add 0.2-0.2;desc_freezingchance_mult add 0.2-0.2;instant_kill_chance add 0.01-0.02;instant_kill_chance_mult add 0.01-0.02;spell_power_igni mult 0.2-0.25;spell_power_quen mult 0.05-0.15	SlashingDamage base 1-1;buff_apply_chance add 0.2-0.2;desc_freezingchance_mult add 0.2-0.2;instant_kill_chance add 0.01-0.02;instant_kill_chance_mult add 0.01-0.02;spell_power_igni mult 0.2-0.25;spell_power_quen mult 0.05-0.15	ok
Unique silver sword	Gesheft	ng_plus	SlashingDamage base 1-1;item_level_max add 100-100;item_level_min add 40-40;spell_power_aard mult 0.2-0.2;spell_power_axii mult 0.2-0.2;spell_power_igni mult 0.2-0.2;spell_power_quen mult 0.2-0.2;spell_power_yrden mult 0.2-0.2	SlashingDamage base 1-1;item_level_max add 100-100;item_level_min add 40-40;spell_power_aard mult 0.2-0.2;spell_power_axii mult 0.2-0.2;spell_power_igni mult 0.2-0.2;spell_power_quen mult 0.2-0.2;spell_power_yrden mult 0.2-0.2	ok
Virgin	The Bride	ng_plus	SlashingDamage base 1-1;buff_apply_chance add 0.13-0.13;desc_bleedingchance_mult add 0.13-0.13;dismember_chance_mult add 0.01-0.02;nonhuman_exp_bonus_when_fatal add 0.01-0.03	SlashingDamage base 1-1;buff_apply_chance add 0.13-0.13;desc_bleedingchance_mult add 0.13-0.13;dismember_chance_mult add 0.01-0.02;nonhuman_exp_bonus_when_fatal add 0.01-0.03	ok
Weeper	Weeper	ng_plus	SlashingDamage base 1-1;critical_hit_damage_bonus add 0.45-0.75;dismember_chance_mult add 0.02-0.03;nonhuman_exp_bonus_when_fatal add 0.02-0.03	SlashingDamage base 1-1;critical_hit_damage_bonus add 0.45-0.75;dismember_chance_mult add 0.02-0.03;nonhuman_exp_bonus_when_fatal add 0.02-0.03	ok
WitcherSilverWolf	Bleidd	ng_plus	SlashingDamage base 1-1;critical_hit_damage_bonus add 0.1-0.2;nonhuman_exp_bonus_when_fatal add 0.02-0.03;spell_power_igni mult 0.01-0.1;spell_power_quen mult 0.01-0.1	SlashingDamage base 1-1;critical_hit_damage_bonus add 0.1-0.2;nonhuman_exp_bonus_when_fatal add 0.02-0.03;spell_power_igni mult 0.01-0.1;spell_power_quen mult 0.01-0.1	ok
Zerrikanterment	Zerrikanterment	ng_plus	SlashingDamage base 1-1;buff_apply_chance add 0.1-0.1;desc_bleedingchance_mult add 0.1-0.1;spell_power_aard mult 0.05-0.15;spell_power_axii mult 0.05-0.15;spell_power_quen mult 0.05-0.15	SlashingDamage base 1-1;buff_apply_chance add 0.1-0.1;desc_bleedingchance_mult add 0.1-0.1;spell_power_aard mult 0.05-0.15;spell_power_axii mult 0.05-0.15;spell_power_quen mult 0.05-0.15	ok
q505 crafted sword	Zireael	ng_plus	SlashingDamage base 1-1;critical_hit_chance base 0.05-0.05;critical_hit_damage_bonus add 0.25-0.25;nonhuman_exp_bonus_when_fatal add 0.05-0.05	SlashingDamage base 1-1;critical_hit_chance base 0.05-0.05;critical_hit_damage_bonus add 0.25-0.25;nonhuman_exp_bonus_when_fatal add 0.05-0.05	ok
q704 vampire silver sword	Cantata	ng_plus	SlashingDamage base 1-1;armor_reduction base 150-150;buff_apply_chance add 0.15-0.15;critical_hit_chance add 0.15-0.15;critical_hit_damage_bonus add 0.75-0.75;desc_bleedingchance_mult add 0.15-0.15;desc_confusionchance_mult add 0.15-0.15;item_level_max add 100-100;item_level_min add 40-40	SlashingDamage base 1-1;armor_reduction base 150-150;buff_apply_chance add 0.15-0.15;critical_hit_chance add 0.15-0.15;critical_hit_damage_bonus add 0.75-0.75;desc_bleedingchance_mult add 0.15-0.15;desc_confusionchance_mult add 0.15-0.15;item_level_max add 100-100;item_level_min add 40-40	ok
Bear School Crossbow	Ursine Crossbow	ng_plus	ammo add 2-2;attack_power mult 2.1-2.1;critical_hit_chance add 0.05-0.05;critical_hit_damage_bonus add 0.02-0.02;focus_gain add 0.01-0.02;nonhuman_exp_bonus_when_fatal add 0.15-0.15	ammo add 2-2;attack_power mult 2.1-2.1;critical_hit_chance add 0.05-0.05;critical_hit_damage_bonus add 0.02-0.02;focus_gain add 0.01-0.02;nonhuman_exp_bonus_when_fatal add 0.15-0.15	ok
Lynx School Crossbow	Feline crossbow	ng_plus	ammo add 2-2;armor_reduction base 10-10;attack_power mult 2.25-2.25;critical_hit_chance add 0.02-0.02;focus_gain add 0.01-0.02;nonhuman_exp_bonus_when_fatal add 0.15-0.15	ammo add 2-2;armor_reduction base 10-10;attack_power mult 2.25-2.25;critical_hit_chance add 0.02-0.02;focus_gain add 0.01-0.02;nonhuman_exp_bonus_when_fatal add 0.15-0.15	ok
Crossbow 1	Crossbow	ng_plus	ammo add 3-3;attack_power mult 1.01-1.01	ammo add 3-3;attack_power mult 1.01-1.01	ok
Crossbow 2	Crossbow	ng_plus	ammo add 3-3;attack_power mult 1.1-1.25	ammo add 3-3;attack_power mult 1.1-1.25	ok
Crossbow 3	Crossbow	ng_plus	ammo add 3-3;attack_power mult 1.2-1.5	ammo add 3-3;attack_power mult 1.2-1.5	ok
Crossbow 4	Crossbow	ng_plus	ammo add 3-3;attack_power mult 1.3-1.7	ammo add 3-3;attack_power mult 1.3-1.7	ok
Crossbow 5	Crossbow	ng_plus	ammo add 3-3;armor_reduction base 1-5;attack_power mult 1.4-1.8	ammo add 3-3;armor_reduction base 1-5;attack_power mult 1.4-1.8	ok
Crossbow 6	Crossbow	ng_plus	ammo add 3-3;armor_reduction base 5-10;attack_power mult 1.5-1.9;focus_gain add 0.01-0.02	ammo add 3-3;armor_reduction base 5-10;attack_power mult 1.5-1.9;focus_gain add 0.01-0.02	ok
Crossbow 7	Crossbow	ng_plus	ammo add 2-2;attack_power mult 2.0-2.0;focus_gain add 0.01-0.02;human_exp_bonus_when_fatal add 0.01-0.1;nonhuman_exp_bonus_when_fatal add 0.01-0.1	ammo add 2-2;attack_power mult 2.0-2.0;focus_gain add 0.01-0.02;human_exp_bonus_when_fatal add 0.01-0.1;nonhuman_exp_bonus_when_fatal add 0.01-0.1	ok
Crossbow q206	Death From Above	ng_plus	ammo add 2-2;attack_power mult 1.45-1.45;focus_gain add 0.01-0.02;human_exp_bonus_when_fatal add 0.05-0.05	ammo add 2-2;attack_power mult 1.45-1.45;focus_gain add 0.01-0.02;human_exp_bonus_when_fatal add 0.05-0.05	ok
DLC13 Elven Crossbow	Elven crossbow	ng_plus	ammo add 3-3;attack_power mult 1.65-1.65	ammo add 3-3;attack_power mult 1.65-1.65	ok
DLC13 Nilfgaardian Crossbow	Nilfgaardian crossbow	ng_plus	ammo add 3-3;attack_power mult 1.25-1.25	ammo add 3-3;attack_power mult 1.25-1.25	ok
DLC13 Skellige Crossbow	Skellige crossbow	ng_plus	ammo add 3-3;attack_power mult 1.45-1.45	ammo add 3-3;attack_power mult 1.45-1.45	ok
Geralt of Rivia Crossbow	Geralt of Rivia's crossbow	ng_plus	ammo add 3-3;attack_power mult 3-3	ammo add 3-3;attack_power mult 3-3	ok
Ravix of Fourhorn Crossbow	Ravix of Fourhorn's crossbow	ng_plus	ammo add 3-3;attack_power mult 3-3	ammo add 3-3;attack_power mult 3-3	ok
Toussaint Crossbow 1	Toussaint crossbow	ng_plus	ammo add 3-3;attack_power mult 2.5-2.5	ammo add 3-3;attack_power mult 2.5-2.5	ok
Toussaint Crossbow 2	Toussaint crossbow	ng_plus	ammo add 3-3;attack_power mult 3-3	ammo add 3-3;attack_power mult 3-3	ok
Bait Bolt	Bolt with bait	ng_plus	PiercingDamage add 6-6;SilverDamage add 5-5;armor_reduction base 100-100;armor_reduction_perc base 1-1	PiercingDamage add 6-6;SilverDamage add 5-5;armor_reduction base 100-100;armor_reduction_perc base 1-1	ok
Blunt Bolt	Blunt crossbow bolt	ng_plus	BludgeoningDamage add 8-8;SilverDamage add 8-8	BludgeoningDamage add 8-8;SilverDamage add 8-8	ok
Blunt Bolt Legendary	Blunt crossbow bolt	ng_plus	BludgeoningDamage add 10-10;SilverDamage add 10-10	BludgeoningDamage add 10-10;SilverDamage add 10-10	ok
Bodkin Bolt	Bolts	ng_plus	PiercingDamage add 5-5;SilverDamage add 4-4	PiercingDamage add 5-5;SilverDamage add 4-4	ok
Broadhead Bolt	Broadhead bolt	ng_plus	PiercingDamage add 8-8;SilverDamage add 8-8;desc_bleedingchance_mult add 1-1;duration add 15-15	PiercingDamage add 8-8;SilverDamage add 8-8;desc_bleedingchance_mult add 1-1;duration add 15-15	ok
Broadhead Bolt Legendary	Broadhead bolt	ng_plus	PiercingDamage add 12-12;SilverDamage add 12-12;desc_bleedingchance_mult add 1-1;duration add 15-15	PiercingDamage add 12-12;SilverDamage add 12-12;desc_bleedingchance_mult add 1-1;duration add 15-15	ok
Explosive Bolt	Exploding bolt	ng_plus	FireDamage add 12-12;PiercingDamage add 12-12;SilverDamage add 12-12;buff_apply_chance add 0.25-0.25	FireDamage add 12-12;PiercingDamage add 12-12;SilverDamage add 12-12;buff_apply_chance add 0.25-0.25	ok
Explosive Bolt Legendary	Exploding bolt	ng_plus	FireDamage add 20-20;PiercingDamage add 20-20;SilverDamage add 15-15;buff_apply_chance add 0.3-0.3	FireDamage add 20-20;PiercingDamage add 20-20;SilverDamage add 15-15;buff_apply_chance add 0.3-0.3	ok
Harpoon Bolt	Bolts	ng_plus	PiercingDamage add 10-10;SilverDamage add 400-400	PiercingDamage add 10-10;SilverDamage add 400-400	ok
Split Bolt	Split bolt	ng_plus	PiercingDamage add 10-10;SilverDamage add 10-10;split_count add 3-3	PiercingDamage add 10-10;SilverDamage add 10-10;split_count add 3-3	ok
Split Bolt Legendary	Split bolt	ng_plus	PiercingDamage add 14-14;SilverDamage add 14-14;split_count add 3-3	PiercingDamage add 14-14;SilverDamage add 14-14;split_count add 3-3	ok
Target Point Bolt	Precision bolt	ng_plus	PiercingDamage add 12-12;SilverDamage add 12-12;armor_reduction base 7-7;armor_reduction_perc base 0.5-0.5	PiercingDamage add 12-12;SilverDamage add 12-12;armor_reduction base 7-7;armor_reduction_perc base 0.5-0.5	ok
Target Point Bolt Legendary	Precision bolt	ng_plus	PiercingDamage add 20-20;SilverDamage add 20-20;armor_reduction base 15-15;armor_reduction_perc base 0.6-0.6	PiercingDamage add 20-20;SilverDamage add 20-20;armor_reduction base 15-15;armor_reduction_perc base 0.6-0.6	ok
Tracking Bolt	Tracking bolt	ng_plus	PiercingDamage add 6-6;SilverDamage add 5-5;armor_reduction base 100-100;armor_reduction_perc base 1-1;desc_bleedingchance_mult add 1-1;duration add 120-120	PiercingDamage add 6-6;SilverDamage add 5-5;armor_reduction base 100-100;armor_reduction_perc base 1-1;desc_bleedingchance_mult add 1-1;duration add 120-120	ok
q704_vampire_lure_bolt	Garkain bait bolt	ng_plus	PiercingDamage add 5-5;SilverDamage add 4-4	PiercingDamage add 5-5;SilverDamage add 4-4	ok
Bear Armor	Legendary Ursine armor	ng_plus	armor base 285-285;bludgeoning_resistance_perc base 0.26-0.26;focus_gain base 0.22-0.22;piercing_resistance_perc base 0.26-0.26;rending_resistance_perc base 0.32-0.32;slashing_resistance_perc base 0.32-0.32;staminaRegen_armor_mod mult -0.1--0.1	armor base 285-285;bludgeoning_resistance_perc base 0.26-0.26;focus_gain base 0.22-0.22;piercing_resistance_perc base 0.26-0.26;rending_resistance_perc base 0.32-0.32;slashing_resistance_perc base 0.32-0.32;staminaRegen_armor_mod mult -0.1--0.1	ok
NGP Bear Armor	Ursine armor	ng_plus	armor base 135-135;bludgeoning_resistance_perc base 0.05-0.05;focus_gain base 0.05-0.05;piercing_resistance_perc base 0.05-0.05;rending_resistance_perc base 0.18-0.18;slashing_resistance_perc base 0.15-0.15;staminaRegen_armor_mod mult -0.1--0.1	armor base 135-135;bludgeoning_resistance_perc base 0.05-0.05;focus_gain base 0.05-0.05;piercing_resistance_perc base 0.05-0.05;rending_resistance_perc base 0.18-0.18;slashing_resistance_perc base 0.15-0.15;staminaRegen_armor_mod mult -0.1--0.1	ok
Bear Armor 1	Enhanced legendary Ursine armor	ng_plus	armor base 310-310;bludgeoning_resistance_perc base 0.27-0.27;focus_gain base 0.24-0.24;piercing_resistance_perc base 0.27-0.27;rending_resistance_perc base 0.34-0.34;slashing_resistance_perc base 0.34-0.34;staminaRegen_armor_mod mult -0.1--0.1	armor base 310-310;bludgeoning_resistance_perc base 0.27-0.27;focus_gain base 0.24-0.24;piercing_resistance_perc base 0.27-0.27;rending_resistance_perc base 0.34-0.34;slashing_resistance_perc base 0.34-0.34;staminaRegen_armor_mod mult -0.1--0.1	ok
NGP Bear Armor 1	Enhanced Ursine armor	ng_plus	armor base 160-160;bludgeoning_resistance_perc base 0.1-0.1;focus_gain base 0.1-0.1;piercing_resistance_perc base 0.1-0.1;rending_resistance_perc base 0.22-0.22;slashing_resistance_perc base 0.2-0.2;staminaRegen_armor_mod mult -0.1--0.1	armor base 160-160;bludgeoning_resistance_perc base 0.1-0.1;focus_gain base 0.1-0.1;piercing_resistance_perc base 0.1-0.1;rending_resistance_perc base 0.22-0.22;slashing_resistance_perc base 0.2-0.2;staminaRegen_armor_mod mult -0.1--0.1	ok
Bear Armor 2	Superior legendary Ursine armor	ng_plus	armor base 335-335;bludgeoning_resistance_perc base 0.28-0.28;focus_gain base 0.27-0.27;piercing_resistance_perc base 0.28-0.28;rending_resistance_perc base 0.36-0.36;slashing_resistance_perc base 0.36-0.36;staminaRegen_armor_mod mult -0.1--0.1	armor base 335-335;bludgeoning_resistance_perc base 0.28-0.28;focus_gain base 0.27-0.27;piercing_resistance_perc base 0.28-0.28;rending_resistance_perc base 0.36-0.36;slashing_resistance_perc base 0.36-0.36;staminaRegen_armor_mod mult -0.1--0.1	ok
NGP Bear Armor 2	Superior Ursine armor	ng_plus	armor base 185-185;bludgeoning_resistance_perc base 0.15-0.15;focus_gain base 0.15-0.15;piercing_resistance_perc base 0.15-0.15;rending_resistance_perc base 0.26-0.26;slashing_resistance_perc base 0.25-0.25;staminaRegen_armor_mod mult -0.1--0.1	armor base 185-185;bludgeoning_resistance_perc base 0.15-0.15;focus_gain base 0.15-0.15;piercing_resistance_perc base 0.15-0.15;rending_resistance_perc base 0.26-0.26;slashing_resistance_perc base 0.25-0.25;staminaRegen_armor_mod mult -0.1--0.1	ok
Bear Armor 3	Mastercrafted legendary Ursine armor	ng_plus	armor base 355-355;bludgeoning_resistance_perc base 0.3-0.3;focus_gain base 0.3-0.3;piercing_resistance_perc base 0.3-0.3;rending_resistance_perc base 0.38-0.38;slashing_resistance_perc base 0.4-0.4;staminaRegen_armor_mod mult -0.1--0.1	armor base 355-355;bludgeoning_resistance_perc base 0.3-0.3;focus_gain base 0.3-0.3;piercing_resistance_perc base 0.3-0.3;rending_resistance_perc base 0.38-0.38;slashing_resistance_perc base 0.4-0.4;staminaRegen_armor_mod mult -0.1--0.1	ok
NGP Bear Armor 3	Mastercrafted Ursine armor	ng_plus	armor base 205-205;bludgeoning_resistance_perc base 0.25-0.25;focus_gain base 0.2-0.2;piercing_resistance_perc base 0.25-0.25;rending_resistance_perc base 0.3-0.3;slashing_resistance_perc base 0.3-0.3;staminaRegen_armor_mod mult -0.1--0.1	armor base 205-205;bludgeoning_resistance_perc base 0.25-0.25;focus_gain base 0.2-0.2;piercing_resistance_perc base 0.25-0.25;rending_resistance_perc base 0.3-0.3;slashing_resistance_perc base 0.3-0.3;staminaRegen_armor_mod mult -0.1--0.1	ok
Bear Armor 4	Grandmaster legendary Ursine armor	ng_plus	armor base 390-390;bludgeoning_resistance_perc base 0.3-0.3;focus_gain base 0.34-0.34;piercing_resistance_perc base 0.3-0.3;rending_resistance_perc base 0.4-0.4;slashing_resistance_perc base 0.4-0.4;staminaRegen_armor_mod mult -0.1--0.1	armor base 390-390;bludgeoning_resistance_perc base 0.3-0.3;focus_gain base 0.34-0.34;piercing_resistance_perc base 0.3-0.3;rending_resistance_perc base 0.4-0.4;slashing_resistance_perc base 0.4-0.4;staminaRegen_armor_mod mult -0.1--0.1	ok
NGP Bear Armor 4	Grandmaster Ursine armor	ng_plus	armor base 240-240;bludgeoning_resistance_perc base 0.25-0.25;focus_gain base 0.22-0.22;piercing_resistance_perc base 0.27-0.27;rending_resistance_perc base 0.32-0.32;slashing_resistance_perc base 0.32-0.32;staminaRegen_armor_mod mult -0.1--0.1	armor base 240-240;bludgeoning_resistance_perc base 0.25-0.25;focus_gain base 0.22-0.22;piercing_resistance_perc base 0.27-0.27;rending_resistance_perc base 0.32-0.32;slashing_resistance_perc base 0.32-0.32;staminaRegen_armor_mod mult -0.1--0.1	ok
Gryphon Armor	Legendary Griffin armor	ng_plus	armor base 240-240;bludgeoning_resistance_perc base 0.17-0.17;piercing_resistance_perc base 0.19-0.19;rending_resistance_perc base 0.26-0.26;slashing_resistance_perc base 0.24-0.24;spell_power mult 0.22-0.22	armor base 240-240;bludgeoning_resistance_perc base 0.17-0.17;piercing_resistance_perc base 0.19-0.19;rending_resistance_perc base 0.26-0.26;slashing_resistance_perc base 0.24-0.24;spell_power mult 0.22-0.22	ok
NGP Gryphon Armor	Griffin armor	ng_plus	armor base 90-90;bludgeoning_resistance_perc base 0.05-0.05;piercing_resistance_perc base 0.05-0.05;rending_resistance_perc base 0.12-0.12;slashing_resistance_perc base 0.1-0.1;spell_power mult 0.05-0.05	armor base 90-90;bludgeoning_resistance_perc base 0.05-0.05;piercing_resistance_perc base 0.05-0.05;rending_resistance_perc base 0.12-0.12;slashing_resistance_perc base 0.1-0.1;spell_power mult 0.05-0.05	ok
Gryphon Armor 1	Enhanced legendary Griffin armor	ng_plus	armor base 275-275;bludgeoning_resistance_perc base 0.18-0.18;piercing_resistance_perc base 0.21-0.21;rending_resistance_perc base 0.27-0.27;slashing_resistance_perc base 0.26-0.26;spell_power mult 0.24-0.24	armor base 275-275;bludgeoning_resistance_perc base 0.18-0.18;piercing_resistance_perc base 0.21-0.21;rending_resistance_perc base 0.27-0.27;slashing_resistance_perc base 0.26-0.26;spell_power mult 0.24-0.24	ok
NGP Gryphon Armor 1	Enhanced Griffin armor	ng_plus	armor base 125-125;bludgeoning_resistance_perc base 0.08-0.08;piercing_resistance_perc base 0.08-0.08;rending_resistance_perc base 0.16-0.16;slashing_resistance_perc base 0.14-0.14;spell_power mult 0.1-0.1	armor base 125-125;bludgeoning_resistance_perc base 0.08-0.08;piercing_resistance_perc base 0.08-0.08;rending_resistance_perc base 0.16-0.16;slashing_resistance_perc base 0.14-0.14;spell_power mult 0.1-0.1	ok
Gryphon Armor 2	Superior legendary Griffin armor	ng_plus	armor base 315-315;bludgeoning_resistance_perc base 0.19-0.19;piercing_resistance_perc base 0.23-0.23;rending_resistance_perc base 0.28-0.28;slashing_resistance_perc base 0.28-0.28;spell_power mult 0.27-0.27	armor base 315-315;bludgeoning_resistance_perc base 0.19-0.19;piercing_resistance_perc base 0.23-0.23;rending_resistance_perc base 0.28-0.28;slashing_resistance_perc base 0.28-0.28;spell_power mult 0.27-0.27	ok
NGP Gryphon Armor 2	Superior Griffin armor	ng_plus	armor base 165-165;bludgeoning_resistance_perc base 0.12-0.12;piercing_resistance_perc base 0.12-0.12;rending_resistance_perc base 0.2-0.2;slashing_resistance_perc base 0.18-0.18;spell_power mult 0.15-0.15	armor base 165-165;bludgeoning_resistance_perc base 0.12-0.12;piercing_resistance_perc base 0.12-0.12;rending_resistance_perc base 0.2-0.2;slashing_resistance_perc base 0.18-0.18;spell_power mult 0.15-0.15	ok
Gryphon Armor 3	Mastercrafted legendary Griffin armor	ng_plus	armor base 355-355;bludgeoning_resistance_perc base 0.2-0.2;piercing_resistance_perc base 0.25-0.25;rending_resistance_perc base 0.3-0.3;slashing_resistance_perc base 0.32-0.32;spell_power mult 0.3-0.3	armor base 355-355;bludgeoning_resistance_perc base 0.2-0.2;piercing_resistance_perc base 0.25-0.25;rending_resistance_perc base 0.3-0.3;slashing_resistance_perc base 0.32-0.32;spell_power mult 0.3-0.3	ok
NGP Gryphon Armor 3	Mastercrafted Griffin armor	ng_plus	armor base 205-205;bludgeoning_resistance_perc base 0.16-0.16;piercing_resistance_perc base 0.17-0.17;rending_resistance_perc base 0.25-0.25;slashing_resistance_perc base 0.22-0.22;spell_power mult 0.2-0.2	armor base 205-205;bludgeoning_resistance_perc base 0.16-0.16;piercing_resistance_perc base 0.17-0.17;rending_resistance_perc base 0.25-0.25;slashing_resistance_perc base 0.22-0.22;spell_power mult 0.2-0.2	ok
Gryphon Armor 4	Grandmaster legendary Griffin armor	ng_plus	armor base 390-390;bludgeoning_resistance_perc base 0.2-0.2;piercing_resistance_perc base 0.26-0.26;rending_resistance_perc base 0.32-0.32;slashing_resistance_perc base 0.33-0.33;spell_power mult 0.34-0.34	armor base 390-390;bludgeoning_resistance_perc base 0.2-0.2;piercing_resistance_perc base 0.26-0.26;rending_resistance_perc base 0.32-0.32;slashing_resistance_perc base 0.33-0.33;spell_power mult 0.34-0.34	ok
NGP Gryphon Armor 4	Grandmaster Griffin armor	ng_plus	armor base 240-240;bludgeoning_resistance_perc base 0.17-0.17;piercing_resistance_perc base 0.19-0.19;rending_resistance_perc base 0.26-0.26;slashing_resistance_perc base 0.24-0.24;spell_power mult 0.24-0.24	armor base 240-240;bludgeoning_resistance_perc base 0.17-0.17;piercing_resistance_perc base 0.19-0.19;rending_resistance_perc base 0.26-0.26;slashing_resistance_perc base 0.24-0.24;spell_power mult 0.24-0.24	ok
Lynx Armor	Legendary Feline armor	ng_plus	armor base 270-270;attack_power mult 0.22-0.22;elemental_resistance_perc base 0.36-0.36;piercing_resistance_perc base 0.12-0.12;rending_resistance_perc base 0.15-0.15;slashing_resistance_perc base 0.18-0.18;staminaRegen_armor_mod mult 0.1-0.1	armor base 270-270;attack_power mult 0.22-0.22;elemental_resistance_perc base 0.36-0.36;piercing_resistance_perc base 0.12-0.12;rending_resistance_perc base 0.15-0.15;slashing_resistance_perc base 0.18-0.18;staminaRegen_armor_mod mult 0.1-0.1	ok
NGP Lynx Armor	Feline armor	ng_plus	armor base 120-120;attack_power mult 0.05-0.05;elemental_resistance_perc base 0.2-0.2;piercing_resistance_perc base 0.05-0.05;rending_resistance_perc base 0.05-0.05;slashing_resistance_perc base 0.05-0.05;staminaRegen_armor_mod mult 0.1-0.1	armor base 120-120;attack_power mult 0.05-0.05;elemental_resistance_perc base 0.2-0.2;piercing_resistance_perc base 0.05-0.05;rending_resistance_perc base 0.05-0.05;slashing_resistance_perc base 0.05-0.05;staminaRegen_armor_mod mult 0.1-0.1	ok
Lynx Armor 1	Enhanced legendary Feline armor	ng_plus	armor base 300-300;attack_power mult 0.24-0.24;elemental_resistance_perc base 0.37-0.37;piercing_resistance_perc base 0.14-0.14;rending_resistance_perc base 0.16-0.16;slashing_resistance_perc base 0.2-0.2;staminaRegen_armor_mod mult 0.1-0.1	armor base 300-300;attack_power mult 0.24-0.24;elemental_resistance_perc base 0.37-0.37;piercing_resistance_perc base 0.14-0.14;rending_resistance_perc base 0.16-0.16;slashing_resistance_perc base 0.2-0.2;staminaRegen_armor_mod mult 0.1-0.1	ok
NGP Lynx Armor 1	Enhanced Feline armor	ng_plus	armor base 150-150;attack_power mult 0.1-0.1;elemental_resistance_perc base 0.3-0.3;piercing_resistance_perc base 0.06-0.06;rending_resistance_perc base 0.08-0.08;slashing_resistance_perc base 0.08-0.08;staminaRegen_armor_mod mult 0.1-0.1	armor base 150-150;attack_power mult 0.1-0.1;elemental_resistance_perc base 0.3-0.3;piercing_resistance_perc base 0.06-0.06;rending_resistance_perc base 0.08-0.08;slashing_resistance_perc base 0.08-0.08;staminaRegen_armor_mod mult 0.1-0.1	ok
Lynx Armor 2	Superior legendary Feline armor	ng_plus	armor base 330-330;attack_power mult 0.27-0.27;elemental_resistance_perc base 0.37-0.37;piercing_resistance_perc base 0.17-0.17;rending_resistance_perc base 0.18-0.18;slashing_resistance_perc base 0.22-0.22;staminaRegen_armor_mod mult 0.1-0.1	armor base 330-330;attack_power mult 0.27-0.27;elemental_resistance_perc base 0.37-0.37;piercing_resistance_perc base 0.17-0.17;rending_resistance_perc base 0.18-0.18;slashing_resistance_perc base 0.22-0.22;staminaRegen_armor_mod mult 0.1-0.1	ok
NGP Lynx Armor 2	Superior Feline armor	ng_plus	armor base 180-180;attack_power mult 0.15-0.15;elemental_resistance_perc base 0.35-0.35;piercing_resistance_perc base 0.08-0.08;rending_resistance_perc base 0.08-0.08;slashing_resistance_perc base 0.11-0.11;staminaRegen_armor_mod mult 0.1-0.1	armor base 180-180;attack_power mult 0.15-0.15;elemental_resistance_perc base 0.35-0.35;piercing_resistance_perc base 0.08-0.08;rending_resistance_perc base 0.08-0.08;slashing_resistance_perc base 0.11-0.11;staminaRegen_armor_mod mult 0.1-0.1	ok
Lynx Armor 3	Mastercrafted legendary Feline armor	ng_plus	armor base 355-355;attack_power mult 0.3-0.3;elemental_resistance_perc base 0.38-0.38;piercing_resistance_perc base 0.2-0.2;rending_resistance_perc base 0.2-0.2;slashing_resistance_perc base 0.25-0.25;staminaRegen_armor_mod mult 0.1-0.1	armor base 355-355;attack_power mult 0.3-0.3;elemental_resistance_perc base 0.38-0.38;piercing_resistance_perc base 0.2-0.2;rending_resistance_perc base 0.2-0.2;slashing_resistance_perc base 0.25-0.25;staminaRegen_armor_mod mult 0.1-0.1	ok
NGP Lynx Armor 3	Mastercrafted Feline armor	ng_plus	armor base 205-205;attack_power mult 0.2-0.2;elemental_resistance_perc base 0.45-0.45;piercing_resistance_perc base 0.1-0.1;rending_resistance_perc base 0.14-0.14;slashing_resistance_perc base 0.15-0.15;staminaRegen_armor_mod mult 0.1-0.1	armor base 205-205;attack_power mult 0.2-0.2;elemental_resistance_perc base 0.45-0.45;piercing_resistance_perc base 0.1-0.1;rending_resistance_perc base 0.14-0.14;slashing_resistance_perc base 0.15-0.15;staminaRegen_armor_mod mult 0.1-0.1	ok
Lynx Armor 4	Grandmaster legendary Feline armor	ng_plus	armor base 390-390;attack_power mult 0.34-0.34;elemental_resistance_perc base 0.38-0.38;piercing_resistance_perc base 0.2-0.2;rending_resistance_perc base 0.22-0.22;slashing_resistance_perc base 0.25-0.25;staminaRegen_armor_mod mult 0.1-0.1	armor base 390-390;attack_power mult 0.34-0.34;elemental_resistance_perc base 0.38-0.38;piercing_resistance_perc base 0.2-0.2;rending_resistance_perc base 0.22-0.22;slashing_resistance_perc base 0.25-0.25;staminaRegen_armor_mod mult 0.1-0.1	ok
NGP Lynx Armor 4	Grandmaster Feline armor	ng_plus	armor base 240-240;attack_power mult 0.24-0.24;elemental_resistance_perc base 0.47-0.47;piercing_resistance_perc base 0.15-0.15;rending_resistance_perc base 0.15-0.15;slashing_resistance_perc base 0.17-0.17;staminaRegen_armor_mod mult 0.1-0.1	armor base 240-240;attack_power mult 0.24-0.24;elemental_resistance_perc base 0.47-0.47;piercing_resistance_perc base 0.15-0.15;rending_resistance_perc base 0.15-0.15;slashing_resistance_perc base 0.17-0.17;staminaRegen_armor_mod mult 0.1-0.1	ok
NGP Netflix Armor	Forgotten Wolven armor	ng_plus	armor base 139-139;attack_power mult 0.08-0.08;elemental_resistance_perc base 0.15-0.15;focus_gain base 0.08-0.08;piercing_resistance_perc base 0.06-0.06;rending_resistance_perc base 0.15-0.15;slashing_resistance_perc base 0.12-0.12	armor base 139-139;attack_power mult 0.08-0.08;elemental_resistance_perc base 0.15-0.15;focus_gain base 0.08-0.08;piercing_resistance_perc base 0.06-0.06;rending_resistance_perc base 0.15-0.15;slashing_resistance_perc base 0.12-0.12	ok
Netflix Armor	Legendary forgotten Wolven armor	ng_plus	armor base 281-281;attack_power mult 0.08-0.08;elemental_resistance_perc base 0.15-0.15;focus_gain base 0.08-0.08;piercing_resistance_perc base 0.06-0.06;rending_resistance_perc base 0.15-0.15;slashing_resistance_perc base 0.12-0.12	armor base 281-281;attack_power mult 0.08-0.08;elemental_resistance_perc base 0.15-0.15;focus_gain base 0.08-0.08;piercing_resistance_perc base 0.06-0.06;rending_resistance_perc base 0.15-0.15;slashing_resistance_perc base 0.12-0.12	ok
NGP Netflix Armor 1	Mastercrafted forgotten Wolven armor	ng_plus	armor base 208-208;attack_power mult 0.18-0.18;elemental_resistance_perc base 0.25-0.25;focus_gain base 0.18-0.18;piercing_resistance_perc base 0.15-0.15;rending_resistance_perc base 0.25-0.25;slashing_resistance_perc base 0.2-0.2	armor base 208-208;attack_power mult 0.18-0.18;elemental_resistance_perc base 0.25-0.25;focus_gain base 0.18-0.18;piercing_resistance_perc base 0.15-0.15;rending_resistance_perc base 0.25-0.25;slashing_resistance_perc base 0.2-0.2	ok
Netflix Armor 1	Mastercrafted legendary forgotten Wolven armor	ng_plus	armor base 355-355;attack_power mult 0.18-0.18;elemental_resistance_perc base 0.25-0.25;focus_gain base 0.18-0.18;piercing_resistance_perc base 0.15-0.15;rending_resistance_perc base 0.25-0.25;slashing_resistance_perc base 0.2-0.2	armor base 355-355;attack_power mult 0.18-0.18;elemental_resistance_perc base 0.25-0.25;focus_gain base 0.18-0.18;piercing_resistance_perc base 0.15-0.15;rending_resistance_perc base 0.25-0.25;slashing_resistance_perc base 0.2-0.2	ok
NGP Netflix Armor 2	Grandmaster forgotten Wolven armor	ng_plus	armor base 243-243;attack_power mult 0.2-0.2;elemental_resistance_perc base 0.3-0.3;focus_gain base 0.2-0.2;piercing_resistance_perc base 0.18-0.18;rending_resistance_perc base 0.3-0.3;slashing_resistance_perc base 0.22-0.22	armor base 243-243;attack_power mult 0.2-0.2;elemental_resistance_perc base 0.3-0.3;focus_gain base 0.2-0.2;piercing_resistance_perc base 0.18-0.18;rending_resistance_perc base 0.3-0.3;slashing_resistance_perc base 0.22-0.22	ok
Netflix Armor 2	Grandmaster legendary forgotten Wolven armor	ng_plus	armor base 390-390;attack_power mult 0.2-0.2;elemental_resistance_perc base 0.3-0.3;focus_gain base 0.2-0.2;piercing_resistance_perc base 0.18-0.18;rending_resistance_perc base 0.3-0.3;slashing_resistance_perc base 0.22-0.22	armor base 390-390;attack_power mult 0.2-0.2;elemental_resistance_perc base 0.3-0.3;focus_gain base 0.2-0.2;piercing_resistance_perc base 0.18-0.18;rending_resistance_perc base 0.3-0.3;slashing_resistance_perc base 0.22-0.22	ok
NGP Red Wolf Armor 1	Manticore armor	ng_plus	armor base 240-240;critical_hit_damage_bonus add 0.25-0.25;piercing_resistance_perc base 0.2-0.2;rending_resistance_perc base 0.28-0.28;slashing_resistance_perc base 0.24-0.24;toxicity base 10-10	armor base 240-240;critical_hit_damage_bonus add 0.25-0.25;piercing_resistance_perc base 0.2-0.2;rending_resistance_perc base 0.28-0.28;slashing_resistance_perc base 0.24-0.24;toxicity base 10-10	ok
Red Wolf Armor 1	Legendary Manticore armor	ng_plus	armor base 390-390;critical_hit_damage_bonus add 0.3-0.3;piercing_resistance_perc base 0.26-0.26;rending_resistance_perc base 0.3-0.3;slashing_resistance_perc base 0.33-0.33;toxicity base 5-5	armor base 390-390;critical_hit_damage_bonus add 0.3-0.3;piercing_resistance_perc base 0.26-0.26;rending_resistance_perc base 0.3-0.3;slashing_resistance_perc base 0.33-0.33;toxicity base 5-5	ok
EP1 Witcher Armor	Legendary Viper armor	ng_plus	armor base 385-385;elemental_resistance_perc base 0.4-0.4;piercing_resistance_perc base 0.3-0.3;poison_resistance_perc base 0.5-0.5;rending_resistance_perc base 0.28-0.28;slashing_resistance_perc base 0.3-0.3	armor base 385-385;elemental_resistance_perc base 0.4-0.4;piercing_resistance_perc base 0.3-0.3;poison_resistance_perc base 0.5-0.5;rending_resistance_perc base 0.28-0.28;slashing_resistance_perc base 0.3-0.3	ok
NGP EP1 Witcher Armor	Viper armor	ng_plus	armor base 235-235;elemental_resistance_perc base 0.4-0.4;piercing_resistance_perc base 0.3-0.3;poison_resistance_perc base 0.5-0.5;rending_resistance_perc base 0.3-0.3;slashing_resistance_perc base 0.3-0.3	armor base 235-235;elemental_resistance_perc base 0.4-0.4;piercing_resistance_perc base 0.3-0.3;poison_resistance_perc base 0.5-0.5;rending_resistance_perc base 0.3-0.3;slashing_resistance_perc base 0.3-0.3	ok
NGP Wolf Armor	Legendary Wolven armor	ng_plus	armor base 255-255;bludgeoning_resistance_perc base 0.17-0.17;focus_gain base 0.22-0.22;piercing_resistance_perc base 0.19-0.19;rending_resistance_perc base 0.26-0.26;slashing_resistance_perc base 0.24-0.24	armor base 255-255;bludgeoning_resistance_perc base 0.17-0.17;focus_gain base 0.22-0.22;piercing_resistance_perc base 0.19-0.19;rending_resistance_perc base 0.26-0.26;slashing_resistance_perc base 0.24-0.24	ok
Wolf Armor	Wolven armor	ng_plus	armor base 105-105;bludgeoning_resistance_perc base 0.05-0.05;focus_gain base 0.05-0.05;piercing_resistance_perc base 0.05-0.05;rending_resistance_perc base 0.12-0.12;slashing_resistance_perc base 0.1-0.1	armor base 105-105;bludgeoning_resistance_perc base 0.05-0.05;focus_gain base 0.05-0.05;piercing_resistance_perc base 0.05-0.05;rending_resistance_perc base 0.12-0.12;slashing_resistance_perc base 0.1-0.1	ok
NGP Wolf Armor 1	Enhanced legendary Wolven armor	ng_plus	armor base 290-290;bludgeoning_resistance_perc base 0.18-0.18;focus_gain base 0.24-0.24;piercing_resistance_perc base 0.21-0.21;rending_resistance_perc base 0.27-0.27;slashing_resistance_perc base 0.26-0.26	armor base 290-290;bludgeoning_resistance_perc base 0.18-0.18;focus_gain base 0.24-0.24;piercing_resistance_perc base 0.21-0.21;rending_resistance_perc base 0.27-0.27;slashing_resistance_perc base 0.26-0.26	ok
Wolf Armor 1	Enhanced Wolven armor	ng_plus	armor base 140-140;bludgeoning_resistance_perc base 0.08-0.08;focus_gain base 0.1-0.1;piercing_resistance_perc base 0.08-0.08;rending_resistance_perc base 0.16-0.16;slashing_resistance_perc base 0.14-0.14	armor base 140-140;bludgeoning_resistance_perc base 0.08-0.08;focus_gain base 0.1-0.1;piercing_resistance_perc base 0.08-0.08;rending_resistance_perc base 0.16-0.16;slashing_resistance_perc base 0.14-0.14	ok
NGP Wolf Armor 2	Superior legendary Wolven armor	ng_plus	armor base 330-330;bludgeoning_resistance_perc base 0.19-0.19;focus_gain base 0.27-0.27;piercing_resistance_perc base 0.23-0.23;rending_resistance_perc base 0.28-0.28;slashing_resistance_perc base 0.28-0.28	armor base 330-330;bludgeoning_resistance_perc base 0.19-0.19;focus_gain base 0.27-0.27;piercing_resistance_perc base 0.23-0.23;rending_resistance_perc base 0.28-0.28;slashing_resistance_perc base 0.28-0.28	ok
Wolf Armor 2	Superior Wolven armor	ng_plus	armor base 180-180;bludgeoning_resistance_perc base 0.12-0.12;focus_gain base 0.15-0.15;piercing_resistance_perc base 0.12-0.12;rending_resistance_perc base 0.2-0.2;slashing_resistance_perc base 0.18-0.18	armor base 180-180;bludgeoning_resistance_perc base 0.12-0.12;focus_gain base 0.15-0.15;piercing_resistance_perc base 0.12-0.12;rending_resistance_perc base 0.2-0.2;slashing_resistance_perc base 0.18-0.18	ok
NGP Wolf Armor 3	Mastercrafted legendary Wolven armor	ng_plus	armor base 355-355;bludgeoning_resistance_perc base 0.2-0.2;focus_gain base 0.3-0.3;piercing_resistance_perc base 0.25-0.25;rending_resistance_perc base 0.3-0.3;slashing_resistance_perc base 0.32-0.32	armor base 355-355;bludgeoning_resistance_perc base 0.2-0.2;focus_gain base 0.3-0.3;piercing_resistance_perc base 0.25-0.25;rending_resistance_perc base 0.3-0.3;slashing_resistance_perc base 0.32-0.32	ok
Wolf Armor 3	Mastercrafted Wolven armor	ng_plus	armor base 205-205;bludgeoning_resistance_perc base 0.16-0.16;focus_gain base 0.2-0.2;piercing_resistance_perc base 0.17-0.17;rending_resistance_perc base 0.25-0.25;slashing_resistance_perc base 0.22-0.22	armor base 205-205;bludgeoning_resistance_perc base 0.16-0.16;focus_gain base 0.2-0.2;piercing_resistance_perc base 0.17-0.17;rending_resistance_perc base 0.25-0.25;slashing_resistance_perc base 0.22-0.22	ok
NGP Wolf Armor 4	Grandmaster Wolven armor	ng_plus	armor base 240-240;bludgeoning_resistance_perc base 0.17-0.17;focus_gain base 0.25-0.25;piercing_resistance_perc base 0.2-0.2;rending_resistance_perc base 0.26-0.26;slashing_resistance_perc base 0.24-0.24	armor base 240-240;bludgeoning_resistance_perc base 0.17-0.17;focus_gain base 0.25-0.25;piercing_resistance_perc base 0.2-0.2;rending_resistance_perc base 0.26-0.26;slashing_resistance_perc base 0.24-0.24	ok
Wolf Armor 4	Grandmaster legendary Wolven armor	ng_plus	armor base 390-390;bludgeoning_resistance_perc base 0.2-0.2;focus_gain base 0.35-0.35;piercing_resistance_perc base 0.26-0.26;rending_resistance_perc base 0.32-0.32;slashing_resistance_perc base 0.33-0.33	armor base 390-390;bludgeoning_resistance_perc base 0.2-0.2;focus_gain base 0.35-0.35;piercing_resistance_perc base 0.26-0.26;rending_resistance_perc base 0.32-0.32;slashing_resistance_perc base 0.33-0.33	ok
NGP q702_vampire_armor	Tesham Mutna armor	ng_plus	armor base 230-230;bleeding_resistance_perc base 0.25-0.25;bludgeoning_resistance_perc base 0.25-0.25;piercing_resistance_perc base 0.3-0.3;rending_resistance_perc base 0.25-0.25;slashing_resistance_perc base 0.3-0.3;staminaRegen_armor_mod mult -0.1--0.1	armor base 230-230;bleeding_resistance_perc base 0.25-0.25;bludgeoning_resistance_perc base 0.25-0.25;piercing_resistance_perc base 0.3-0.3;rending_resistance_perc base 0.25-0.25;slashing_resistance_perc base 0.3-0.3;staminaRegen_armor_mod mult -0.1--0.1	ok
q702_vampire_armor	Tesham Mutna armor	ng_plus	armor base 380-380;bleeding_resistance_perc base 0.25-0.25;bludgeoning_resistance_perc base 0.25-0.25;piercing_resistance_perc base 0.3-0.3;rending_resistance_perc base 0.3-0.3;slashing_resistance_perc base 0.3-0.3;staminaRegen_armor_mod mult -0.1--0.1	armor base 380-380;bleeding_resistance_perc base 0.25-0.25;bludgeoning_resistance_perc base 0.25-0.25;piercing_resistance_perc base 0.3-0.3;rending_resistance_perc base 0.3-0.3;slashing_resistance_perc base 0.3-0.3;staminaRegen_armor_mod mult -0.1--0.1	ok
q704_vampire_armor	Hen Gaidth armor	ng_plus	bleeding_resistance_perc base 0.25-0.25;bludgeoning_resistance_perc base 0.3-0.3;item_level_max add 100-100;item_level_min add 40-40;piercing_resistance_perc base 0.4-0.4;rending_resistance_perc base 0.38-0.38;slashing_resistance_perc base 0.35-0.35;staminaRegen_armor_mod mult -0.1--0.1	bleeding_resistance_perc base 0.25-0.25;bludgeoning_resistance_perc base 0.3-0.3;item_level_max add 100-100;item_level_min add 40-40;piercing_resistance_perc base 0.4-0.4;rending_resistance_perc base 0.38-0.38;slashing_resistance_perc base 0.35-0.35;staminaRegen_armor_mod mult -0.1--0.1	ok
Scarlet Crest Armor	Scarlet Crest armor	ng_plus	armor base 230-230;bludgeoning_resistance_perc base 0.32-0.32;focus_gain base 0.11-0.11;piercing_resistance_perc base 0.33-0.33;slashing_resistance_perc base 0.26-0.26;spell_power_quen mult 0.2-0.2	armor base 230-230;bludgeoning_resistance_perc base 0.32-0.32;focus_gain base 0.11-0.11;piercing_resistance_perc base 0.33-0.33;slashing_resistance_perc base 0.26-0.26;spell_power_quen mult 0.2-0.2	ok
Dol Blathanna Armor	Armor of a Thousand Flowers	ng_plus	armor base 212-212;bludgeoning_resistance_perc base 0.09-0.09;piercing_resistance_perc base 0.09-0.09;rending_resistance_perc base 0.15-0.15;slashing_resistance_perc base 0.17-0.17;staminaRegen_armor_mod mult 0.1-0.1	armor base 212-212;bludgeoning_resistance_perc base 0.09-0.09;piercing_resistance_perc base 0.09-0.09;rending_resistance_perc base 0.15-0.15;slashing_resistance_perc base 0.17-0.17;staminaRegen_armor_mod mult 0.1-0.1	ok
NGP Dol Blathanna Armor	Armor of a Thousand Flowers	ng_plus	armor base 66-66;bludgeoning_resistance_perc base 0.04-0.04;piercing_resistance_perc base 0.04-0.04;rending_resistance_perc base 0.11-0.11;slashing_resistance_perc base 0.09-0.09;staminaRegen_armor_mod mult 0.1-0.1	armor base 66-66;bludgeoning_resistance_perc base 0.04-0.04;piercing_resistance_perc base 0.04-0.04;rending_resistance_perc base 0.11-0.11;slashing_resistance_perc base 0.09-0.09;staminaRegen_armor_mod mult 0.1-0.1	ok
NGP White Tiger Armor	White Tiger of the West armor	ng_plus	armor base 85-85;bludgeoning_resistance_perc base 0.05-0.05;piercing_resistance_perc base 0.05-0.05;rending_resistance_perc base 0.13-0.13;slashing_resistance_perc base 0.09-0.09;vitality base 75-75	armor base 85-85;bludgeoning_resistance_perc base 0.05-0.05;piercing_resistance_perc base 0.05-0.05;rending_resistance_perc base 0.13-0.13;slashing_resistance_perc base 0.09-0.09;vitality base 75-75	ok
White Tiger Armor	White Tiger of the West armor	ng_plus	armor base 231-231;bludgeoning_resistance_perc base 0.13-0.13;piercing_resistance_perc base 0.13-0.13;rending_resistance_perc base 0.18-0.18;slashing_resistance_perc base 0.25-0.25;vitality base 125-125	armor base 231-231;bludgeoning_resistance_perc base 0.13-0.13;piercing_resistance_perc base 0.13-0.13;rending_resistance_perc base 0.18-0.18;slashing_resistance_perc base 0.25-0.25;vitality base 125-125	ok
DLC1 Temerian Armor	Temerian Armor	ng_plus	armor base 50-50;bludgeoning_resistance_perc base 0.15-0.15;elemental_resistance_perc base 0.05-0.05;piercing_resistance_perc base 0.15-0.15;rending_resistance_perc base 0.05-0.05;slashing_resistance_perc base 0.2-0.2;staminaRegen_armor_mod mult 0.1-0.1	armor base 50-50;bludgeoning_resistance_perc base 0.15-0.15;elemental_resistance_perc base 0.05-0.05;piercing_resistance_perc base 0.15-0.15;rending_resistance_perc base 0.05-0.05;slashing_resistance_perc base 0.2-0.2;staminaRegen_armor_mod mult 0.1-0.1	ok
DLC14 Skellige Armor	Undvik Armor	ng_plus	armor base 110-110;bludgeoning_resistance_perc base 0.35-0.35;elemental_resistance_perc base 0.1-0.1;piercing_resistance_perc base 0.35-0.35;rending_resistance_perc base 0.1-0.1;slashing_resistance_perc base 0.4-0.4;staminaRegen_armor_mod mult -0.1--0.1	armor base 110-110;bludgeoning_resistance_perc base 0.35-0.35;elemental_resistance_perc base 0.1-0.1;piercing_resistance_perc base 0.35-0.35;rending_resistance_perc base 0.1-0.1;slashing_resistance_perc base 0.4-0.4;staminaRegen_armor_mod mult -0.1--0.1	ok
DLC5 Nilfgaardian Armor	Nilfgaardian Armor	ng_plus	armor base 80-80;bludgeoning_resistance_perc base 0.25-0.25;elemental_resistance_perc base 0.05-0.05;piercing_resistance_perc base 0.25-0.25;rending_resistance_perc base 0.1-0.1;slashing_resistance_perc base 0.3-0.3	armor base 80-80;bludgeoning_resistance_perc base 0.25-0.25;elemental_resistance_perc base 0.05-0.05;piercing_resistance_perc base 0.25-0.25;rending_resistance_perc base 0.1-0.1;slashing_resistance_perc base 0.3-0.3	ok
NGP DLC1 Temerian Armor	Temerian Armor	ng_plus	armor base 200-200;bludgeoning_resistance_perc base 0.2-0.2;elemental_resistance_perc base 0.1-0.1;piercing_resistance_perc base 0.2-0.2;rending_resistance_perc base 0.1-0.1;slashing_resistance_perc base 0.25-0.25;staminaRegen_armor_mod mult 0.1-0.1	armor base 200-200;bludgeoning_resistance_perc base 0.2-0.2;elemental_resistance_perc base 0.1-0.1;piercing_resistance_perc base 0.2-0.2;rending_resistance_perc base 0.1-0.1;slashing_resistance_perc base 0.25-0.25;staminaRegen_armor_mod mult 0.1-0.1	ok
NGP DLC14 Skellige Armor	Undvik Armor	ng_plus	armor base 260-260;bludgeoning_resistance_perc base 0.4-0.4;elemental_resistance_perc base 0.15-0.15;piercing_resistance_perc base 0.4-0.4;rending_resistance_perc base 0.15-0.15;slashing_resistance_perc base 0.45-0.45;staminaRegen_armor_mod mult -0.1--0.1	armor base 260-260;bludgeoning_resistance_perc base 0.4-0.4;elemental_resistance_perc base 0.15-0.15;piercing_resistance_perc base 0.4-0.4;rending_resistance_perc base 0.15-0.15;slashing_resistance_perc base 0.45-0.45;staminaRegen_armor_mod mult -0.1--0.1	ok
NGP DLC5 Nilfgaardian Armor	Nilfgaardian Armor	ng_plus	armor base 230-230;bludgeoning_resistance_perc base 0.3-0.3;elemental_resistance_perc base 0.1-0.1;piercing_resistance_perc base 0.3-0.3;rending_resistance_perc base 0.15-0.15;slashing_resistance_perc base 0.35-0.35	armor base 230-230;bludgeoning_resistance_perc base 0.3-0.3;elemental_resistance_perc base 0.1-0.1;piercing_resistance_perc base 0.3-0.3;rending_resistance_perc base 0.15-0.15;slashing_resistance_perc base 0.35-0.35	ok
Crafted Burning Rose Armor	Order of the Flaming Rose armor	ng_plus	armor base 365-365;bludgeoning_resistance_perc base 0.4-0.4;burning_resistance_perc base 0.3-0.3;elemental_resistance_perc base 0.3-0.3;piercing_resistance_perc base 0.4-0.4;slashing_resistance_perc base 0.4-0.4;staminaRegen_armor_mod mult -0.1--0.1	armor base 365-365;bludgeoning_resistance_perc base 0.4-0.4;burning_resistance_perc base 0.3-0.3;elemental_resistance_perc base 0.3-0.3;piercing_resistance_perc base 0.4-0.4;slashing_resistance_perc base 0.4-0.4;staminaRegen_armor_mod mult -0.1--0.1	ok
Crafted Ofir Armor	Ofieri scale armor	ng_plus	armor base 375-375;bludgeoning_resistance_perc base 0.3-0.3;slashing_resistance_perc base 0.3-0.3;spell_power_axii mult 0.1-0.1;spell_power_quen mult 0.2-0.2;spell_power_yrden mult 0.1-0.1;staminaRegen_armor_mod mult 0.1-0.1	armor base 375-375;bludgeoning_resistance_perc base 0.3-0.3;slashing_resistance_perc base 0.3-0.3;spell_power_axii mult 0.1-0.1;spell_power_quen mult 0.2-0.2;spell_power_yrden mult 0.1-0.1;staminaRegen_armor_mod mult 0.1-0.1	ok
Geralt Kontusz R	Ornate robe	ng_plus	burning_resistance_perc base 0.2-0.2;elemental_resistance_perc base 0.26-0.26;item_level_max add 35-35;item_level_min add 33-33;piercing_resistance_perc base 0.26-0.26;slashing_resistance_perc base 0.26-0.26;spell_power_igni mult 0.2-0.2;staminaRegen_armor_mod mult 0.1-0.1	burning_resistance_perc base 0.2-0.2;elemental_resistance_perc base 0.26-0.26;item_level_max add 35-35;item_level_min add 33-33;piercing_resistance_perc base 0.26-0.26;slashing_resistance_perc base 0.26-0.26;spell_power_igni mult 0.2-0.2;staminaRegen_armor_mod mult 0.1-0.1	ok
Guard Lvl1 A Armor 3	Toussaint Color Guardsman's armor	ng_plus	armor base 395-395;bleeding_resistance_perc base 0.2-0.2;bludgeoning_resistance_perc base 0.28-0.28;piercing_resistance_perc base 0.21-0.21;slashing_resistance_perc base 0.28-0.28;staminaRegen_armor_mod mult 0.1-0.1;vitality base 300-300	armor base 395-395;bleeding_resistance_perc base 0.2-0.2;bludgeoning_resistance_perc base 0.28-0.28;piercing_resistance_perc base 0.21-0.21;slashing_resistance_perc base 0.28-0.28;staminaRegen_armor_mod mult 0.1-0.1;vitality base 300-300	ok
Guard Lvl1 Armor 3	Toussaint Ducal Guardsman's armor	ng_plus	armor base 390-390;bleeding_resistance_perc base 0.15-0.15;bludgeoning_resistance_perc base 0.27-0.27;piercing_resistance_perc base 0.2-0.2;slashing_resistance_perc base 0.27-0.27;staminaRegen_armor_mod mult 0.1-0.1;vitality base 250-250	armor base 390-390;bleeding_resistance_perc base 0.15-0.15;bludgeoning_resistance_perc base 0.27-0.27;piercing_resistance_perc base 0.2-0.2;slashing_resistance_perc base 0.27-0.27;staminaRegen_armor_mod mult 0.1-0.1;vitality base 250-250	ok
Guard Lvl2 A Armor 3	Toussaint Ducal Guard Captain's armor	ng_plus	armor base 410-410;bludgeoning_resistance_perc base 0.31-0.31;piercing_resistance_perc base 0.31-0.31;poison_resistance_perc base 0.2-0.2;slashing_resistance_perc base 0.36-0.36;vitality base 400-400	armor base 410-410;bludgeoning_resistance_perc base 0.31-0.31;piercing_resistance_perc base 0.31-0.31;poison_resistance_perc base 0.2-0.2;slashing_resistance_perc base 0.36-0.36;vitality base 400-400	ok
Guard Lvl2 Armor 3	Toussaint Ducal Guard Officer's armor	ng_plus	armor base 405-405;bludgeoning_resistance_perc base 0.3-0.3;piercing_resistance_perc base 0.3-0.3;poison_resistance_perc base 0.15-0.15;slashing_resistance_perc base 0.35-0.35;vitality base 350-350	armor base 405-405;bludgeoning_resistance_perc base 0.3-0.3;piercing_resistance_perc base 0.3-0.3;poison_resistance_perc base 0.15-0.15;slashing_resistance_perc base 0.35-0.35;vitality base 350-350	ok
Heavy armor 01r	Mag Deira cuirass	ng_plus	bludgeoning_resistance_perc base 0.25-0.25;elemental_resistance_perc base 0.0-0.0;piercing_resistance_perc base 0.3-0.3;rending_resistance_perc base 0.0-0.0;slashing_resistance_perc base 0.3-0.3;staminaRegen_armor_mod mult -0.1--0.1;vitality base 300-600	bludgeoning_resistance_perc base 0.25-0.25;elemental_resistance_perc base 0.0-0.0;piercing_resistance_perc base 0.3-0.3;rending_resistance_perc base 0.0-0.0;slashing_resistance_perc base 0.3-0.3;staminaRegen_armor_mod mult -0.1--0.1;vitality base 300-600	ok
Heavy armor 02r	Ban Ard breastplate	ng_plus	bludgeoning_resistance_perc base 0.2-0.2;elemental_resistance_perc base 0.0-0.0;piercing_resistance_perc base 0.3-0.3;rending_resistance_perc base 0.0-0.0;slashing_resistance_perc base 0.35-0.35;staminaRegen_armor_mod mult -0.1--0.1;vitality base 400-600	bludgeoning_resistance_perc base 0.2-0.2;elemental_resistance_perc base 0.0-0.0;piercing_resistance_perc base 0.3-0.3;rending_resistance_perc base 0.0-0.0;slashing_resistance_perc base 0.35-0.35;staminaRegen_armor_mod mult -0.1--0.1;vitality base 400-600	ok
Heavy armor 03 Netflix	Nilfgaardian guardsman armor	ng_plus	bludgeoning_resistance_perc base 0.3-0.3;elemental_resistance_perc base 0.0-0.0;piercing_resistance_perc base 0.35-0.35;rending_resistance_perc base 0.0-0.0;slashing_resistance_perc base 0.4-0.4;staminaRegen_armor_mod mult -0.1--0.1;vitality base 450-600	bludgeoning_resistance_perc base 0.3-0.3;elemental_resistance_perc base 0.0-0.0;piercing_resistance_perc base 0.35-0.35;rending_resistance_perc base 0.0-0.0;slashing_resistance_perc base 0.4-0.4;staminaRegen_armor_mod mult -0.1--0.1;vitality base 450-600	ok
Heavy armor 03r	Nilfgaardian guardsman armor	ng_plus	bludgeoning_resistance_perc base 0.3-0.3;elemental_resistance_perc base 0.0-0.0;piercing_resistance_perc base 0.35-0.35;rending_resistance_perc base 0.0-0.0;slashing_resistance_perc base 0.4-0.4;staminaRegen_armor_mod mult -0.1--0.1;vitality base 450-600	bludgeoning_resistance_perc base 0.3-0.3;elemental_resistance_perc base 0.0-0.0;piercing_resistance_perc base 0.35-0.35;rending_resistance_perc base 0.0-0.0;slashing_resistance_perc base 0.4-0.4;staminaRegen_armor_mod mult -0.1--0.1;vitality base 450-600	ok
Heavy armor 04r	Hindarsfjall heavy armor	ng_plus	bludgeoning_resistance_perc base 0.3-0.3;elemental_resistance_perc base 0.0-0.0;piercing_resistance_perc base 0.4-0.4;rending_resistance_perc base 0.0-0.0;slashing_resistance_perc base 0.45-0.45;staminaRegen_armor_mod mult -0.1--0.1;vitality base 500-650	bludgeoning_resistance_perc base 0.3-0.3;elemental_resistance_perc base 0.0-0.0;piercing_resistance_perc base 0.4-0.4;rending_resistance_perc base 0.0-0.0;slashing_resistance_perc base 0.45-0.45;staminaRegen_armor_mod mult -0.1--0.1;vitality base 500-650	ok
Heavy armor 05r	Mahakaman heavy armor	ng_plus	bludgeoning_resistance_perc base 0.25-0.25;elemental_resistance_perc base 0.0-0.0;piercing_resistance_perc base 0.25-0.25;rending_resistance_perc base 0.0-0.0;slashing_resistance_perc base 0.3-0.3;staminaRegen_armor_mod mult -0.1--0.1;vitality base 550-650	bludgeoning_resistance_perc base 0.25-0.25;elemental_resistance_perc base 0.0-0.0;piercing_resistance_perc base 0.25-0.25;rending_resistance_perc base 0.0-0.0;slashing_resistance_perc base 0.3-0.3;staminaRegen_armor_mod mult -0.1--0.1;vitality base 550-650	ok
Knight Geralt A Armor 3	Toussaint knight's tourney armor	ng_plus	armor base 425-425;bludgeoning_resistance_perc base 0.43-0.43;piercing_resistance_perc base 0.43-0.43;quen_chance_on_projectile add 0.25-0.25;slashing_resistance_perc base 0.43-0.43;staminaRegen_armor_mod mult 0.1-0.1;vitality base 500-500	armor base 425-425;bludgeoning_resistance_perc base 0.43-0.43;piercing_resistance_perc base 0.43-0.43;quen_chance_on_projectile add 0.25-0.25;slashing_resistance_perc base 0.43-0.43;staminaRegen_armor_mod mult 0.1-0.1;vitality base 500-500	ok
Knight Geralt Armor 3	Toussaint knight's armor	ng_plus	armor base 420-420;bleeding_resistance_perc base 0.25-0.25;bludgeoning_resistance_perc base 0.41-0.41;piercing_resistance_perc base 0.41-0.41;slashing_resistance_perc base 0.41-0.41;staminaRegen_armor_mod mult 0.1-0.1;vitality base 450-450	armor base 420-420;bleeding_resistance_perc base 0.25-0.25;bludgeoning_resistance_perc base 0.41-0.41;piercing_resistance_perc base 0.41-0.41;slashing_resistance_perc base 0.41-0.41;staminaRegen_armor_mod mult 0.1-0.1;vitality base 450-450	ok
Light armor 01r	Cidarian gambeson	ng_plus	bludgeoning_resistance_perc base 0.1-0.1;elemental_resistance_perc base 0.0-0.0;piercing_resistance_perc base 0.07-0.07;rending_resistance_perc base 0.0-0.0;slashing_resistance_perc base 0.15-0.15;staminaRegen_armor_mod mult 0.1-0.1;vitality base 10-100	bludgeoning_resistance_perc base 0.1-0.1;elemental_resistance_perc base 0.0-0.0;piercing_resistance_perc base 0.07-0.07;rending_resistance_perc base 0.0-0.0;slashing_resistance_perc base 0.15-0.15;staminaRegen_armor_mod mult 0.1-0.1;vitality base 10-100	ok
Light armor 02r	Skellige gambeson	ng_plus	bludgeoning_resistance_perc base 0.15-0.15;elemental_resistance_perc base 0.0-0.0;piercing_resistance_perc base 0.1-0.1;rending_resistance_perc base 0.0-0.0;slashing_resistance_perc base 0.15-0.15;spell_power_igni mult 0.08-0.15;staminaRegen_armor_mod mult 0.1-0.1	bludgeoning_resistance_perc base 0.15-0.15;elemental_resistance_perc base 0.0-0.0;piercing_resistance_perc base 0.1-0.1;rending_resistance_perc base 0.0-0.0;slashing_resistance_perc base 0.15-0.15;spell_power_igni mult 0.08-0.15;staminaRegen_armor_mod mult 0.1-0.1	ok
Light armor 03r	Kaedweni gambeson	ng_plus	bludgeoning_resistance_perc base 0.15-0.15;elemental_resistance_perc base 0.0-0.0;piercing_resistance_perc base 0.1-0.1;rending_resistance_perc base 0.0-0.0;slashing_resistance_perc base 0.25-0.25;spell_power_aard mult 0.08-0.15;staminaRegen_armor_mod mult 0.1-0.1	bludgeoning_resistance_perc base 0.15-0.15;elemental_resistance_perc base 0.0-0.0;piercing_resistance_perc base 0.1-0.1;rending_resistance_perc base 0.0-0.0;slashing_resistance_perc base 0.25-0.25;spell_power_aard mult 0.08-0.15;staminaRegen_armor_mod mult 0.1-0.1	ok
Light armor 04r	Spikeroog aketon	ng_plus	bludgeoning_resistance_perc base 0.15-0.15;elemental_resistance_perc base 0.0-0.0;focus_gain add 0.04-0.06;piercing_resistance_perc base 0.1-0.1;rending_resistance_perc base 0.0-0.0;slashing_resistance_perc base 0.3-0.3;staminaRegen_armor_mod mult 0.1-0.1	bludgeoning_resistance_perc base 0.15-0.15;elemental_resistance_perc base 0.0-0.0;focus_gain add 0.04-0.06;piercing_resistance_perc base 0.1-0.1;rending_resistance_perc base 0.0-0.0;slashing_resistance_perc base 0.3-0.3;staminaRegen_armor_mod mult 0.1-0.1	ok
Light armor 06r	Verden archer's gambeson	ng_plus	bludgeoning_resistance_perc base 0.2-0.2;elemental_resistance_perc base 0.0-0.0;piercing_resistance_perc base 0.0-0.0;rending_resistance_perc base 0.0-0.0;slashing_resistance_perc base 0.2-0.2;spell_power_yrden mult 0.08-0.15;staminaRegen_armor_mod mult 0.1-0.1	bludgeoning_resistance_perc base 0.2-0.2;elemental_resistance_perc base 0.0-0.0;piercing_resistance_perc base 0.0-0.0;rending_resistance_perc base 0.0-0.0;slashing_resistance_perc base 0.2-0.2;spell_power_yrden mult 0.08-0.15;staminaRegen_armor_mod mult 0.1-0.1	ok
Light armor 07r	Bounty hunter's gambeson	ng_plus	bludgeoning_resistance_perc base 0.25-0.25;elemental_resistance_perc base 0.0-0.0;piercing_resistance_perc base 0.0-0.0;rending_resistance_perc base 0.0-0.0;slashing_resistance_perc base 0.25-0.25;spell_power_axii mult 0.08-0.15;staminaRegen_armor_mod mult 0.1-0.1	bludgeoning_resistance_perc base 0.25-0.25;elemental_resistance_perc base 0.0-0.0;piercing_resistance_perc base 0.0-0.0;rending_resistance_perc base 0.0-0.0;slashing_resistance_perc base 0.25-0.25;spell_power_axii mult 0.08-0.15;staminaRegen_armor_mod mult 0.1-0.1	ok
Light armor 08r	Ard Skellig aketon	ng_plus	bludgeoning_resistance_perc base 0.3-0.3;elemental_resistance_perc base 0.0-0.0;nonhuman_exp_bonus_when_fatal add 0.04-0.06;piercing_resistance_perc base 0.0-0.0;rending_resistance_perc base 0.0-0.0;slashing_resistance_perc base 0.3-0.3;staminaRegen_armor_mod mult 0.1-0.1	bludgeoning_resistance_perc base 0.3-0.3;elemental_resistance_perc base 0.0-0.0;nonhuman_exp_bonus_when_fatal add 0.04-0.06;piercing_resistance_perc base 0.0-0.0;rending_resistance_perc base 0.0-0.0;slashing_resistance_perc base 0.3-0.3;staminaRegen_armor_mod mult 0.1-0.1	ok
Light armor 09r	Freya's Warriors' armor	ng_plus	bludgeoning_resistance_perc base 0.3-0.3;elemental_resistance_perc base 0.0-0.0;human_exp_bonus_when_fatal add 0.04-0.06;piercing_resistance_perc base 0.1-0.1;rending_resistance_perc base 0.0-0.0;slashing_resistance_perc base 0.3-0.3;staminaRegen_armor_mod mult 0.1-0.1	bludgeoning_resistance_perc base 0.3-0.3;elemental_resistance_perc base 0.0-0.0;human_exp_bonus_when_fatal add 0.04-0.06;piercing_resistance_perc base 0.1-0.1;rending_resistance_perc base 0.0-0.0;slashing_resistance_perc base 0.3-0.3;staminaRegen_armor_mod mult 0.1-0.1	ok
Medium armor 01r	Salmian brigandine	ng_plus	bludgeoning_resistance_perc base 0.2-0.2;elemental_resistance_perc base 0.0-0.0;piercing_resistance_perc base 0.15-0.15;rending_resistance_perc base 0.0-0.0;slashing_resistance_perc base 0.2-0.2;vitality base 100-150	bludgeoning_resistance_perc base 0.2-0.2;elemental_resistance_perc base 0.0-0.0;piercing_resistance_perc base 0.15-0.15;rending_resistance_perc base 0.0-0.0;slashing_resistance_perc base 0.2-0.2;vitality base 100-150	ok
Medium armor 02r	Cidarian cavalry armor	ng_plus	bludgeoning_resistance_perc base 0.2-0.2;elemental_resistance_perc base 0.0-0.0;piercing_resistance_perc base 0.15-0.15;rending_resistance_perc base 0.0-0.0;slashing_resistance_perc base 0.3-0.3;vitality base 100-200	bludgeoning_resistance_perc base 0.2-0.2;elemental_resistance_perc base 0.0-0.0;piercing_resistance_perc base 0.15-0.15;rending_resistance_perc base 0.0-0.0;slashing_resistance_perc base 0.3-0.3;vitality base 100-200	ok
Medium armor 03r	Redanian halberdier's armor	ng_plus	bludgeoning_resistance_perc base 0.2-0.2;elemental_resistance_perc base 0.0-0.0;piercing_resistance_perc base 0.2-0.2;rending_resistance_perc base 0.0-0.0;slashing_resistance_perc base 0.3-0.3;vitality base 100-250	bludgeoning_resistance_perc base 0.2-0.2;elemental_resistance_perc base 0.0-0.0;piercing_resistance_perc base 0.2-0.2;rending_resistance_perc base 0.0-0.0;slashing_resistance_perc base 0.3-0.3;vitality base 100-250	ok
Medium armor 04r	Angrenian cuirass	ng_plus	bludgeoning_resistance_perc base 0.25-0.25;elemental_resistance_perc base 0.0-0.0;piercing_resistance_perc base 0.25-0.25;rending_resistance_perc base 0.0-0.0;slashing_resistance_perc base 0.35-0.35;vitality base 100-300	bludgeoning_resistance_perc base 0.25-0.25;elemental_resistance_perc base 0.0-0.0;piercing_resistance_perc base 0.25-0.25;rending_resistance_perc base 0.0-0.0;slashing_resistance_perc base 0.35-0.35;vitality base 100-300	ok
Medium armor 05r	Belhaven brigandine	ng_plus	bludgeoning_resistance_perc base 0.2-0.2;elemental_resistance_perc base 0.0-0.0;piercing_resistance_perc base 0.15-0.15;rending_resistance_perc base 0.0-0.0;returned_silver_damage_mult add 0.01-0.1;slashing_resistance_perc base 0.2-0.2;vitality base 100-350	bludgeoning_resistance_perc base 0.2-0.2;elemental_resistance_perc base 0.0-0.0;piercing_resistance_perc base 0.15-0.15;rending_resistance_perc base 0.0-0.0;returned_silver_damage_mult add 0.01-0.1;slashing_resistance_perc base 0.2-0.2;vitality base 100-350	ok
Medium armor 07r	Kaedweni cuirass	ng_plus	bludgeoning_resistance_perc base 0.2-0.2;elemental_resistance_perc base 0.0-0.0;piercing_resistance_perc base 0.3-0.3;rending_resistance_perc base 0.0-0.0;slashing_resistance_perc base 0.3-0.3;vitality base 100-400	bludgeoning_resistance_perc base 0.2-0.2;elemental_resistance_perc base 0.0-0.0;piercing_resistance_perc base 0.3-0.3;rending_resistance_perc base 0.0-0.0;slashing_resistance_perc base 0.3-0.3;vitality base 100-400	ok
Medium armor 10r	Witch hunter's armor	ng_plus	bludgeoning_resistance_perc base 0.25-0.25;elemental_resistance_perc base 0.0-0.0;piercing_resistance_perc base 0.25-0.25;rending_resistance_perc base 0.0-0.0;slashing_resistance_perc base 0.3-0.3;vitality base 100-450	bludgeoning_resistance_perc base 0.25-0.25;elemental_resistance_perc base 0.0-0.0;piercing_resistance_perc base 0.25-0.25;rending_resistance_perc base 0.0-0.0;slashing_resistance_perc base 0.3-0.3;vitality base 100-450	ok
Medium armor 11r	Eternal Fire executioner's armor	ng_plus	bludgeoning_resistance_perc base 0.2-0.2;elemental_resistance_perc base 0.0-0.0;piercing_resistance_perc base 0.2-0.2;rending_resistance_perc base 0.0-0.0;slashing_resistance_perc base 0.3-0.3;vitality base 100-500	bludgeoning_resistance_perc base 0.2-0.2;elemental_resistance_perc base 0.0-0.0;piercing_resistance_perc base 0.2-0.2;rending_resistance_perc base 0.0-0.0;slashing_resistance_perc base 0.3-0.3;vitality base 100-500	ok
NGP Crafted Burning Rose Armor	Order of the Flaming Rose armor	ng_plus	armor base 215-215;bludgeoning_resistance_perc base 0.4-0.4;burning_resistance_perc base 0.3-0.3;elemental_resistance_perc base 0.3-0.3;piercing_resistance_perc base 0.4-0.4;slashing_resistance_perc base 0.4-0.4;staminaRegen_armor_mod mult -0.1--0.1	armor base 215-215;bludgeoning_resistance_perc base 0.4-0.4;burning_resistance_perc base 0.3-0.3;elemental_resistance_perc base 0.3-0.3;piercing_resistance_perc base 0.4-0.4;slashing_resistance_perc base 0.4-0.4;staminaRegen_armor_mod mult -0.1--0.1	ok
NGP Crafted Ofir Armor	Ofieri scale armor	ng_plus	armor base 225-225;bludgeoning_resistance_perc base 0.3-0.3;slashing_resistance_perc base 0.3-0.3;spell_power_axii mult 0.1-0.1;spell_power_quen mult 0.2-0.2;spell_power_yrden mult 0.1-0.1;staminaRegen_armor_mod mult 0.1-0.1	armor base 225-225;bludgeoning_resistance_perc base 0.3-0.3;slashing_resistance_perc base 0.3-0.3;spell_power_axii mult 0.1-0.1;spell_power_quen mult 0.2-0.2;spell_power_yrden mult 0.1-0.1;staminaRegen_armor_mod mult 0.1-0.1	ok
NGP Guard Lvl1 A Armor 3	Toussaint Color Guardsman's armor	ng_plus	armor base 245-245;bleeding_resistance_perc base 0.2-0.2;bludgeoning_resistance_perc base 0.28-0.28;piercing_resistance_perc base 0.21-0.21;slashing_resistance_perc base 0.28-0.28;staminaRegen_armor_mod mult 0.1-0.1;vitality base 300-300	armor base 245-245;bleeding_resistance_perc base 0.2-0.2;bludgeoning_resistance_perc base 0.28-0.28;piercing_resistance_perc base 0.21-0.21;slashing_resistance_perc base 0.28-0.28;staminaRegen_armor_mod mult 0.1-0.1;vitality base 300-300	ok
NGP Guard Lvl1 Armor 3	Toussaint Ducal Guardsman's armor	ng_plus	armor base 240-240;bleeding_resistance_perc base 0.15-0.15;bludgeoning_resistance_perc base 0.27-0.27;piercing_resistance_perc base 0.2-0.2;slashing_resistance_perc base 0.27-0.27;staminaRegen_armor_mod mult 0.1-0.1;vitality base 250-250	armor base 240-240;bleeding_resistance_perc base 0.15-0.15;bludgeoning_resistance_perc base 0.27-0.27;piercing_resistance_perc base 0.2-0.2;slashing_resistance_perc base 0.27-0.27;staminaRegen_armor_mod mult 0.1-0.1;vitality base 250-250	ok
NGP Guard Lvl2 A Armor 3	Toussaint Ducal Guard Captain's armor	ng_plus	armor base 260-260;bludgeoning_resistance_perc base 0.31-0.31;piercing_resistance_perc base 0.31-0.31;poison_resistance_perc base 0.2-0.2;slashing_resistance_perc base 0.36-0.36;vitality base 400-400	armor base 260-260;bludgeoning_resistance_perc base 0.31-0.31;piercing_resistance_perc base 0.31-0.31;poison_resistance_perc base 0.2-0.2;slashing_resistance_perc base 0.36-0.36;vitality base 400-400	ok
NGP Guard Lvl2 Armor 3	Toussaint Ducal Guard Officer's armor	ng_plus	armor base 255-255;bludgeoning_resistance_perc base 0.3-0.3;piercing_resistance_perc base 0.3-0.3;poison_resistance_perc base 0.15-0.15;slashing_resistance_perc base 0.35-0.35;vitality base 350-350	armor base 255-255;bludgeoning_resistance_perc base 0.3-0.3;piercing_resistance_perc base 0.3-0.3;poison_resistance_perc base 0.15-0.15;slashing_resistance_perc base 0.35-0.35;vitality base 350-350	ok
NGP Knight Geralt A Armor 3	Toussaint knight's tourney armor	ng_plus	armor base 275-275;bludgeoning_resistance_perc base 0.43-0.43;piercing_resistance_perc base 0.43-0.43;quen_chance_on_projectile add 0.25-0.25;slashing_resistance_perc base 0.43-0.43;staminaRegen_armor_mod mult 0.1-0.1;vitality base 500-500	armor base 275-275;bludgeoning_resistance_perc base 0.43-0.43;piercing_resistance_perc base 0.43-0.43;quen_chance_on_projectile add 0.25-0.25;slashing_resistance_perc base 0.43-0.43;staminaRegen_armor_mod mult 0.1-0.1;vitality base 500-500	ok
NGP Knight Geralt Armor 3	Toussaint knight's armor	ng_plus	armor base 270-270;bleeding_resistance_perc base 0.25-0.25;bludgeoning_resistance_perc base 0.41-0.41;piercing_resistance_perc base 0.41-0.41;slashing_resistance_perc base 0.41-0.41;staminaRegen_armor_mod mult 0.1-0.1;vitality base 450-450	armor base 270-270;bleeding_resistance_perc base 0.25-0.25;bludgeoning_resistance_perc base 0.41-0.41;piercing_resistance_perc base 0.41-0.41;slashing_resistance_perc base 0.41-0.41;staminaRegen_armor_mod mult 0.1-0.1;vitality base 450-450	ok
Oathbreaker armor	Oathbreaker Armor	ng_plus	bludgeoning_resistance_perc base 0.25-0.25;bonus_money add 0.05-0.05;elemental_resistance_perc base 0.0-0.0;piercing_resistance_perc base 0.25-0.25;rending_resistance_perc base 0.0-0.0;slashing_resistance_perc base 0.35-0.35;spell_power_axii mult 0.25-0.25	bludgeoning_resistance_perc base 0.25-0.25;bonus_money add 0.05-0.05;elemental_resistance_perc base 0.0-0.0;piercing_resistance_perc base 0.25-0.25;rending_resistance_perc base 0.0-0.0;slashing_resistance_perc base 0.35-0.35;spell_power_axii mult 0.25-0.25	ok
Relic Heavy 3 armor	Impera Brigade armor	ng_plus	bludgeoning_resistance_perc base 0.35-0.35;elemental_resistance_perc base 0.25-0.25;piercing_resistance_perc base 0.4-0.4;rending_resistance_perc base 0.0-0.0;slashing_resistance_perc base 0.4-0.4;spell_power_aard mult 0.2-0.2;staminaRegen_armor_mod mult -0.1--0.1	bludgeoning_resistance_perc base 0.35-0.35;elemental_resistance_perc base 0.25-0.25;piercing_resistance_perc base 0.4-0.4;rending_resistance_perc base 0.0-0.0;slashing_resistance_perc base 0.4-0.4;spell_power_aard mult 0.2-0.2;staminaRegen_armor_mod mult -0.1--0.1	ok
Shadaal armor	Great Sun armor	ng_plus	bludgeoning_resistance_perc base 0.3-0.3;elemental_resistance_perc base 0.0-0.0;piercing_resistance_perc base 0.4-0.4;quen_chance_on_projectile add 0.05-0.05;rending_resistance_perc base 0.0-0.0;slashing_resistance_perc base 0.45-0.45;spell_power_quen mult 0.2-0.2;staminaRegen_armor_mod mult -0.1--0.1	bludgeoning_resistance_perc base 0.3-0.3;elemental_resistance_perc base 0.0-0.0;piercing_resistance_perc base 0.4-0.4;quen_chance_on_projectile add 0.05-0.05;rending_resistance_perc base 0.0-0.0;slashing_resistance_perc base 0.45-0.45;spell_power_quen mult 0.2-0.2;staminaRegen_armor_mod mult -0.1--0.1	ok
Shiadhal armor	Shiadhal's armor	ng_plus	bludgeoning_resistance_perc base 0.1-0.1;burning_resistance_perc base 1-1;elemental_resistance_perc base 0.0-0.0;piercing_resistance_perc base 0.25-0.25;rending_resistance_perc base 0.0-0.0;slashing_resistance_perc base 0.25-0.25;spell_power_igni mult 0.2-0.2;staminaRegen_armor_mod mult 0.1-0.1	bludgeoning_resistance_perc base 0.1-0.1;burning_resistance_perc base 1-1;elemental_resistance_perc base 0.0-0.0;piercing_resistance_perc base 0.25-0.25;rending_resistance_perc base 0.0-0.0;slashing_resistance_perc base 0.25-0.25;spell_power_igni mult 0.2-0.2;staminaRegen_armor_mod mult 0.1-0.1	ok
Thief Armor	New Moon armor	ng_plus	bludgeoning_resistance_perc base 0.3-0.3;bonus_money add 0.1-0.1;critical_hit_chance add 0.05-0.05;critical_hit_damage_bonus add 0.2-0.2;item_level_max add 36-36;item_level_min add 34-34;slashing_resistance_perc base 0.35-0.35	bludgeoning_resistance_perc base 0.3-0.3;bonus_money add 0.1-0.1;critical_hit_chance add 0.05-0.05;critical_hit_damage_bonus add 0.2-0.2;item_level_max add 36-36;item_level_min add 34-34;slashing_resistance_perc base 0.35-0.35	ok
Thyssen armor	Thyssen armor	ng_plus	bludgeoning_resistance_perc base 0.2-0.2;elemental_resistance_perc base 0.0-0.0;piercing_resistance_perc base 0.2-0.2;poison_resistance_perc base 1-1;quen_chance_on_projectile add 0.05-0.05;rending_resistance_perc base 0.0-0.0;slashing_resistance_perc base 0.35-0.35	bludgeoning_resistance_perc base 0.2-0.2;elemental_resistance_perc base 0.0-0.0;piercing_resistance_perc base 0.2-0.2;poison_resistance_perc base 1-1;quen_chance_on_projectile add 0.05-0.05;rending_resistance_perc base 0.0-0.0;slashing_resistance_perc base 0.35-0.35	ok
Toussaint Armor 3	Toussaint armor	ng_plus	bludgeoning_resistance_perc base 0.41-0.41;burning_resistance_perc base 0.25-0.25;item_level_max add 100-100;item_level_min add 40-40;piercing_resistance_perc base 0.41-0.41;slashing_resistance_perc base 0.41-0.41;staminaRegen_armor_mod mult -0.1--0.1;vitality base 450-450	bludgeoning_resistance_perc base 0.41-0.41;burning_resistance_perc base 0.25-0.25;item_level_max add 100-100;item_level_min add 40-40;piercing_resistance_perc base 0.41-0.41;slashing_resistance_perc base 0.41-0.41;staminaRegen_armor_mod mult -0.1--0.1;vitality base 450-450	ok
Zireael armor	Zireael armor	ng_plus	bleeding_resistance_perc base 1-1;bludgeoning_resistance_perc base 0.3-0.3;elemental_resistance_perc base 0.0-0.0;piercing_resistance_perc base 0.4-0.4;rending_resistance_perc base 0.25-0.25;slashing_resistance_perc base 0.4-0.4;staminaRegen_armor_mod mult -0.1--0.1	bleeding_resistance_perc base 1-1;bludgeoning_resistance_perc base 0.3-0.3;elemental_resistance_perc base 0.0-0.0;piercing_resistance_perc base 0.4-0.4;rending_resistance_perc base 0.25-0.25;slashing_resistance_perc base 0.4-0.4;staminaRegen_armor_mod mult -0.1--0.1	ok
q108 Medium armor 10	Witch hunter's armor	ng_plus	armor base 316-316;bludgeoning_resistance_perc base 0.3-0.3;elemental_resistance_perc base 0.1-0.1;piercing_resistance_perc base 0.3-0.3;rending_resistance_perc base 0.1-0.1;slashing_resistance_perc base 0.3-0.3	armor base 316-316;bludgeoning_resistance_perc base 0.3-0.3;elemental_resistance_perc base 0.1-0.1;piercing_resistance_perc base 0.3-0.3;rending_resistance_perc base 0.1-0.1;slashing_resistance_perc base 0.3-0.3	ok
Bear Gloves 1	Legendary Ursine gauntlets	ng_plus	armor base 105-105;elemental_resistance_perc base 0.06-0.06;focus_gain base 0.11-0.11;piercing_resistance_perc base 0.06-0.06;rending_resistance_perc base 0.04-0.04;slashing_resistance_perc base 0.06-0.06;staminaRegen_armor_mod mult -0.02--0.02	armor base 105-105;elemental_resistance_perc base 0.06-0.06;focus_gain base 0.11-0.11;piercing_resistance_perc base 0.06-0.06;rending_resistance_perc base 0.04-0.04;slashing_resistance_perc base 0.06-0.06;staminaRegen_armor_mod mult -0.02--0.02	ok
NGP Bear Gloves 1	Ursine gauntlets	ng_plus	armor base 45-45;elemental_resistance_perc base 0.02-0.02;focus_gain base 0.05-0.05;piercing_resistance_perc base 0.02-0.02;rending_resistance_perc base 0.02-0.02;slashing_resistance_perc base 0.02-0.02;staminaRegen_armor_mod mult -0.02--0.02	armor base 45-45;elemental_resistance_perc base 0.02-0.02;focus_gain base 0.05-0.05;piercing_resistance_perc base 0.02-0.02;rending_resistance_perc base 0.02-0.02;slashing_resistance_perc base 0.02-0.02;staminaRegen_armor_mod mult -0.02--0.02	ok
Bear Gloves 2	Enhanced legendary Ursine gauntlets	ng_plus	armor base 115-115;elemental_resistance_perc base 0.07-0.07;focus_gain add 0.12-0.12;piercing_resistance_perc base 0.06-0.06;rending_resistance_perc base 0.04-0.04;slashing_resistance_perc base 0.06-0.06;staminaRegen_armor_mod mult -0.02--0.02	armor base 115-115;elemental_resistance_perc base 0.07-0.07;focus_gain add 0.12-0.12;piercing_resistance_perc base 0.06-0.06;rending_resistance_perc base 0.04-0.04;slashing_resistance_perc base 0.06-0.06;staminaRegen_armor_mod mult -0.02--0.02	ok
NGP Bear Gloves 2	Enhanced Ursine gauntlets	ng_plus	armor base 55-55;elemental_resistance_perc base 0.03-0.03;focus_gain add 0.06-0.06;piercing_resistance_perc base 0.03-0.03;rending_resistance_perc base 0.02-0.02;slashing_resistance_perc base 0.03-0.03;staminaRegen_armor_mod mult -0.02--0.02	armor base 55-55;elemental_resistance_perc base 0.03-0.03;focus_gain add 0.06-0.06;piercing_resistance_perc base 0.03-0.03;rending_resistance_perc base 0.02-0.02;slashing_resistance_perc base 0.03-0.03;staminaRegen_armor_mod mult -0.02--0.02	ok
Bear Gloves 3	Superior legendary Ursine gauntlets	ng_plus	armor base 125-125;elemental_resistance_perc base 0.08-0.08;focus_gain add 0.13-0.13;piercing_resistance_perc base 0.07-0.07;rending_resistance_perc base 0.05-0.05;slashing_resistance_perc base 0.07-0.07;staminaRegen_armor_mod mult -0.02--0.02	armor base 125-125;elemental_resistance_perc base 0.08-0.08;focus_gain add 0.13-0.13;piercing_resistance_perc base 0.07-0.07;rending_resistance_perc base 0.05-0.05;slashing_resistance_perc base 0.07-0.07;staminaRegen_armor_mod mult -0.02--0.02	ok
NGP Bear Gloves 3	Superior Ursine gauntlets	ng_plus	armor base 65-65;elemental_resistance_perc base 0.04-0.04;focus_gain add 0.08-0.08;piercing_resistance_perc base 0.04-0.04;rending_resistance_perc base 0.03-0.03;slashing_resistance_perc base 0.04-0.04;staminaRegen_armor_mod mult -0.02--0.02	armor base 65-65;elemental_resistance_perc base 0.04-0.04;focus_gain add 0.08-0.08;piercing_resistance_perc base 0.04-0.04;rending_resistance_perc base 0.03-0.03;slashing_resistance_perc base 0.04-0.04;staminaRegen_armor_mod mult -0.02--0.02	ok
Bear Gloves 4	Mastercrafted legendary Ursine gauntlets	ng_plus	armor base 133-133;elemental_resistance_perc base 0.1-0.1;focus_gain add 0.15-0.15;piercing_resistance_perc base 0.07-0.07;rending_resistance_perc base 0.05-0.05;slashing_resistance_perc base 0.07-0.07;staminaRegen_armor_mod mult -0.02--0.02	armor base 133-133;elemental_resistance_perc base 0.1-0.1;focus_gain add 0.15-0.15;piercing_resistance_perc base 0.07-0.07;rending_resistance_perc base 0.05-0.05;slashing_resistance_perc base 0.07-0.07;staminaRegen_armor_mod mult -0.02--0.02	ok
NGP Bear Gloves 4	Mastercrafted Ursine gauntlets	ng_plus	armor base 73-73;elemental_resistance_perc base 0.05-0.05;focus_gain add 0.1-0.1;piercing_resistance_perc base 0.05-0.05;rending_resistance_perc base 0.03-0.03;slashing_resistance_perc base 0.05-0.05;staminaRegen_armor_mod mult -0.02--0.02	armor base 73-73;elemental_resistance_perc base 0.05-0.05;focus_gain add 0.1-0.1;piercing_resistance_perc base 0.05-0.05;rending_resistance_perc base 0.03-0.03;slashing_resistance_perc base 0.05-0.05;staminaRegen_armor_mod mult -0.02--0.02	ok
Bear Gloves 5	Grandmaster legendary Ursine gauntlets	ng_plus	armor base 147-147;elemental_resistance_perc base 0.1-0.1;focus_gain add 0.17-0.17;piercing_resistance_perc base 0.07-0.07;rending_resistance_perc base 0.06-0.06;slashing_resistance_perc base 0.07-0.07;staminaRegen_armor_mod mult -0.02--0.02	armor base 147-147;elemental_resistance_perc base 0.1-0.1;focus_gain add 0.17-0.17;piercing_resistance_perc base 0.07-0.07;rending_resistance_perc base 0.06-0.06;slashing_resistance_perc base 0.07-0.07;staminaRegen_armor_mod mult -0.02--0.02	ok
NGP Bear Gloves 5	Grandmaster Ursine gauntlets	ng_plus	armor base 87-87;elemental_resistance_perc base 0.07-0.07;focus_gain add 0.11-0.11;piercing_resistance_perc base 0.06-0.06;rending_resistance_perc base 0.04-0.04;slashing_resistance_perc base 0.06-0.06;staminaRegen_armor_mod mult -0.02--0.02	armor base 87-87;elemental_resistance_perc base 0.07-0.07;focus_gain add 0.11-0.11;piercing_resistance_perc base 0.06-0.06;rending_resistance_perc base 0.04-0.04;slashing_resistance_perc base 0.06-0.06;staminaRegen_armor_mod mult -0.02--0.02	ok
Gryphon Gloves 1	Legendary Griffin gauntlets	ng_plus	armor base 87-87;elemental_resistance_perc base 0.12-0.12;piercing_resistance_perc base 0.05-0.05;rending_resistance_perc base 0.04-0.04;slashing_resistance_perc base 0.06-0.06;spell_power mult 0.11-0.11	armor base 87-87;elemental_resistance_perc base 0.12-0.12;piercing_resistance_perc base 0.05-0.05;rending_resistance_perc base 0.04-0.04;slashing_resistance_perc base 0.06-0.06;spell_power mult 0.11-0.11	ok
NGP Gryphon Gloves 1	Griffin gauntlets	ng_plus	armor base 27-27;elemental_resistance_perc base 0.05-0.05;piercing_resistance_perc base 0.01-0.01;rending_resistance_perc base 0.02-0.02;slashing_resistance_perc base 0.02-0.02;spell_power mult 0.05-0.05	armor base 27-27;elemental_resistance_perc base 0.05-0.05;piercing_resistance_perc base 0.01-0.01;rending_resistance_perc base 0.02-0.02;slashing_resistance_perc base 0.02-0.02;spell_power mult 0.05-0.05	ok
Gryphon Gloves 2	Enhanced legendary Griffin gauntlets	ng_plus	armor base 101-101;elemental_resistance_perc base 0.14-0.14;piercing_resistance_perc base 0.06-0.06;rending_resistance_perc base 0.04-0.04;slashing_resistance_perc base 0.06-0.06;spell_power mult 0.12-0.12	armor base 101-101;elemental_resistance_perc base 0.14-0.14;piercing_resistance_perc base 0.06-0.06;rending_resistance_perc base 0.04-0.04;slashing_resistance_perc base 0.06-0.06;spell_power mult 0.12-0.12	ok
NGP Gryphon Gloves 2	Enhanced Griffin gauntlets	ng_plus	armor base 41-41;elemental_resistance_perc base 0.06-0.06;piercing_resistance_perc base 0.02-0.02;rending_resistance_perc base 0.02-0.02;slashing_resistance_perc base 0.03-0.03;spell_power mult 0.06-0.06	armor base 41-41;elemental_resistance_perc base 0.06-0.06;piercing_resistance_perc base 0.02-0.02;rending_resistance_perc base 0.02-0.02;slashing_resistance_perc base 0.03-0.03;spell_power mult 0.06-0.06	ok
Gryphon Gloves 3	Superior legendary Griffin gauntlets	ng_plus	armor base 117-117;elemental_resistance_perc base 0.16-0.16;piercing_resistance_perc base 0.06-0.06;rending_resistance_perc base 0.05-0.05;slashing_resistance_perc base 0.07-0.07;spell_power mult 0.13-0.13	armor base 117-117;elemental_resistance_perc base 0.16-0.16;piercing_resistance_perc base 0.06-0.06;rending_resistance_perc base 0.05-0.05;slashing_resistance_perc base 0.07-0.07;spell_power mult 0.13-0.13	ok
NGP Gryphon Gloves 3	Superior Griffin gauntlets	ng_plus	armor base 57-57;elemental_resistance_perc base 0.08-0.08;piercing_resistance_perc base 0.03-0.03;rending_resistance_perc base 0.03-0.03;slashing_resistance_perc base 0.04-0.04;spell_power mult 0.08-0.08	armor base 57-57;elemental_resistance_perc base 0.08-0.08;piercing_resistance_perc base 0.03-0.03;rending_resistance_perc base 0.03-0.03;slashing_resistance_perc base 0.04-0.04;spell_power mult 0.08-0.08	ok
Gryphon Gloves 4	Mastercrafted legendary Griffin gauntlets	ng_plus	armor base 133-133;elemental_resistance_perc base 0.2-0.2;piercing_resistance_perc base 0.07-0.07;rending_resistance_perc base 0.05-0.05;slashing_resistance_perc base 0.07-0.07;spell_power mult 0.15-0.15	armor base 133-133;elemental_resistance_perc base 0.2-0.2;piercing_resistance_perc base 0.07-0.07;rending_resistance_perc base 0.05-0.05;slashing_resistance_perc base 0.07-0.07;spell_power mult 0.15-0.15	ok
NGP Gryphon Gloves 4	Mastercrafted Griffin gauntlets	ng_plus	armor base 73-73;elemental_resistance_perc base 0.1-0.1;piercing_resistance_perc base 0.04-0.04;rending_resistance_perc base 0.03-0.03;slashing_resistance_perc base 0.05-0.05;spell_power mult 0.1-0.1	armor base 73-73;elemental_resistance_perc base 0.1-0.1;piercing_resistance_perc base 0.04-0.04;rending_resistance_perc base 0.03-0.03;slashing_resistance_perc base 0.05-0.05;spell_power mult 0.1-0.1	ok
Gryphon Gloves 5	Grandmaster legendary Griffin gauntlets	ng_plus	armor base 147-147;elemental_resistance_perc base 0.2-0.2;piercing_resistance_perc base 0.07-0.07;rending_resistance_perc base 0.06-0.06;slashing_resistance_perc base 0.07-0.07;spell_power mult 0.17-0.17	armor base 147-147;elemental_resistance_perc base 0.2-0.2;piercing_resistance_perc base 0.07-0.07;rending_resistance_perc base 0.06-0.06;slashing_resistance_perc base 0.07-0.07;spell_power mult 0.17-0.17	ok
NGP Gryphon Gloves 5	Grandmaster Griffin gauntlets	ng_plus	armor base 87-87;elemental_resistance_perc base 0.12-0.12;piercing_resistance_perc base 0.05-0.05;rending_resistance_perc base 0.04-0.04;slashing_resistance_perc base 0.06-0.06;spell_power mult 0.12-0.12	armor base 87-87;elemental_resistance_perc base 0.12-0.12;piercing_resistance_perc base 0.05-0.05;rending_resistance_perc base 0.04-0.04;slashing_resistance_perc base 0.06-0.06;spell_power mult 0.12-0.12	ok
Lynx Gloves 1	Legendary Feline gauntlets	ng_plus	armor base 99-99;attack_power mult 0.11-0.11;elemental_resistance_perc base 0.06-0.06;piercing_resistance_perc base 0.05-0.05;rending_resistance_perc base 0.03-0.03;slashing_resistance_perc base 0.05-0.05;staminaRegen_armor_mod mult 0.02-0.02	armor base 99-99;attack_power mult 0.11-0.11;elemental_resistance_perc base 0.06-0.06;piercing_resistance_perc base 0.05-0.05;rending_resistance_perc base 0.03-0.03;slashing_resistance_perc base 0.05-0.05;staminaRegen_armor_mod mult 0.02-0.02	ok
NGP Lynx Gloves 1	Feline gauntlets	ng_plus	armor base 39-39;attack_power mult 0.05-0.05;elemental_resistance_perc base 0.05-0.05;piercing_resistance_perc base 0.01-0.01;rending_resistance_perc base 0.01-0.01;slashing_resistance_perc base 0.01-0.01;staminaRegen_armor_mod mult 0.02-0.02	armor base 39-39;attack_power mult 0.05-0.05;elemental_resistance_perc base 0.05-0.05;piercing_resistance_perc base 0.01-0.01;rending_resistance_perc base 0.01-0.01;slashing_resistance_perc base 0.01-0.01;staminaRegen_armor_mod mult 0.02-0.02	ok
Lynx Gloves 2	Enhanced legendary Feline gauntlets	ng_plus	armor base 111-111;attack_power mult 0.12-0.12;elemental_resistance_perc base 0.06-0.06;piercing_resistance_perc base 0.05-0.05;rending_resistance_perc base 0.03-0.03;slashing_resistance_perc base 0.06-0.06;staminaRegen_armor_mod mult 0.02-0.02	armor base 111-111;attack_power mult 0.12-0.12;elemental_resistance_perc base 0.06-0.06;piercing_resistance_perc base 0.05-0.05;rending_resistance_perc base 0.03-0.03;slashing_resistance_perc base 0.06-0.06;staminaRegen_armor_mod mult 0.02-0.02	ok
NGP Lynx Gloves 2	Enhanced Feline gauntlets	ng_plus	armor base 51-51;attack_power mult 0.06-0.06;elemental_resistance_perc base 0.05-0.05;piercing_resistance_perc base 0.02-0.02;rending_resistance_perc base 0.01-0.01;slashing_resistance_perc base 0.02-0.02;staminaRegen_armor_mod mult 0.02-0.02	armor base 51-51;attack_power mult 0.06-0.06;elemental_resistance_perc base 0.05-0.05;piercing_resistance_perc base 0.02-0.02;rending_resistance_perc base 0.01-0.01;slashing_resistance_perc base 0.02-0.02;staminaRegen_armor_mod mult 0.02-0.02	ok
Lynx Gloves 3	Superior legendary Feline gauntlets	ng_plus	armor base 123-123;attack_power mult 0.13-0.13;elemental_resistance_perc base 0.07-0.07;piercing_resistance_perc base 0.06-0.06;rending_resistance_perc base 0.04-0.04;slashing_resistance_perc base 0.06-0.06;staminaRegen_armor_mod mult 0.02-0.02	armor base 123-123;attack_power mult 0.13-0.13;elemental_resistance_perc base 0.07-0.07;piercing_resistance_perc base 0.06-0.06;rending_resistance_perc base 0.04-0.04;slashing_resistance_perc base 0.06-0.06;staminaRegen_armor_mod mult 0.02-0.02	ok
NGP Lynx Gloves 3	Superior Feline gauntlets	ng_plus	armor base 63-63;attack_power mult 0.08-0.08;elemental_resistance_perc base 0.05-0.05;piercing_resistance_perc base 0.03-0.03;rending_resistance_perc base 0.02-0.02;slashing_resistance_perc base 0.03-0.03;staminaRegen_armor_mod mult 0.02-0.02	armor base 63-63;attack_power mult 0.08-0.08;elemental_resistance_perc base 0.05-0.05;piercing_resistance_perc base 0.03-0.03;rending_resistance_perc base 0.02-0.02;slashing_resistance_perc base 0.03-0.03;staminaRegen_armor_mod mult 0.02-0.02	ok
Lynx Gloves 4	Mastercrafted legendary Feline gauntlets	ng_plus	armor base 133-133;attack_power mult 0.15-0.15;elemental_resistance_perc base 0.07-0.07;piercing_resistance_perc base 0.06-0.06;rending_resistance_perc base 0.04-0.04;slashing_resistance_perc base 0.07-0.07;staminaRegen_armor_mod mult 0.02-0.02	armor base 133-133;attack_power mult 0.15-0.15;elemental_resistance_perc base 0.07-0.07;piercing_resistance_perc base 0.06-0.06;rending_resistance_perc base 0.04-0.04;slashing_resistance_perc base 0.07-0.07;staminaRegen_armor_mod mult 0.02-0.02	ok
NGP Lynx Gloves 4	Mastercrafted Feline gauntlets	ng_plus	armor base 73-73;attack_power mult 0.1-0.1;elemental_resistance_perc base 0.05-0.05;piercing_resistance_perc base 0.04-0.04;rending_resistance_perc base 0.02-0.02;slashing_resistance_perc base 0.04-0.04;staminaRegen_armor_mod mult 0.02-0.02	armor base 73-73;attack_power mult 0.1-0.1;elemental_resistance_perc base 0.05-0.05;piercing_resistance_perc base 0.04-0.04;rending_resistance_perc base 0.02-0.02;slashing_resistance_perc base 0.04-0.04;staminaRegen_armor_mod mult 0.02-0.02	ok
Lynx Gloves 5	Grandmaster legendary Feline gauntlets	ng_plus	armor base 147-147;attack_power mult 0.17-0.17;elemental_resistance_perc base 0.06-0.06;piercing_resistance_perc base 0.06-0.06;rending_resistance_perc base 0.05-0.05;slashing_resistance_perc base 0.07-0.07;staminaRegen_armor_mod mult 0.02-0.02	armor base 147-147;attack_power mult 0.17-0.17;elemental_resistance_perc base 0.06-0.06;piercing_resistance_perc base 0.06-0.06;rending_resistance_perc base 0.05-0.05;slashing_resistance_perc base 0.07-0.07;staminaRegen_armor_mod mult 0.02-0.02	ok
NGP Lynx Gloves 5	Grandmaster Feline gauntlets	ng_plus	armor base 87-87;attack_power mult 0.12-0.12;elemental_resistance_perc base 0.06-0.06;piercing_resistance_perc base 0.05-0.05;rending_resistance_perc base 0.03-0.03;slashing_resistance_perc base 0.05-0.05;staminaRegen_armor_mod mult 0.02-0.02	armor base 87-87;attack_power mult 0.12-0.12;elemental_resistance_perc base 0.06-0.06;piercing_resistance_perc base 0.05-0.05;rending_resistance_perc base 0.03-0.03;slashing_resistance_perc base 0.05-0.05;staminaRegen_armor_mod mult 0.02-0.02	ok
NGP Netflix Gloves	Forgotten Wolven gauntlets	ng_plus	armor base 46-46;elemental_resistance_perc base 0.03-0.03;piercing_resistance_perc base 0.02-0.02;rending_resistance_perc base 0.02-0.02;slashing_resistance_perc base 0.04-0.04;spell_power_aard mult 0.06-0.06	armor base 46-46;elemental_resistance_perc base 0.03-0.03;piercing_resistance_perc base 0.02-0.02;rending_resistance_perc base 0.02-0.02;slashing_resistance_perc base 0.04-0.04;spell_power_aard mult 0.06-0.06	ok
Netflix Gloves	Legendary forgotten Wolven gauntlets	ng_plus	armor base 104-104;elemental_resistance_perc base 0.03-0.03;piercing_resistance_perc base 0.02-0.02;rending_resistance_perc base 0.02-0.02;slashing_resistance_perc base 0.04-0.04;spell_power_aard mult 0.06-0.06	armor base 104-104;elemental_resistance_perc base 0.03-0.03;piercing_resistance_perc base 0.02-0.02;rending_resistance_perc base 0.02-0.02;slashing_resistance_perc base 0.04-0.04;spell_power_aard mult 0.06-0.06	ok
NGP Netflix Gloves 1	Mastercrafted forgotten Wolven gauntlets	ng_plus	armor base 74-74;elemental_resistance_perc base 0.04-0.04;piercing_resistance_perc base 0.03-0.03;rending_resistance_perc base 0.03-0.03;slashing_resistance_perc base 0.05-0.05;spell_power_aard mult 0.1-0.1	armor base 74-74;elemental_resistance_perc base 0.04-0.04;piercing_resistance_perc base 0.03-0.03;rending_resistance_perc base 0.03-0.03;slashing_resistance_perc base 0.05-0.05;spell_power_aard mult 0.1-0.1	ok
Netflix Gloves 1	Mastercrafted legendary forgotten Wolven gauntlets	ng_plus	armor base 133-133;elemental_resistance_perc base 0.04-0.04;piercing_resistance_perc base 0.03-0.03;rending_resistance_perc base 0.03-0.03;slashing_resistance_perc base 0.05-0.05;spell_power_aard mult 0.1-0.1	armor base 133-133;elemental_resistance_perc base 0.04-0.04;piercing_resistance_perc base 0.03-0.03;rending_resistance_perc base 0.03-0.03;slashing_resistance_perc base 0.05-0.05;spell_power_aard mult 0.1-0.1	ok
NGP Netflix Gloves 2	Grandmaster forgotten Wolven gauntlets	ng_plus	armor base 87-87;elemental_resistance_perc base 0.05-0.05;piercing_resistance_perc base 0.04-0.04;rending_resistance_perc base 0.04-0.04;slashing_resistance_perc base 0.06-0.06;spell_power_aard mult 0.12-0.12	armor base 87-87;elemental_resistance_perc base 0.05-0.05;piercing_resistance_perc base 0.04-0.04;rending_resistance_perc base 0.04-0.04;slashing_resistance_perc base 0.06-0.06;spell_power_aard mult 0.12-0.12	ok
Netflix Gloves 2	Grandmaster legendary forgotten Wolven gauntlets	ng_plus	armor base 147-147;elemental_resistance_perc base 0.05-0.05;piercing_resistance_perc base 0.04-0.04;rending_resistance_perc base 0.04-0.04;slashing_resistance_perc base 0.06-0.06;spell_power_aard mult 0.12-0.12	armor base 147-147;elemental_resistance_perc base 0.05-0.05;piercing_resistance_perc base 0.04-0.04;rending_resistance_perc base 0.04-0.04;slashing_resistance_perc base 0.06-0.06;spell_power_aard mult 0.12-0.12	ok
NGP Red Wolf Gloves 1	Manticore gauntlets	ng_plus	armor base 87-87;critical_hit_chance add 0.05-0.05;elemental_resistance_perc base 0.13-0.13;piercing_resistance_perc base 0.05-0.05;slashing_resistance_perc base 0.06-0.06;toxicity base 5-5	armor base 87-87;critical_hit_chance add 0.05-0.05;elemental_resistance_perc base 0.13-0.13;piercing_resistance_perc base 0.05-0.05;slashing_resistance_perc base 0.06-0.06;toxicity base 5-5	ok
Red Wolf Gloves 1	Legendary Manticore gauntlets	ng_plus	armor base 147-147;critical_hit_chance add 0.06-0.06;elemental_resistance_perc base 0.2-0.2;piercing_resistance_perc base 0.07-0.07;slashing_resistance_perc base 0.07-0.07;toxicity base 5-5	armor base 147-147;critical_hit_chance add 0.06-0.06;elemental_resistance_perc base 0.2-0.2;piercing_resistance_perc base 0.07-0.07;slashing_resistance_perc base 0.07-0.07;toxicity base 5-5	ok
EP1 Witcher Gloves	Legendary Viper gauntlets	ng_plus	armor base 145-145;elemental_resistance_perc base 0.05-0.05;piercing_resistance_perc base 0.05-0.05;poison_resistance_perc base 0.1-0.1;rending_resistance_perc base 0.04-0.04;slashing_resistance_perc base 0.05-0.05	armor base 145-145;elemental_resistance_perc base 0.05-0.05;piercing_resistance_perc base 0.05-0.05;poison_resistance_perc base 0.1-0.1;rending_resistance_perc base 0.04-0.04;slashing_resistance_perc base 0.05-0.05	ok
NGP EP1 Witcher Gloves	Viper gauntlets	ng_plus	armor base 85-85;elemental_resistance_perc base 0.05-0.05;piercing_resistance_perc base 0.05-0.05;poison_resistance_perc base 0.1-0.1;rending_resistance_perc base 0.05-0.05;slashing_resistance_perc base 0.05-0.05	armor base 85-85;elemental_resistance_perc base 0.05-0.05;piercing_resistance_perc base 0.05-0.05;poison_resistance_perc base 0.1-0.1;rending_resistance_perc base 0.05-0.05;slashing_resistance_perc base 0.05-0.05	ok
NGP Wolf Gloves 1	Legendary Wolven gauntlets	ng_plus	armor base 93-93;elemental_resistance_perc base 0.12-0.12;piercing_resistance_perc base 0.05-0.05;rending_resistance_perc base 0.04-0.04;slashing_resistance_perc base 0.06-0.06;spell_power mult 0.11-0.11	armor base 93-93;elemental_resistance_perc base 0.12-0.12;piercing_resistance_perc base 0.05-0.05;rending_resistance_perc base 0.04-0.04;slashing_resistance_perc base 0.06-0.06;spell_power mult 0.11-0.11	ok
Wolf Gloves 1	Wolven gauntlets	ng_plus	armor base 33-33;elemental_resistance_perc base 0.05-0.05;piercing_resistance_perc base 0.01-0.01;rending_resistance_perc base 0.02-0.02;slashing_resistance_perc base 0.02-0.02;spell_power mult 0.05-0.05	armor base 33-33;elemental_resistance_perc base 0.05-0.05;piercing_resistance_perc base 0.01-0.01;rending_resistance_perc base 0.02-0.02;slashing_resistance_perc base 0.02-0.02;spell_power mult 0.05-0.05	ok
NGP Wolf Gloves 2	Enhanced legendary Wolven gauntlets	ng_plus	armor base 107-107;elemental_resistance_perc base 0.14-0.14;piercing_resistance_perc base 0.06-0.06;rending_resistance_perc base 0.04-0.04;slashing_resistance_perc base 0.06-0.06;spell_power mult 0.12-0.12	armor base 107-107;elemental_resistance_perc base 0.14-0.14;piercing_resistance_perc base 0.06-0.06;rending_resistance_perc base 0.04-0.04;slashing_resistance_perc base 0.06-0.06;spell_power mult 0.12-0.12	ok
Wolf Gloves 2	Enhanced Wolven gauntlets	ng_plus	armor base 47-47;elemental_resistance_perc base 0.06-0.06;piercing_resistance_perc base 0.02-0.02;rending_resistance_perc base 0.02-0.02;slashing_resistance_perc base 0.03-0.03;spell_power mult 0.06-0.06	armor base 47-47;elemental_resistance_perc base 0.06-0.06;piercing_resistance_perc base 0.02-0.02;rending_resistance_perc base 0.02-0.02;slashing_resistance_perc base 0.03-0.03;spell_power mult 0.06-0.06	ok
NGP Wolf Gloves 3	Superior legendary Wolven gauntlets	ng_plus	armor base 123-123;elemental_resistance_perc base 0.16-0.16;piercing_resistance_perc base 0.06-0.06;rending_resistance_perc base 0.05-0.05;slashing_resistance_perc base 0.07-0.07;spell_power mult 0.13-0.13	armor base 123-123;elemental_resistance_perc base 0.16-0.16;piercing_resistance_perc base 0.06-0.06;rending_resistance_perc base 0.05-0.05;slashing_resistance_perc base 0.07-0.07;spell_power mult 0.13-0.13	ok
Wolf Gloves 3	Superior Wolven gauntlets	ng_plus	armor base 63-63;elemental_resistance_perc base 0.08-0.08;piercing_resistance_perc base 0.03-0.03;rending_resistance_perc base 0.03-0.03;slashing_resistance_perc base 0.04-0.04;spell_power mult 0.08-0.08	armor base 63-63;elemental_resistance_perc base 0.08-0.08;piercing_resistance_perc base 0.03-0.03;rending_resistance_perc base 0.03-0.03;slashing_resistance_perc base 0.04-0.04;spell_power mult 0.08-0.08	ok
NGP Wolf Gloves 4	Mastercrafted legendary Wolven gauntlets	ng_plus	armor base 133-133;elemental_resistance_perc base 0.2-0.2;piercing_resistance_perc base 0.07-0.07;rending_resistance_perc base 0.05-0.05;slashing_resistance_perc base 0.07-0.07;spell_power mult 0.15-0.15	armor base 133-133;elemental_resistance_perc base 0.2-0.2;piercing_resistance_perc base 0.07-0.07;rending_resistance_perc base 0.05-0.05;slashing_resistance_perc base 0.07-0.07;spell_power mult 0.15-0.15	ok
Wolf Gloves 4	Mastercrafted Wolven gauntlets	ng_plus	armor base 73-73;elemental_resistance_perc base 0.1-0.1;piercing_resistance_perc base 0.04-0.04;rending_resistance_perc base 0.03-0.03;slashing_resistance_perc base 0.05-0.05;spell_power mult 0.1-0.1	armor base 73-73;elemental_resistance_perc base 0.1-0.1;piercing_resistance_perc base 0.04-0.04;rending_resistance_perc base 0.03-0.03;slashing_resistance_perc base 0.05-0.05;spell_power mult 0.1-0.1	ok
NGP Wolf Gloves 5	Grandmaster Wolven gauntlets	ng_plus	armor base 87-87;elemental_resistance_perc base 0.13-0.13;piercing_resistance_perc base 0.05-0.05;rending_resistance_perc base 0.04-0.04;slashing_resistance_perc base 0.06-0.06;spell_power mult 0.12-0.12	armor base 87-87;elemental_resistance_perc base 0.13-0.13;piercing_resistance_perc base 0.05-0.05;rending_resistance_perc base 0.04-0.04;slashing_resistance_perc base 0.06-0.06;spell_power mult 0.12-0.12	ok
Wolf Gloves 5	Grandmaster legendary Wolven gauntlets	ng_plus	armor base 147-147;elemental_resistance_perc base 0.2-0.2;piercing_resistance_perc base 0.07-0.07;rending_resistance_perc base 0.06-0.06;slashing_resistance_perc base 0.07-0.07;spell_power mult 0.17-0.17	armor base 147-147;elemental_resistance_perc base 0.2-0.2;piercing_resistance_perc base 0.07-0.07;rending_resistance_perc base 0.06-0.06;slashing_resistance_perc base 0.07-0.07;spell_power mult 0.17-0.17	ok
NGP q702_vampire_gloves	Tesham Mutna gauntlets	ng_plus	armor base 84-84;bleeding_resistance_perc base 0.25-0.25;bludgeoning_resistance_perc base 0.02-0.02;piercing_resistance_perc base 0.04-0.04;rending_resistance_perc base 0.03-0.03;slashing_resistance_perc base 0.04-0.04;staminaRegen_armor_mod mult -0.02--0.02	armor base 84-84;bleeding_resistance_perc base 0.25-0.25;bludgeoning_resistance_perc base 0.02-0.02;piercing_resistance_perc base 0.04-0.04;rending_resistance_perc base 0.03-0.03;slashing_resistance_perc base 0.04-0.04;staminaRegen_armor_mod mult -0.02--0.02	ok
q702_vampire_gloves	Tesham Mutna gauntlets	ng_plus	armor base 144-144;bleeding_resistance_perc base 0.25-0.25;bludgeoning_resistance_perc base 0.02-0.02;piercing_resistance_perc base 0.04-0.04;rending_resistance_perc base 0.04-0.04;slashing_resistance_perc base 0.04-0.04;staminaRegen_armor_mod mult -0.02--0.02	armor base 144-144;bleeding_resistance_perc base 0.25-0.25;bludgeoning_resistance_perc base 0.02-0.02;piercing_resistance_perc base 0.04-0.04;rending_resistance_perc base 0.04-0.04;slashing_resistance_perc base 0.04-0.04;staminaRegen_armor_mod mult -0.02--0.02	ok
q704_vampire_gloves	Hen Gaidth gauntlets	ng_plus	bleeding_resistance_perc base 0.25-0.25;bludgeoning_resistance_perc base 0.05-0.05;item_level_max add 100-100;item_level_min add 40-40;piercing_resistance_perc base 0.06-0.06;rending_resistance_perc base 0.05-0.05;slashing_resistance_perc base 0.05-0.05;staminaRegen_armor_mod mult -0.02--0.02	bleeding_resistance_perc base 0.25-0.25;bludgeoning_resistance_perc base 0.05-0.05;item_level_max add 100-100;item_level_min add 40-40;piercing_resistance_perc base 0.06-0.06;rending_resistance_perc base 0.05-0.05;slashing_resistance_perc base 0.05-0.05;staminaRegen_armor_mod mult -0.02--0.02	ok
Scarlet Crest Gauntlets	Scarlet Crest gauntlets	ng_plus	armor base 83-83;bludgeoning_resistance_perc base 0.08-0.08;focus_gain base 0.04-0.04;piercing_resistance_perc base 0.07-0.07;slashing_resistance_perc base 0.06-0.06;spell_power_quen mult 0.06-0.06	armor base 83-83;bludgeoning_resistance_perc base 0.08-0.08;focus_gain base 0.04-0.04;piercing_resistance_perc base 0.07-0.07;slashing_resistance_perc base 0.06-0.06;spell_power_quen mult 0.06-0.06	ok
Dol Blathanna Gloves	Gauntlets of a Thousand Flowers	ng_plus	armor base 76-76;bludgeoning_resistance_perc base 0.03-0.03;piercing_resistance_perc base 0.03-0.03;rending_resistance_perc base 0.03-0.03;slashing_resistance_perc base 0.05-0.05;spell_power_aard mult 0.1-0.1;spell_power_igni mult 0.1-0.1	armor base 76-76;bludgeoning_resistance_perc base 0.03-0.03;piercing_resistance_perc base 0.03-0.03;rending_resistance_perc base 0.03-0.03;slashing_resistance_perc base 0.05-0.05;spell_power_aard mult 0.1-0.1;spell_power_igni mult 0.1-0.1	ok
NGP Dol Blathanna Gloves	Gauntlets of a Thousand Flowers	ng_plus	armor base 18-18;bludgeoning_resistance_perc base 0.01-0.01;piercing_resistance_perc base 0.01-0.01;rending_resistance_perc base 0.01-0.01;slashing_resistance_perc base 0.02-0.02;spell_power_aard mult 0.05-0.05;spell_power_igni mult 0.05-0.05	armor base 18-18;bludgeoning_resistance_perc base 0.01-0.01;piercing_resistance_perc base 0.01-0.01;rending_resistance_perc base 0.01-0.01;slashing_resistance_perc base 0.02-0.02;spell_power_aard mult 0.05-0.05;spell_power_igni mult 0.05-0.05	ok
NGP White Tiger Gloves	White Tiger of the West vambraces	ng_plus	armor base 25-25;bludgeoning_resistance_perc base 0.01-0.01;piercing_resistance_perc base 0.01-0.01;poison_resistance_perc base 0.05-0.05;slashing_resistance_perc base 0.03-0.03	armor base 25-25;bludgeoning_resistance_perc base 0.01-0.01;piercing_resistance_perc base 0.01-0.01;poison_resistance_perc base 0.05-0.05;slashing_resistance_perc base 0.03-0.03	ok
White Tiger Gloves	White Tiger of the West vambraces	ng_plus	armor base 83-83;bludgeoning_resistance_perc base 0.06-0.06;piercing_resistance_perc base 0.06-0.06;poison_resistance_perc base 0.08-0.08;rending_resistance_perc base 0.06-0.06;slashing_resistance_perc base 0.09-0.09	armor base 83-83;bludgeoning_resistance_perc base 0.06-0.06;piercing_resistance_perc base 0.06-0.06;poison_resistance_perc base 0.08-0.08;rending_resistance_perc base 0.06-0.06;slashing_resistance_perc base 0.09-0.09	ok
DLC1 Temerian Gloves	Temerian Gauntlets	ng_plus	armor base 11-11;bludgeoning_resistance_perc base 0.02-0.02;elemental_resistance_perc base 0.01-0.01;piercing_resistance_perc base 0.02-0.02;rending_resistance_perc base 0.01-0.01;slashing_resistance_perc base 0.02-0.02;staminaRegen_armor_mod mult 0.02-0.02	armor base 11-11;bludgeoning_resistance_perc base 0.02-0.02;elemental_resistance_perc base 0.01-0.01;piercing_resistance_perc base 0.02-0.02;rending_resistance_perc base 0.01-0.01;slashing_resistance_perc base 0.02-0.02;staminaRegen_armor_mod mult 0.02-0.02	ok
DLC14 Skellige Gloves	Undvik Gauntlets	ng_plus	armor base 35-35;bludgeoning_resistance_perc base 0.05-0.05;elemental_resistance_perc base 0.01-0.01;piercing_resistance_perc base 0.05-0.05;rending_resistance_perc base 0.01-0.01;slashing_resistance_perc base 0.05-0.05;staminaRegen_armor_mod mult -0.02--0.02	armor base 35-35;bludgeoning_resistance_perc base 0.05-0.05;elemental_resistance_perc base 0.01-0.01;piercing_resistance_perc base 0.05-0.05;rending_resistance_perc base 0.01-0.01;slashing_resistance_perc base 0.05-0.05;staminaRegen_armor_mod mult -0.02--0.02	ok
DLC5 Nilfgaardian Gloves	Nilfgaardian Gauntlets	ng_plus	armor base 23-23;bludgeoning_resistance_perc base 0.02-0.02;elemental_resistance_perc base 0.01-0.01;piercing_resistance_perc base 0.02-0.02;rending_resistance_perc base 0.01-0.01;slashing_resistance_perc base 0.02-0.02	armor base 23-23;bludgeoning_resistance_perc base 0.02-0.02;elemental_resistance_perc base 0.01-0.01;piercing_resistance_perc base 0.02-0.02;rending_resistance_perc base 0.01-0.01;slashing_resistance_perc base 0.02-0.02	ok
NGP DLC1 Temerian Gloves	Temerian Gauntlets	ng_plus	armor base 71-71;bludgeoning_resistance_perc base 0.07-0.07;elemental_resistance_perc base 0.06-0.06;piercing_resistance_perc base 0.07-0.07;rending_resistance_perc base 0.06-0.06;slashing_resistance_perc base 0.07-0.07;staminaRegen_armor_mod mult 0.02-0.02	armor base 71-71;bludgeoning_resistance_perc base 0.07-0.07;elemental_resistance_perc base 0.06-0.06;piercing_resistance_perc base 0.07-0.07;rending_resistance_perc base 0.06-0.06;slashing_resistance_perc base 0.07-0.07;staminaRegen_armor_mod mult 0.02-0.02	ok
NGP DLC14 Skellige Gloves	Undvik Gauntlets	ng_plus	armor base 95-95;bludgeoning_resistance_perc base 0.1-0.1;elemental_resistance_perc base 0.06-0.06;piercing_resistance_perc base 0.1-0.1;rending_resistance_perc base 0.06-0.06;slashing_resistance_perc base 0.1-0.1;staminaRegen_armor_mod mult -0.02--0.02	armor base 95-95;bludgeoning_resistance_perc base 0.1-0.1;elemental_resistance_perc base 0.06-0.06;piercing_resistance_perc base 0.1-0.1;rending_resistance_perc base 0.06-0.06;slashing_resistance_perc base 0.1-0.1;staminaRegen_armor_mod mult -0.02--0.02	ok
NGP DLC5 Nilfgaardian Gloves	Nilfgaardian Gauntlets	ng_plus	armor base 83-83;bludgeoning_resistance_perc base 0.07-0.07;elemental_resistance_perc base 0.06-0.06;piercing_resistance_perc base 0.07-0.07;rending_resistance_perc base 0.06-0.06;slashing_resistance_perc base 0.07-0.07	armor base 83-83;bludgeoning_resistance_perc base 0.07-0.07;elemental_resistance_perc base 0.06-0.06;piercing_resistance_perc base 0.07-0.07;rending_resistance_perc base 0.06-0.06;slashing_resistance_perc base 0.07-0.07	ok
Crafted Burning Rose Gloves	Order of the Flaming Rose gauntlets	ng_plus	armor base 137-137;bludgeoning_resistance_perc base 0.06-0.06;burning_resistance_perc base 0.1-0.1;elemental_resistance_perc base 0.1-0.1;piercing_resistance_perc base 0.06-0.06;slashing_resistance_perc base 0.06-0.06;staminaRegen_armor_mod mult -0.02--0.02	armor base 137-137;bludgeoning_resistance_perc base 0.06-0.06;burning_resistance_perc base 0.1-0.1;elemental_resistance_perc base 0.1-0.1;piercing_resistance_perc base 0.06-0.06;slashing_resistance_perc base 0.06-0.06;staminaRegen_armor_mod mult -0.02--0.02	ok
Crafted Ofir Gloves	Ofieri gauntlets	ng_plus	armor base 141-141;bludgeoning_resistance_perc base 0.05-0.05;slashing_resistance_perc base 0.05-0.05;spell_power_aard mult 0.1-0.1;spell_power_axii mult 0.2-0.2;spell_power_igni mult 0.1-0.1;staminaRegen_armor_mod mult 0.02-0.02	armor base 141-141;bludgeoning_resistance_perc base 0.05-0.05;slashing_resistance_perc base 0.05-0.05;spell_power_aard mult 0.1-0.1;spell_power_axii mult 0.2-0.2;spell_power_igni mult 0.1-0.1;staminaRegen_armor_mod mult 0.02-0.02	ok
Gloves 04	Assassin's gauntlets	ng_plus	bludgeoning_resistance_perc base 0.02-0.02;bonus_herb_chance add 0.05-0.05;critical_hit_chance add 0.1-0.1;elemental_resistance_perc base 0.0-0.0;piercing_resistance_perc base 0.02-0.02;rending_resistance_perc base 0.0-0.0;slashing_resistance_perc base 0.05-0.05;staminaRegen_armor_mod mult 0.02-0.02	bludgeoning_resistance_perc base 0.02-0.02;bonus_herb_chance add 0.05-0.05;critical_hit_chance add 0.1-0.1;elemental_resistance_perc base 0.0-0.0;piercing_resistance_perc base 0.02-0.02;rending_resistance_perc base 0.0-0.0;slashing_resistance_perc base 0.05-0.05;staminaRegen_armor_mod mult 0.02-0.02	ok
Guard Lvl1 A Gloves 3	Toussaint Color Guardsman's gauntlets	ng_plus	armor base 149-149;bleeding_resistance_perc base 0.15-0.15;bludgeoning_resistance_perc base 0.05-0.05;piercing_resistance_perc base 0.04-0.04;slashing_resistance_perc base 0.05-0.05;staminaRegen_armor_mod mult 0.03-0.03;vitality base 300-300	armor base 149-149;bleeding_resistance_perc base 0.15-0.15;bludgeoning_resistance_perc base 0.05-0.05;piercing_resistance_perc base 0.04-0.04;slashing_resistance_perc base 0.05-0.05;staminaRegen_armor_mod mult 0.03-0.03;vitality base 300-300	ok
Guard Lvl1 Gloves 3	Toussaint Ducal Guardsman's gauntlets	ng_plus	armor base 147-147;bleeding_resistance_perc base 0.1-0.1;bludgeoning_resistance_perc base 0.05-0.05;piercing_resistance_perc base 0.03-0.03;slashing_resistance_perc base 0.05-0.05;staminaRegen_armor_mod mult 0.03-0.03;vitality base 250-250	armor base 147-147;bleeding_resistance_perc base 0.1-0.1;bludgeoning_resistance_perc base 0.05-0.05;piercing_resistance_perc base 0.03-0.03;slashing_resistance_perc base 0.05-0.05;staminaRegen_armor_mod mult 0.03-0.03;vitality base 250-250	ok
Guard Lvl2 A Gloves 3	Toussaint Ducal Guard Captain's gauntlets	ng_plus	armor base 155-155;bludgeoning_resistance_perc base 0.04-0.04;piercing_resistance_perc base 0.05-0.05;poison_resistance_perc base 0.15-0.15;slashing_resistance_perc base 0.05-0.05;vitality base 400-400	armor base 155-155;bludgeoning_resistance_perc base 0.04-0.04;piercing_resistance_perc base 0.05-0.05;poison_resistance_perc base 0.15-0.15;slashing_resistance_perc base 0.05-0.05;vitality base 400-400	ok
Guard Lvl2 Gloves 3	Toussaint Ducal Guard Officer's gauntlets	ng_plus	armor base 153-153;bludgeoning_resistance_perc base 0.03-0.03;piercing_resistance_perc base 0.05-0.05;poison_resistance_perc base 0.1-0.1;slashing_resistance_perc base 0.05-0.05;vitality base 350-350	armor base 153-153;bludgeoning_resistance_perc base 0.03-0.03;piercing_resistance_perc base 0.05-0.05;poison_resistance_perc base 0.1-0.1;slashing_resistance_perc base 0.05-0.05;vitality base 350-350	ok
Heavy gloves 04	Nilfgaardian guardsman's gauntlets	ng_plus	bludgeoning_resistance_perc base 0.05-0.05;critical_hit_damage_bonus add 0.5-0.5;elemental_resistance_perc base 0.0-0.0;piercing_resistance_perc base 0.05-0.05;rending_resistance_perc base 0.05-0.05;slashing_resistance_perc base 0.05-0.05;staminaRegen_armor_mod mult -0.02--0.02	bludgeoning_resistance_perc base 0.05-0.05;critical_hit_damage_bonus add 0.5-0.5;elemental_resistance_perc base 0.0-0.0;piercing_resistance_perc base 0.05-0.05;rending_resistance_perc base 0.05-0.05;slashing_resistance_perc base 0.05-0.05;staminaRegen_armor_mod mult -0.02--0.02	ok
Heavy gloves 04 Netflix	Nilfgaardian guardsman's gauntlets	ng_plus	bludgeoning_resistance_perc base 0.05-0.05;critical_hit_damage_bonus add 0.5-0.5;elemental_resistance_perc base 0.0-0.0;piercing_resistance_perc base 0.05-0.05;rending_resistance_perc base 0.05-0.05;slashing_resistance_perc base 0.05-0.05;staminaRegen_armor_mod mult -0.02--0.02	bludgeoning_resistance_perc base 0.05-0.05;critical_hit_damage_bonus add 0.5-0.5;elemental_resistance_perc base 0.0-0.0;piercing_resistance_perc base 0.05-0.05;rending_resistance_perc base 0.05-0.05;slashing_resistance_perc base 0.05-0.05;staminaRegen_armor_mod mult -0.02--0.02	ok
Knight Geralt A Gloves 3	Toussaint knight's tourney gauntlets	ng_plus	armor base 161-161;bleeding_resistance_perc base 0.4-0.4;bludgeoning_resistance_perc base 0.07-0.07;piercing_resistance_perc base 0.07-0.07;slashing_resistance_perc base 0.07-0.07;staminaRegen_armor_mod mult -0.02--0.02;vitality base 500-500	armor base 161-161;bleeding_resistance_perc base 0.4-0.4;bludgeoning_resistance_perc base 0.07-0.07;piercing_resistance_perc base 0.07-0.07;slashing_resistance_perc base 0.07-0.07;staminaRegen_armor_mod mult -0.02--0.02;vitality base 500-500	ok
Knight Geralt Gloves 3	Toussaint knight's gauntlets	ng_plus	armor base 159-159;bleeding_resistance_perc base 0.25-0.25;bludgeoning_resistance_perc base 0.06-0.06;piercing_resistance_perc base 0.06-0.06;slashing_resistance_perc base 0.06-0.06;staminaRegen_armor_mod mult -0.02--0.02;vitality base 450-450	armor base 159-159;bleeding_resistance_perc base 0.25-0.25;bludgeoning_resistance_perc base 0.06-0.06;piercing_resistance_perc base 0.06-0.06;slashing_resistance_perc base 0.06-0.06;staminaRegen_armor_mod mult -0.02--0.02;vitality base 450-450	ok
NGP Crafted Burning Rose Gloves	Order of the Flaming Rose gauntlets	ng_plus	armor base 77-77;bludgeoning_resistance_perc base 0.06-0.06;burning_resistance_perc base 0.1-0.1;elemental_resistance_perc base 0.1-0.1;piercing_resistance_perc base 0.06-0.06;slashing_resistance_perc base 0.06-0.06;staminaRegen_armor_mod mult -0.02--0.02	armor base 77-77;bludgeoning_resistance_perc base 0.06-0.06;burning_resistance_perc base 0.1-0.1;elemental_resistance_perc base 0.1-0.1;piercing_resistance_perc base 0.06-0.06;slashing_resistance_perc base 0.06-0.06;staminaRegen_armor_mod mult -0.02--0.02	ok
NGP Crafted Ofir Gloves	Ofieri gauntlets	ng_plus	armor base 81-81;bludgeoning_resistance_perc base 0.05-0.05;slashing_resistance_perc base 0.05-0.05;spell_power_aard mult 0.1-0.1;spell_power_axii mult 0.2-0.2;spell_power_igni mult 0.1-0.1;staminaRegen_armor_mod mult 0.02-0.02	armor base 81-81;bludgeoning_resistance_perc base 0.05-0.05;slashing_resistance_perc base 0.05-0.05;spell_power_aard mult 0.1-0.1;spell_power_axii mult 0.2-0.2;spell_power_igni mult 0.1-0.1;staminaRegen_armor_mod mult 0.02-0.02	ok
NGP Guard Lvl1 A Gloves 3	Toussaint Color Guardsman's gauntlets	ng_plus	armor base 89-89;bleeding_resistance_perc base 0.15-0.15;bludgeoning_resistance_perc base 0.05-0.05;piercing_resistance_perc base 0.04-0.04;slashing_resistance_perc base 0.05-0.05;staminaRegen_armor_mod mult 0.03-0.03;vitality base 300-300	armor base 89-89;bleeding_resistance_perc base 0.15-0.15;bludgeoning_resistance_perc base 0.05-0.05;piercing_resistance_perc base 0.04-0.04;slashing_resistance_perc base 0.05-0.05;staminaRegen_armor_mod mult 0.03-0.03;vitality base 300-300	ok
NGP Guard Lvl1 Gloves 3	Toussaint Ducal Guardsman's gauntlets	ng_plus	armor base 87-87;bleeding_resistance_perc base 0.1-0.1;bludgeoning_resistance_perc base 0.05-0.05;piercing_resistance_perc base 0.03-0.03;slashing_resistance_perc base 0.05-0.05;staminaRegen_armor_mod mult 0.03-0.03;vitality base 250-250	armor base 87-87;bleeding_resistance_perc base 0.1-0.1;bludgeoning_resistance_perc base 0.05-0.05;piercing_resistance_perc base 0.03-0.03;slashing_resistance_perc base 0.05-0.05;staminaRegen_armor_mod mult 0.03-0.03;vitality base 250-250	ok
NGP Guard Lvl2 A Gloves 3	Toussaint Ducal Guard Captain's gauntlets	ng_plus	armor base 95-95;bludgeoning_resistance_perc base 0.04-0.04;piercing_resistance_perc base 0.05-0.05;poison_resistance_perc base 0.15-0.15;slashing_resistance_perc base 0.05-0.05;vitality base 400-400	armor base 95-95;bludgeoning_resistance_perc base 0.04-0.04;piercing_resistance_perc base 0.05-0.05;poison_resistance_perc base 0.15-0.15;slashing_resistance_perc base 0.05-0.05;vitality base 400-400	ok
NGP Guard Lvl2 Gloves 3	Toussaint Ducal Guard Officer's gauntlets	ng_plus	armor base 93-93;bludgeoning_resistance_perc base 0.03-0.03;piercing_resistance_perc base 0.05-0.05;poison_resistance_perc base 0.1-0.1;slashing_resistance_perc base 0.05-0.05;vitality base 350-350	armor base 93-93;bludgeoning_resistance_perc base 0.03-0.03;piercing_resistance_perc base 0.05-0.05;poison_resistance_perc base 0.1-0.1;slashing_resistance_perc base 0.05-0.05;vitality base 350-350	ok
NGP Knight Geralt A Gloves 3	Toussaint knight's tourney gauntlets	ng_plus	armor base 101-101;bleeding_resistance_perc base 0.4-0.4;bludgeoning_resistance_perc base 0.07-0.07;piercing_resistance_perc base 0.07-0.07;slashing_resistance_perc base 0.07-0.07;staminaRegen_armor_mod mult -0.02--0.02;vitality base 500-500	armor base 101-101;bleeding_resistance_perc base 0.4-0.4;bludgeoning_resistance_perc base 0.07-0.07;piercing_resistance_perc base 0.07-0.07;slashing_resistance_perc base 0.07-0.07;staminaRegen_armor_mod mult -0.02--0.02;vitality base 500-500	ok
NGP Knight Geralt Gloves 3	Toussaint knight's gauntlets	ng_plus	armor base 99-99;bleeding_resistance_perc base 0.25-0.25;bludgeoning_resistance_perc base 0.06-0.06;piercing_resistance_perc base 0.06-0.06;slashing_resistance_perc base 0.06-0.06;staminaRegen_armor_mod mult -0.02--0.02;vitality base 450-450	armor base 99-99;bleeding_resistance_perc base 0.25-0.25;bludgeoning_resistance_perc base 0.06-0.06;piercing_resistance_perc base 0.06-0.06;slashing_resistance_perc base 0.06-0.06;staminaRegen_armor_mod mult -0.02--0.02;vitality base 450-450	ok
Thief Gloves	New Moon gauntlets	ng_plus	bludgeoning_resistance_perc base 0.05-0.05;bonus_money add 0.05-0.05;critical_hit_chance add 0.03-0.03;critical_hit_damage_bonus add 0.2-0.2;item_level_max add 36-36;item_level_min add 34-34;slashing_resistance_perc base 0.05-0.05	bludgeoning_resistance_perc base 0.05-0.05;bonus_money add 0.05-0.05;critical_hit_chance add 0.03-0.03;critical_hit_damage_bonus add 0.2-0.2;item_level_max add 36-36;item_level_min add 34-34;slashing_resistance_perc base 0.05-0.05	ok
Toussaint Gloves 3	Toussaint gauntlets	ng_plus	bludgeoning_resistance_perc base 0.06-0.06;burning_resistance_perc base 0.25-0.25;item_level_max add 100-100;item_level_min add 40-40;piercing_resistance_perc base 0.06-0.06;slashing_resistance_perc base 0.06-0.06;staminaRegen_armor_mod mult -0.02--0.02;vitality base 450-450	bludgeoning_resistance_perc base 0.06-0.06;burning_resistance_perc base 0.25-0.25;item_level_max add 100-100;item_level_min add 40-40;piercing_resistance_perc base 0.06-0.06;slashing_resistance_perc base 0.06-0.06;staminaRegen_armor_mod mult -0.02--0.02;vitality base 450-450	ok
Bear Pants 1	Legendary Ursine trousers	ng_plus	armor base 109-109;elemental_resistance_perc base 0.25-0.25;focus_gain base 0.11-0.11;piercing_resistance_perc base 0.06-0.06;rending_resistance_perc base 0.1-0.1;slashing_resistance_perc base 0.11-0.11;staminaRegen_armor_mod mult -0.1--0.1	armor base 109-109;elemental_resistance_perc base 0.25-0.25;focus_gain base 0.11-0.11;piercing_resistance_perc base 0.06-0.06;rending_resistance_perc base 0.1-0.1;slashing_resistance_perc base 0.11-0.11;staminaRegen_armor_mod mult -0.1--0.1	ok
NGP Bear Pants 1	Ursine trousers	ng_plus	armor base 49-49;elemental_resistance_perc base 0.05-0.05;focus_gain base 0.05-0.05;piercing_resistance_perc base 0.02-0.02;rending_resistance_perc base 0.07-0.07;slashing_resistance_perc base 0.07-0.07;staminaRegen_armor_mod mult -0.1--0.1	armor base 49-49;elemental_resistance_perc base 0.05-0.05;focus_gain base 0.05-0.05;piercing_resistance_perc base 0.02-0.02;rending_resistance_perc base 0.07-0.07;slashing_resistance_perc base 0.07-0.07;staminaRegen_armor_mod mult -0.1--0.1	ok
Bear Pants 2	Enhanced legendary Ursine trousers	ng_plus	armor base 119-119;elemental_resistance_perc base 0.3-0.3;focus_gain base 0.12-0.12;piercing_resistance_perc base 0.07-0.07;rending_resistance_perc base 0.11-0.11;slashing_resistance_perc base 0.12-0.12;staminaRegen_armor_mod mult -0.1--0.1	armor base 119-119;elemental_resistance_perc base 0.3-0.3;focus_gain base 0.12-0.12;piercing_resistance_perc base 0.07-0.07;rending_resistance_perc base 0.11-0.11;slashing_resistance_perc base 0.12-0.12;staminaRegen_armor_mod mult -0.1--0.1	ok
NGP Bear Pants 2	Enhanced Ursine trousers	ng_plus	armor base 59-59;elemental_resistance_perc base 0.1-0.1;focus_gain base 0.06-0.06;piercing_resistance_perc base 0.03-0.03;rending_resistance_perc base 0.08-0.08;slashing_resistance_perc base 0.08-0.08;staminaRegen_armor_mod mult -0.1--0.1	armor base 59-59;elemental_resistance_perc base 0.1-0.1;focus_gain base 0.06-0.06;piercing_resistance_perc base 0.03-0.03;rending_resistance_perc base 0.08-0.08;slashing_resistance_perc base 0.08-0.08;staminaRegen_armor_mod mult -0.1--0.1	ok
Bear Pants 3	Superior legendary Ursine trousers	ng_plus	armor base 129-129;elemental_resistance_perc base 0.35-0.35;focus_gain base 0.13-0.13;piercing_resistance_perc base 0.08-0.08;rending_resistance_perc base 0.11-0.11;slashing_resistance_perc base 0.13-0.13;staminaRegen_armor_mod mult -0.1--0.1	armor base 129-129;elemental_resistance_perc base 0.35-0.35;focus_gain base 0.13-0.13;piercing_resistance_perc base 0.08-0.08;rending_resistance_perc base 0.11-0.11;slashing_resistance_perc base 0.13-0.13;staminaRegen_armor_mod mult -0.1--0.1	ok
NGP Bear Pants 3	Superior Ursine trousers	ng_plus	armor base 69-69;elemental_resistance_perc base 0.15-0.15;focus_gain base 0.08-0.08;piercing_resistance_perc base 0.04-0.04;rending_resistance_perc base 0.08-0.08;slashing_resistance_perc base 0.09-0.09;staminaRegen_armor_mod mult -0.1--0.1	armor base 69-69;elemental_resistance_perc base 0.15-0.15;focus_gain base 0.08-0.08;piercing_resistance_perc base 0.04-0.04;rending_resistance_perc base 0.08-0.08;slashing_resistance_perc base 0.09-0.09;staminaRegen_armor_mod mult -0.1--0.1	ok
Bear Pants 4	Mastercrafted legendary Ursine trousers	ng_plus	armor base 137-137;elemental_resistance_perc base 0.4-0.4;focus_gain base 0.15-0.15;piercing_resistance_perc base 0.1-0.1;rending_resistance_perc base 0.12-0.12;slashing_resistance_perc base 0.15-0.15;staminaRegen_armor_mod mult -0.1--0.1	armor base 137-137;elemental_resistance_perc base 0.4-0.4;focus_gain base 0.15-0.15;piercing_resistance_perc base 0.1-0.1;rending_resistance_perc base 0.12-0.12;slashing_resistance_perc base 0.15-0.15;staminaRegen_armor_mod mult -0.1--0.1	ok
NGP Bear Pants 4	Mastercrafted Ursine trousers	ng_plus	armor base 77-77;elemental_resistance_perc base 0.2-0.2;focus_gain base 0.1-0.1;piercing_resistance_perc base 0.05-0.05;rending_resistance_perc base 0.09-0.09;slashing_resistance_perc base 0.1-0.1;staminaRegen_armor_mod mult -0.1--0.1	armor base 77-77;elemental_resistance_perc base 0.2-0.2;focus_gain base 0.1-0.1;piercing_resistance_perc base 0.05-0.05;rending_resistance_perc base 0.09-0.09;slashing_resistance_perc base 0.1-0.1;staminaRegen_armor_mod mult -0.1--0.1	ok
Bear Pants 5	Grandmaster legendary Ursine trousers	ng_plus	armor base 151-151;elemental_resistance_perc base 0.4-0.4;focus_gain base 0.17-0.17;piercing_resistance_perc base 0.1-0.1;rending_resistance_perc base 0.13-0.13;slashing_resistance_perc base 0.15-0.15;staminaRegen_armor_mod mult -0.1--0.1	armor base 151-151;elemental_resistance_perc base 0.4-0.4;focus_gain base 0.17-0.17;piercing_resistance_perc base 0.1-0.1;rending_resistance_perc base 0.13-0.13;slashing_resistance_perc base 0.15-0.15;staminaRegen_armor_mod mult -0.1--0.1	ok
NGP Bear Pants 5	Grandmaster Ursine trousers	ng_plus	armor base 91-91;elemental_resistance_perc base 0.28-0.28;focus_gain base 0.11-0.11;piercing_resistance_perc base 0.06-0.06;rending_resistance_perc base 0.1-0.1;slashing_resistance_perc base 0.11-0.11;staminaRegen_armor_mod mult -0.1--0.1	armor base 91-91;elemental_resistance_perc base 0.28-0.28;focus_gain base 0.11-0.11;piercing_resistance_perc base 0.06-0.06;rending_resistance_perc base 0.1-0.1;slashing_resistance_perc base 0.11-0.11;staminaRegen_armor_mod mult -0.1--0.1	ok
Gryphon Pants 1	Legendary Griffin trousers	ng_plus	armor base 91-91;elemental_resistance_perc base 0.33-0.33;piercing_resistance_perc base 0.06-0.06;rending_resistance_perc base 0.08-0.08;slashing_resistance_perc base 0.09-0.09;spell_power mult 0.11-0.11	armor base 91-91;elemental_resistance_perc base 0.33-0.33;piercing_resistance_perc base 0.06-0.06;rending_resistance_perc base 0.08-0.08;slashing_resistance_perc base 0.09-0.09;spell_power mult 0.11-0.11	ok
NGP Gryphon Pants 1	Griffin trousers	ng_plus	armor base 31-31;elemental_resistance_perc base 0.17-0.17;piercing_resistance_perc base 0.02-0.02;rending_resistance_perc base 0.05-0.05;slashing_resistance_perc base 0.05-0.05;spell_power mult 0.05-0.05	armor base 31-31;elemental_resistance_perc base 0.17-0.17;piercing_resistance_perc base 0.02-0.02;rending_resistance_perc base 0.05-0.05;slashing_resistance_perc base 0.05-0.05;spell_power mult 0.05-0.05	ok
Gryphon Pants 2	Enhanced legendary Griffin trousers	ng_plus	armor base 105-105;elemental_resistance_perc base 0.37-0.37;piercing_resistance_perc base 0.07-0.07;rending_resistance_perc base 0.09-0.09;slashing_resistance_perc base 0.1-0.1;spell_power mult 0.12-0.12	armor base 105-105;elemental_resistance_perc base 0.37-0.37;piercing_resistance_perc base 0.07-0.07;rending_resistance_perc base 0.09-0.09;slashing_resistance_perc base 0.1-0.1;spell_power mult 0.12-0.12	ok
NGP Gryphon Pants 2	Enhanced Griffin trousers	ng_plus	armor base 45-45;elemental_resistance_perc base 0.19-0.19;piercing_resistance_perc base 0.03-0.03;rending_resistance_perc base 0.05-0.05;slashing_resistance_perc base 0.06-0.06;spell_power mult 0.06-0.06	armor base 45-45;elemental_resistance_perc base 0.19-0.19;piercing_resistance_perc base 0.03-0.03;rending_resistance_perc base 0.05-0.05;slashing_resistance_perc base 0.06-0.06;spell_power mult 0.06-0.06	ok
Gryphon Pants 3	Superior legendary Griffin trousers	ng_plus	armor base 121-121;elemental_resistance_perc base 0.41-0.41;piercing_resistance_perc base 0.08-0.08;rending_resistance_perc base 0.09-0.09;slashing_resistance_perc base 0.11-0.11;spell_power mult 0.13-0.13	armor base 121-121;elemental_resistance_perc base 0.41-0.41;piercing_resistance_perc base 0.08-0.08;rending_resistance_perc base 0.09-0.09;slashing_resistance_perc base 0.11-0.11;spell_power mult 0.13-0.13	ok
NGP Gryphon Pants 3	Superior Griffin trousers	ng_plus	armor base 61-61;elemental_resistance_perc base 0.23-0.23;piercing_resistance_perc base 0.04-0.04;rending_resistance_perc base 0.06-0.06;slashing_resistance_perc base 0.07-0.07;spell_power mult 0.08-0.08	armor base 61-61;elemental_resistance_perc base 0.23-0.23;piercing_resistance_perc base 0.04-0.04;rending_resistance_perc base 0.06-0.06;slashing_resistance_perc base 0.07-0.07;spell_power mult 0.08-0.08	ok
Gryphon Pants 4	Mastercrafted legendary Griffin trousers	ng_plus	armor base 137-137;elemental_resistance_perc base 0.45-0.45;piercing_resistance_perc base 0.09-0.09;rending_resistance_perc base 0.1-0.1;slashing_resistance_perc base 0.12-0.12;spell_power mult 0.15-0.15	armor base 137-137;elemental_resistance_perc base 0.45-0.45;piercing_resistance_perc base 0.09-0.09;rending_resistance_perc base 0.1-0.1;slashing_resistance_perc base 0.12-0.12;spell_power mult 0.15-0.15	ok
NGP Gryphon Pants 4	Mastercrafted Griffin trousers	ng_plus	armor base 77-77;elemental_resistance_perc base 0.3-0.3;piercing_resistance_perc base 0.05-0.05;rending_resistance_perc base 0.07-0.07;slashing_resistance_perc base 0.08-0.08;spell_power mult 0.1-0.1	armor base 77-77;elemental_resistance_perc base 0.3-0.3;piercing_resistance_perc base 0.05-0.05;rending_resistance_perc base 0.07-0.07;slashing_resistance_perc base 0.08-0.08;spell_power mult 0.1-0.1	ok
Gryphon Pants 5	Grandmaster legendary Griffin trousers	ng_plus	armor base 151-151;elemental_resistance_perc base 0.45-0.45;piercing_resistance_perc base 0.1-0.1;rending_resistance_perc base 0.11-0.11;slashing_resistance_perc base 0.12-0.12;spell_power mult 0.17-0.17	armor base 151-151;elemental_resistance_perc base 0.45-0.45;piercing_resistance_perc base 0.1-0.1;rending_resistance_perc base 0.11-0.11;slashing_resistance_perc base 0.12-0.12;spell_power mult 0.17-0.17	ok
NGP Gryphon Pants 5	Grandmaster Griffin trousers	ng_plus	armor base 91-91;elemental_resistance_perc base 0.33-0.33;piercing_resistance_perc base 0.06-0.06;rending_resistance_perc base 0.08-0.08;slashing_resistance_perc base 0.09-0.09;spell_power mult 0.12-0.12	armor base 91-91;elemental_resistance_perc base 0.33-0.33;piercing_resistance_perc base 0.06-0.06;rending_resistance_perc base 0.08-0.08;slashing_resistance_perc base 0.09-0.09;spell_power mult 0.12-0.12	ok
Lynx Pants 1	Legendary Feline trousers	ng_plus	armor base 103-103;attack_power mult 0.11-0.11;elemental_resistance_perc base 0.11-0.11;piercing_resistance_perc base 0.05-0.05;rending_resistance_perc base 0.07-0.07;slashing_resistance_perc base 0.07-0.07;staminaRegen_armor_mod mult 0.1-0.1	armor base 103-103;attack_power mult 0.11-0.11;elemental_resistance_perc base 0.11-0.11;piercing_resistance_perc base 0.05-0.05;rending_resistance_perc base 0.07-0.07;slashing_resistance_perc base 0.07-0.07;staminaRegen_armor_mod mult 0.1-0.1	ok
NGP Lynx Pants 1	Feline trousers	ng_plus	armor base 43-43;attack_power mult 0.05-0.05;elemental_resistance_perc base 0.1-0.1;piercing_resistance_perc base 0.01-0.01;rending_resistance_perc base 0.03-0.03;slashing_resistance_perc base 0.03-0.03;staminaRegen_armor_mod mult 0.1-0.1	armor base 43-43;attack_power mult 0.05-0.05;elemental_resistance_perc base 0.1-0.1;piercing_resistance_perc base 0.01-0.01;rending_resistance_perc base 0.03-0.03;slashing_resistance_perc base 0.03-0.03;staminaRegen_armor_mod mult 0.1-0.1	ok
Lynx Pants 2	Enhanced legendary Feline trousers	ng_plus	armor base 115-115;attack_power mult 0.12-0.12;elemental_resistance_perc base 0.11-0.11;piercing_resistance_perc base 0.06-0.06;rending_resistance_perc base 0.08-0.08;slashing_resistance_perc base 0.08-0.08;staminaRegen_armor_mod mult 0.1-0.1	armor base 115-115;attack_power mult 0.12-0.12;elemental_resistance_perc base 0.11-0.11;piercing_resistance_perc base 0.06-0.06;rending_resistance_perc base 0.08-0.08;slashing_resistance_perc base 0.08-0.08;staminaRegen_armor_mod mult 0.1-0.1	ok
NGP Lynx Pants 2	Enhanced Feline trousers	ng_plus	armor base 55-55;attack_power mult 0.06-0.06;elemental_resistance_perc base 0.1-0.1;piercing_resistance_perc base 0.02-0.02;rending_resistance_perc base 0.04-0.04;slashing_resistance_perc base 0.04-0.04;staminaRegen_armor_mod mult 0.1-0.1	armor base 55-55;attack_power mult 0.06-0.06;elemental_resistance_perc base 0.1-0.1;piercing_resistance_perc base 0.02-0.02;rending_resistance_perc base 0.04-0.04;slashing_resistance_perc base 0.04-0.04;staminaRegen_armor_mod mult 0.1-0.1	ok
Lynx Pants 3	Superior legendary Feline trousers	ng_plus	armor base 127-127;attack_power mult 0.13-0.13;elemental_resistance_perc base 0.13-0.13;piercing_resistance_perc base 0.07-0.07;rending_resistance_perc base 0.08-0.08;slashing_resistance_perc base 0.09-0.09;staminaRegen_armor_mod mult 0.1-0.1	armor base 127-127;attack_power mult 0.13-0.13;elemental_resistance_perc base 0.13-0.13;piercing_resistance_perc base 0.07-0.07;rending_resistance_perc base 0.08-0.08;slashing_resistance_perc base 0.09-0.09;staminaRegen_armor_mod mult 0.1-0.1	ok
NGP Lynx Pants 3	Superior Feline trousers	ng_plus	armor base 67-67;attack_power mult 0.08-0.08;elemental_resistance_perc base 0.15-0.15;piercing_resistance_perc base 0.03-0.03;rending_resistance_perc base 0.05-0.05;slashing_resistance_perc base 0.05-0.05;staminaRegen_armor_mod mult 0.1-0.1	armor base 67-67;attack_power mult 0.08-0.08;elemental_resistance_perc base 0.15-0.15;piercing_resistance_perc base 0.03-0.03;rending_resistance_perc base 0.05-0.05;slashing_resistance_perc base 0.05-0.05;staminaRegen_armor_mod mult 0.1-0.1	ok
Lynx Pants 4	Mastercrafted legendary Feline trousers	ng_plus	armor base 137-137;attack_power mult 0.15-0.15;elemental_resistance_perc base 0.14-0.14;piercing_resistance_perc base 0.08-0.08;rending_resistance_perc base 0.09-0.09;slashing_resistance_perc base 0.1-0.1;staminaRegen_armor_mod mult 0.1-0.1	armor base 137-137;attack_power mult 0.15-0.15;elemental_resistance_perc base 0.14-0.14;piercing_resistance_perc base 0.08-0.08;rending_resistance_perc base 0.09-0.09;slashing_resistance_perc base 0.1-0.1;staminaRegen_armor_mod mult 0.1-0.1	ok
NGP Lynx Pants 4	Mastercrafted Feline trousers	ng_plus	armor base 77-77;attack_power mult 0.1-0.1;elemental_resistance_perc base 0.15-0.15;piercing_resistance_perc base 0.04-0.04;rending_resistance_perc base 0.06-0.06;slashing_resistance_perc base 0.06-0.06;staminaRegen_armor_mod mult 0.1-0.1	armor base 77-77;attack_power mult 0.1-0.1;elemental_resistance_perc base 0.15-0.15;piercing_resistance_perc base 0.04-0.04;rending_resistance_perc base 0.06-0.06;slashing_resistance_perc base 0.06-0.06;staminaRegen_armor_mod mult 0.1-0.1	ok
Lynx Pants 5	Grandmaster legendary Feline trousers	ng_plus	armor base 151-151;attack_power mult 0.17-0.17;elemental_resistance_perc base 0.13-0.13;piercing_resistance_perc base 0.08-0.08;rending_resistance_perc base 0.1-0.1;slashing_resistance_perc base 0.1-0.1;staminaRegen_armor_mod mult 0.1-0.1	armor base 151-151;attack_power mult 0.17-0.17;elemental_resistance_perc base 0.13-0.13;piercing_resistance_perc base 0.08-0.08;rending_resistance_perc base 0.1-0.1;slashing_resistance_perc base 0.1-0.1;staminaRegen_armor_mod mult 0.1-0.1	ok
NGP Lynx Pants 5	Grandmaster Feline trousers	ng_plus	armor base 91-91;attack_power mult 0.12-0.12;elemental_resistance_perc base 0.16-0.16;piercing_resistance_perc base 0.05-0.05;rending_resistance_perc base 0.07-0.07;slashing_resistance_perc base 0.07-0.07;staminaRegen_armor_mod mult 0.1-0.1	armor base 91-91;attack_power mult 0.12-0.12;elemental_resistance_perc base 0.16-0.16;piercing_resistance_perc base 0.05-0.05;rending_resistance_perc base 0.07-0.07;slashing_resistance_perc base 0.07-0.07;staminaRegen_armor_mod mult 0.1-0.1	ok
NGP Netflix Pants	Forgotten Wolven trousers	ng_plus	armor base 49-49;elemental_resistance_perc base 0.15-0.15;rending_resistance_perc base 0.07-0.07;slashing_resistance_perc base 0.06-0.06;spell_power base 0.05-0.05;staminaRegen_armor_mod mult 0.05-0.05	armor base 49-49;elemental_resistance_perc base 0.15-0.15;rending_resistance_perc base 0.07-0.07;slashing_resistance_perc base 0.06-0.06;spell_power base 0.05-0.05;staminaRegen_armor_mod mult 0.05-0.05	ok
Netflix Pants	Legendary forgotten Wolven trousers	ng_plus	armor base 108-108;elemental_resistance_perc base 0.15-0.15;rending_resistance_perc base 0.07-0.07;slashing_resistance_perc base 0.06-0.06;spell_power base 0.05-0.05;staminaRegen_armor_mod mult 0.05-0.05	armor base 108-108;elemental_resistance_perc base 0.15-0.15;rending_resistance_perc base 0.07-0.07;slashing_resistance_perc base 0.06-0.06;spell_power base 0.05-0.05;staminaRegen_armor_mod mult 0.05-0.05	ok
NGP Netflix Pants 1	Mastercrafted forgotten Wolven trousers	ng_plus	armor base 78-78;elemental_resistance_perc base 0.25-0.25;rending_resistance_perc base 0.1-0.1;slashing_resistance_perc base 0.08-0.08;spell_power base 0.1-0.1;staminaRegen_armor_mod mult 0.15-0.15	armor base 78-78;elemental_resistance_perc base 0.25-0.25;rending_resistance_perc base 0.1-0.1;slashing_resistance_perc base 0.08-0.08;spell_power base 0.1-0.1;staminaRegen_armor_mod mult 0.15-0.15	ok
Netflix Pants 1	Mastercrafted legendary forgotten Wolven trousers	ng_plus	armor base 137-137;elemental_resistance_perc base 0.25-0.25;rending_resistance_perc base 0.1-0.1;slashing_resistance_perc base 0.08-0.08;spell_power base 0.1-0.1;staminaRegen_armor_mod mult 0.15-0.15	armor base 137-137;elemental_resistance_perc base 0.25-0.25;rending_resistance_perc base 0.1-0.1;slashing_resistance_perc base 0.08-0.08;spell_power base 0.1-0.1;staminaRegen_armor_mod mult 0.15-0.15	ok
NGP Netflix Pants 2	Grandmaster forgotten Wolven trousers	ng_plus	armor base 92-92;elemental_resistance_perc base 0.25-0.25;rending_resistance_perc base 0.1-0.1;slashing_resistance_perc base 0.08-0.08;spell_power base 0.12-0.12;staminaRegen_armor_mod mult 0.17-0.17	armor base 92-92;elemental_resistance_perc base 0.25-0.25;rending_resistance_perc base 0.1-0.1;slashing_resistance_perc base 0.08-0.08;spell_power base 0.12-0.12;staminaRegen_armor_mod mult 0.17-0.17	ok
Netflix Pants 2	Grandmaster legendary forgotten Wolven trousers	ng_plus	armor base 151-151;elemental_resistance_perc base 0.25-0.25;rending_resistance_perc base 0.1-0.1;slashing_resistance_perc base 0.08-0.08;spell_power base 0.12-0.12;staminaRegen_armor_mod mult 0.17-0.17	armor base 151-151;elemental_resistance_perc base 0.25-0.25;rending_resistance_perc base 0.1-0.1;slashing_resistance_perc base 0.08-0.08;spell_power base 0.12-0.12;staminaRegen_armor_mod mult 0.17-0.17	ok
NGP Red Wolf Pants 1	Manticore trousers	ng_plus	armor base 91-91;critical_hit_chance add 0.05-0.05;elemental_resistance_perc base 0.35-0.35;rending_resistance_perc base 0.08-0.08;slashing_resistance_perc base 0.09-0.09;toxicity base 10-10	armor base 91-91;critical_hit_chance add 0.05-0.05;elemental_resistance_perc base 0.35-0.35;rending_resistance_perc base 0.08-0.08;slashing_resistance_perc base 0.09-0.09;toxicity base 10-10	ok
Red Wolf Pants 1	Legendary Manticore trousers	ng_plus	armor base 151-151;critical_hit_chance add 0.06-0.06;elemental_resistance_perc base 0.45-0.45;rending_resistance_perc base 0.1-0.1;slashing_resistance_perc base 0.12-0.12;toxicity base 5-5	armor base 151-151;critical_hit_chance add 0.06-0.06;elemental_resistance_perc base 0.45-0.45;rending_resistance_perc base 0.1-0.1;slashing_resistance_perc base 0.12-0.12;toxicity base 5-5	ok
EP1 Witcher Pants	Legendary Viper trousers	ng_plus	armor base 149-149;elemental_resistance_perc base 0.1-0.1;piercing_resistance_perc base 0.1-0.1;poison_resistance_perc base 0.3-0.3;rending_resistance_perc base 0.08-0.08;slashing_resistance_perc base 0.1-0.1	armor base 149-149;elemental_resistance_perc base 0.1-0.1;piercing_resistance_perc base 0.1-0.1;poison_resistance_perc base 0.3-0.3;rending_resistance_perc base 0.08-0.08;slashing_resistance_perc base 0.1-0.1	ok
NGP EP1 Witcher Pants	Viper trousers	ng_plus	armor base 89-89;elemental_resistance_perc base 0.1-0.1;piercing_resistance_perc base 0.1-0.1;poison_resistance_perc base 0.3-0.3;rending_resistance_perc base 0.1-0.1;slashing_resistance_perc base 0.1-0.1	armor base 89-89;elemental_resistance_perc base 0.1-0.1;piercing_resistance_perc base 0.1-0.1;poison_resistance_perc base 0.3-0.3;rending_resistance_perc base 0.1-0.1;slashing_resistance_perc base 0.1-0.1	ok
NGP Wolf Pants 1	Legendary Wolven trousers	ng_plus	armor base 97-97;attack_power mult 0.11-0.11;elemental_resistance_perc base 0.33-0.33;rending_resistance_perc base 0.08-0.08;slashing_resistance_perc base 0.09-0.09;spell_power mult 0.11-0.11	armor base 97-97;attack_power mult 0.11-0.11;elemental_resistance_perc base 0.33-0.33;rending_resistance_perc base 0.08-0.08;slashing_resistance_perc base 0.09-0.09;spell_power mult 0.11-0.11	ok
Wolf Pants 1	Wolven trousers	ng_plus	armor base 37-37;attack_power mult 0.05-0.05;elemental_resistance_perc base 0.17-0.17;rending_resistance_perc base 0.05-0.05;slashing_resistance_perc base 0.05-0.05;spell_power mult 0.05-0.05	armor base 37-37;attack_power mult 0.05-0.05;elemental_resistance_perc base 0.17-0.17;rending_resistance_perc base 0.05-0.05;slashing_resistance_perc base 0.05-0.05;spell_power mult 0.05-0.05	ok
NGP Wolf Pants 2	Enhanced legendary Wolven trousers	ng_plus	armor base 111-111;attack_power mult 0.12-0.12;elemental_resistance_perc base 0.37-0.37;rending_resistance_perc base 0.09-0.09;slashing_resistance_perc base 0.1-0.1;spell_power mult 0.12-0.12	armor base 111-111;attack_power mult 0.12-0.12;elemental_resistance_perc base 0.37-0.37;rending_resistance_perc base 0.09-0.09;slashing_resistance_perc base 0.1-0.1;spell_power mult 0.12-0.12	ok
Wolf Pants 2	Enhanced Wolven trousers	ng_plus	armor base 51-51;attack_power mult 0.06-0.06;elemental_resistance_perc base 0.19-0.19;rending_resistance_perc base 0.05-0.05;slashing_resistance_perc base 0.06-0.06;spell_power mult 0.06-0.06	armor base 51-51;attack_power mult 0.06-0.06;elemental_resistance_perc base 0.19-0.19;rending_resistance_perc base 0.05-0.05;slashing_resistance_perc base 0.06-0.06;spell_power mult 0.06-0.06	ok
NGP Wolf Pants 3	Superior legendary Wolven trousers	ng_plus	armor base 127-127;attack_power mult 0.13-0.13;elemental_resistance_perc base 0.41-0.41;rending_resistance_perc base 0.09-0.09;slashing_resistance_perc base 0.11-0.11;spell_power mult 0.13-0.13	armor base 127-127;attack_power mult 0.13-0.13;elemental_resistance_perc base 0.41-0.41;rending_resistance_perc base 0.09-0.09;slashing_resistance_perc base 0.11-0.11;spell_power mult 0.13-0.13	ok
Wolf Pants 3	Superior Wolven trousers	ng_plus	armor base 67-67;attack_power mult 0.08-0.08;elemental_resistance_perc base 0.23-0.23;rending_resistance_perc base 0.06-0.06;slashing_resistance_perc base 0.07-0.07;spell_power mult 0.08-0.08	armor base 67-67;attack_power mult 0.08-0.08;elemental_resistance_perc base 0.23-0.23;rending_resistance_perc base 0.06-0.06;slashing_resistance_perc base 0.07-0.07;spell_power mult 0.08-0.08	ok
NGP Wolf Pants 4	Mastercrafted legendary Wolven trousers	ng_plus	armor base 137-137;attack_power mult 0.15-0.15;elemental_resistance_perc base 0.45-0.45;rending_resistance_perc base 0.1-0.1;slashing_resistance_perc base 0.12-0.12;spell_power mult 0.15-0.15	armor base 137-137;attack_power mult 0.15-0.15;elemental_resistance_perc base 0.45-0.45;rending_resistance_perc base 0.1-0.1;slashing_resistance_perc base 0.12-0.12;spell_power mult 0.15-0.15	ok
Wolf Pants 4	Mastercrafted Wolven trousers	ng_plus	armor base 77-77;attack_power mult 0.1-0.1;elemental_resistance_perc base 0.3-0.3;rending_resistance_perc base 0.07-0.07;slashing_resistance_perc base 0.08-0.08;spell_power mult 0.1-0.1	armor base 77-77;attack_power mult 0.1-0.1;elemental_resistance_perc base 0.3-0.3;rending_resistance_perc base 0.07-0.07;slashing_resistance_perc base 0.08-0.08;spell_power mult 0.1-0.1	ok
NGP Wolf Pants 5	Grandmaster Wolven trousers	ng_plus	armor base 91-91;attack_power mult 0.13-0.13;elemental_resistance_perc base 0.35-0.35;rending_resistance_perc base 0.08-0.08;slashing_resistance_perc base 0.09-0.09;spell_power mult 0.13-0.13	armor base 91-91;attack_power mult 0.13-0.13;elemental_resistance_perc base 0.35-0.35;rending_resistance_perc base 0.08-0.08;slashing_resistance_perc base 0.09-0.09;spell_power mult 0.13-0.13	ok
Wolf Pants 5	Grandmaster legendary Wolven trousers	ng_plus	armor base 151-151;attack_power mult 0.18-0.18;elemental_resistance_perc base 0.45-0.45;rending_resistance_perc base 0.11-0.11;slashing_resistance_perc base 0.12-0.12;spell_power mult 0.18-0.18	armor base 151-151;attack_power mult 0.18-0.18;elemental_resistance_perc base 0.45-0.45;rending_resistance_perc base 0.11-0.11;slashing_resistance_perc base 0.12-0.12;spell_power mult 0.18-0.18	ok
NGP q702_vampire_pants	Tesham Mutna trousers	ng_plus	armor base 87-87;bludgeoning_resistance_perc base 0.1-0.1;burning_resistance_perc base 0.25-0.25;piercing_resistance_perc base 0.12-0.12;rending_resistance_perc base 0.09-0.09;slashing_resistance_perc base 0.12-0.12;staminaRegen_armor_mod mult -0.1--0.1	armor base 87-87;bludgeoning_resistance_perc base 0.1-0.1;burning_resistance_perc base 0.25-0.25;piercing_resistance_perc base 0.12-0.12;rending_resistance_perc base 0.09-0.09;slashing_resistance_perc base 0.12-0.12;staminaRegen_armor_mod mult -0.1--0.1	ok
q702_vampire_pants	Tesham Mutna trousers	ng_plus	armor base 147-147;bludgeoning_resistance_perc base 0.1-0.1;burning_resistance_perc base 0.25-0.25;piercing_resistance_perc base 0.12-0.12;rending_resistance_perc base 0.1-0.1;slashing_resistance_perc base 0.12-0.12;staminaRegen_armor_mod mult -0.1--0.1	armor base 147-147;bludgeoning_resistance_perc base 0.1-0.1;burning_resistance_perc base 0.25-0.25;piercing_resistance_perc base 0.12-0.12;rending_resistance_perc base 0.1-0.1;slashing_resistance_perc base 0.12-0.12;staminaRegen_armor_mod mult -0.1--0.1	ok
q704_vampire_pants	Hen Gaidth trousers	ng_plus	bludgeoning_resistance_perc base 0.12-0.12;burning_resistance_perc base 0.25-0.25;item_level_max add 100-100;item_level_min add 40-40;piercing_resistance_perc base 0.16-0.16;rending_resistance_perc base 0.12-0.12;slashing_resistance_perc base 0.14-0.14;staminaRegen_armor_mod mult -0.1--0.1	bludgeoning_resistance_perc base 0.12-0.12;burning_resistance_perc base 0.25-0.25;item_level_max add 100-100;item_level_min add 40-40;piercing_resistance_perc base 0.16-0.16;rending_resistance_perc base 0.12-0.12;slashing_resistance_perc base 0.14-0.14;staminaRegen_armor_mod mult -0.1--0.1	ok
Scarlet Crest Trousers	Scarlet Crest trousers	ng_plus	armor base 87-87;bludgeoning_resistance_perc base 0.09-0.09;focus_gain base 0.06-0.06;piercing_resistance_perc base 0.06-0.06;slashing_resistance_perc base 0.05-0.05;spell_power_quen mult 0.12-0.12	armor base 87-87;bludgeoning_resistance_perc base 0.09-0.09;focus_gain base 0.06-0.06;piercing_resistance_perc base 0.06-0.06;slashing_resistance_perc base 0.05-0.05;spell_power_quen mult 0.12-0.12	ok
Dol Blathanna Pants	Trousers of a Thousand Flowers	ng_plus	armor base 80-80;bludgeoning_resistance_perc base 0.03-0.03;piercing_resistance_perc base 0.03-0.03;rending_resistance_perc base 0.08-0.08;slashing_resistance_perc base 0.08-0.08	armor base 80-80;bludgeoning_resistance_perc base 0.03-0.03;piercing_resistance_perc base 0.03-0.03;rending_resistance_perc base 0.08-0.08;slashing_resistance_perc base 0.08-0.08	ok
NGP Dol Blathanna Pants	Trousers of a Thousand Flowers	ng_plus	armor base 21-21;bludgeoning_resistance_perc base 0.01-0.01;piercing_resistance_perc base 0.02-0.02;rending_resistance_perc base 0.04-0.04;slashing_resistance_perc base 0.04-0.04	armor base 21-21;bludgeoning_resistance_perc base 0.01-0.01;piercing_resistance_perc base 0.02-0.02;rending_resistance_perc base 0.04-0.04;slashing_resistance_perc base 0.04-0.04	ok
NGP White Tiger Pants	White Tiger of the West trousers	ng_plus	armor base 30-30;bludgeoning_resistance_perc base 0.03-0.03;focus_gain base 0.05-0.05;piercing_resistance_perc base 0.03-0.03;rending_resistance_perc base 0.06-0.06;slashing_resistance_perc base 0.06-0.06	armor base 30-30;bludgeoning_resistance_perc base 0.03-0.03;focus_gain base 0.05-0.05;piercing_resistance_perc base 0.03-0.03;rending_resistance_perc base 0.06-0.06;slashing_resistance_perc base 0.06-0.06	ok
White Tiger Pants	White Tiger of the West trousers	ng_plus	armor base 87-87;bludgeoning_resistance_perc base 0.08-0.08;focus_gain base 0.1-0.1;piercing_resistance_perc base 0.08-0.08;rending_resistance_perc base 0.12-0.12;slashing_resistance_perc base 0.13-0.13	armor base 87-87;bludgeoning_resistance_perc base 0.08-0.08;focus_gain base 0.1-0.1;piercing_resistance_perc base 0.08-0.08;rending_resistance_perc base 0.12-0.12;slashing_resistance_perc base 0.13-0.13	ok
DLC1 Temerian Pants	Temerian Trousers	ng_plus	armor base 15-15;bludgeoning_resistance_perc base 0.05-0.05;elemental_resistance_perc base 0.03-0.03;piercing_resistance_perc base 0.05-0.05;rending_resistance_perc base 0.03-0.03;slashing_resistance_perc base 0.05-0.05;staminaRegen_armor_mod mult 0.1-0.1	armor base 15-15;bludgeoning_resistance_perc base 0.05-0.05;elemental_resistance_perc base 0.03-0.03;piercing_resistance_perc base 0.05-0.05;rending_resistance_perc base 0.03-0.03;slashing_resistance_perc base 0.05-0.05;staminaRegen_armor_mod mult 0.1-0.1	ok
DLC14 Skellige Pants	Undvik Trousers	ng_plus	armor base 39-39;bludgeoning_resistance_perc base 0.1-0.1;elemental_resistance_perc base 0.03-0.03;piercing_resistance_perc base 0.1-0.1;rending_resistance_perc base 0.03-0.03;slashing_resistance_perc base 0.1-0.1;staminaRegen_armor_mod mult -0.1--0.1	armor base 39-39;bludgeoning_resistance_perc base 0.1-0.1;elemental_resistance_perc base 0.03-0.03;piercing_resistance_perc base 0.1-0.1;rending_resistance_perc base 0.03-0.03;slashing_resistance_perc base 0.1-0.1;staminaRegen_armor_mod mult -0.1--0.1	ok
DLC5 Nilfgaardian Pants	Nilfgaardian Trousers	ng_plus	armor base 27-27;bludgeoning_resistance_perc base 0.1-0.1;elemental_resistance_perc base 0.03-0.03;piercing_resistance_perc base 0.1-0.1;rending_resistance_perc base 0.03-0.03;slashing_resistance_perc base 0.1-0.1	armor base 27-27;bludgeoning_resistance_perc base 0.1-0.1;elemental_resistance_perc base 0.03-0.03;piercing_resistance_perc base 0.1-0.1;rending_resistance_perc base 0.03-0.03;slashing_resistance_perc base 0.1-0.1	ok
NGP DLC1 Temerian Pants	Temerian Trousers	ng_plus	armor base 75-75;bludgeoning_resistance_perc base 0.1-0.1;elemental_resistance_perc base 0.08-0.08;piercing_resistance_perc base 0.1-0.1;rending_resistance_perc base 0.08-0.08;slashing_resistance_perc base 0.1-0.1;staminaRegen_armor_mod mult 0.1-0.1	armor base 75-75;bludgeoning_resistance_perc base 0.1-0.1;elemental_resistance_perc base 0.08-0.08;piercing_resistance_perc base 0.1-0.1;rending_resistance_perc base 0.08-0.08;slashing_resistance_perc base 0.1-0.1;staminaRegen_armor_mod mult 0.1-0.1	ok
NGP DLC14 Skellige Pants	Undvik Trousers	ng_plus	armor base 99-99;bludgeoning_resistance_perc base 0.15-0.15;elemental_resistance_perc base 0.08-0.08;piercing_resistance_perc base 0.15-0.15;rending_resistance_perc base 0.08-0.08;slashing_resistance_perc base 0.15-0.15;staminaRegen_armor_mod mult -0.1--0.1	armor base 99-99;bludgeoning_resistance_perc base 0.15-0.15;elemental_resistance_perc base 0.08-0.08;piercing_resistance_perc base 0.15-0.15;rending_resistance_perc base 0.08-0.08;slashing_resistance_perc base 0.15-0.15;staminaRegen_armor_mod mult -0.1--0.1	ok
NGP DLC5 Nilfgaardian Pants	Nilfgaardian Trousers	ng_plus	armor base 87-87;bludgeoning_resistance_perc base 0.15-0.15;elemental_resistance_perc base 0.08-0.08;piercing_resistance_perc base 0.15-0.15;rending_resistance_perc base 0.08-0.08;slashing_resistance_perc base 0.15-0.15	armor base 87-87;bludgeoning_resistance_perc base 0.15-0.15;elemental_resistance_perc base 0.08-0.08;piercing_resistance_perc base 0.15-0.15;rending_resistance_perc base 0.08-0.08;slashing_resistance_perc base 0.15-0.15	ok
Crafted Ofir Pants	Ofieri sharovary	ng_plus	armor base 145-145;bludgeoning_resistance_perc base 0.1-0.1;slashing_resistance_perc base 0.1-0.1;spell_power_aard mult 0.2-0.2;spell_power_quen mult 0.1-0.1;spell_power_yrden mult 0.1-0.1;staminaRegen_armor_mod mult 0.1-0.1	armor base 145-145;bludgeoning_resistance_perc base 0.1-0.1;slashing_resistance_perc base 0.1-0.1;spell_power_aard mult 0.2-0.2;spell_power_quen mult 0.1-0.1;spell_power_yrden mult 0.1-0.1;staminaRegen_armor_mod mult 0.1-0.1	ok
Guard Lvl1 A Pants 3	Toussaint Color Guardsman's trousers	ng_plus	armor base 153-153;bleeding_resistance_perc base 0.2-0.2;bludgeoning_resistance_perc base 0.11-0.11;piercing_resistance_perc base 0.08-0.08;slashing_resistance_perc base 0.11-0.11;staminaRegen_armor_mod mult 0.1-0.1;vitality base 300-300	armor base 153-153;bleeding_resistance_perc base 0.2-0.2;bludgeoning_resistance_perc base 0.11-0.11;piercing_resistance_perc base 0.08-0.08;slashing_resistance_perc base 0.11-0.11;staminaRegen_armor_mod mult 0.1-0.1;vitality base 300-300	ok
Guard Lvl1 Pants 3	Toussaint Ducal Guardsman's trousers	ng_plus	armor base 151-151;bleeding_resistance_perc base 0.15-0.15;bludgeoning_resistance_perc base 0.1-0.1;piercing_resistance_perc base 0.05-0.05;slashing_resistance_perc base 0.1-0.1;staminaRegen_armor_mod mult 0.1-0.1;vitality base 250-250	armor base 151-151;bleeding_resistance_perc base 0.15-0.15;bludgeoning_resistance_perc base 0.1-0.1;piercing_resistance_perc base 0.05-0.05;slashing_resistance_perc base 0.1-0.1;staminaRegen_armor_mod mult 0.1-0.1;vitality base 250-250	ok
Guard Lvl2 A Pants 3	Toussaint Ducal Guard Captain's trousers	ng_plus	armor base 159-159;bludgeoning_resistance_perc base 0.11-0.11;piercing_resistance_perc base 0.11-0.11;poison_resistance_perc base 0.2-0.2;slashing_resistance_perc base 0.16-0.16;vitality base 400-400	armor base 159-159;bludgeoning_resistance_perc base 0.11-0.11;piercing_resistance_perc base 0.11-0.11;poison_resistance_perc base 0.2-0.2;slashing_resistance_perc base 0.16-0.16;vitality base 400-400	ok
Guard Lvl2 Pants 3	Toussaint Ducal Guard Officer's trousers	ng_plus	armor base 157-157;bludgeoning_resistance_perc base 0.1-0.1;piercing_resistance_perc base 0.1-0.1;poison_resistance_perc base 0.15-0.15;slashing_resistance_perc base 0.15-0.15;vitality base 350-350	armor base 157-157;bludgeoning_resistance_perc base 0.1-0.1;piercing_resistance_perc base 0.1-0.1;poison_resistance_perc base 0.15-0.15;slashing_resistance_perc base 0.15-0.15;vitality base 350-350	ok
Heavy pants 04	Mahakaman trousers	ng_plus	bludgeoning_resistance_perc base 0.1-0.1;elemental_resistance_perc base 0.0-0.0;piercing_resistance_perc base 0.1-0.1;rending_resistance_perc base 0.0-0.0;slashing_resistance_perc base 0.15-0.15;staminaRegen_armor_mod mult -0.1--0.1;vitality base 150-400	bludgeoning_resistance_perc base 0.1-0.1;elemental_resistance_perc base 0.0-0.0;piercing_resistance_perc base 0.1-0.1;rending_resistance_perc base 0.0-0.0;slashing_resistance_perc base 0.15-0.15;staminaRegen_armor_mod mult -0.1--0.1;vitality base 150-400	ok
Knight Geralt A Pants 3	Toussaint knight's tourney trousers	ng_plus	armor base 165-165;bludgeoning_resistance_perc base 0.16-0.16;burning_resistance_perc add 0.4-0.4;piercing_resistance_perc base 0.16-0.16;slashing_resistance_perc base 0.16-0.16;staminaRegen_armor_mod mult 0.1-0.1;vitality base 500-500	armor base 165-165;bludgeoning_resistance_perc base 0.16-0.16;burning_resistance_perc add 0.4-0.4;piercing_resistance_perc base 0.16-0.16;slashing_resistance_perc base 0.16-0.16;staminaRegen_armor_mod mult 0.1-0.1;vitality base 500-500	ok
Knight Geralt Pants 3	Toussaint knight's trousers	ng_plus	armor base 163-163;bludgeoning_resistance_perc base 0.15-0.15;piercing_resistance_perc base 0.15-0.15;poison_resistance_perc base 0.25-0.25;slashing_resistance_perc base 0.16-0.16;staminaRegen_armor_mod mult 0.1-0.1;vitality base 450-450	armor base 163-163;bludgeoning_resistance_perc base 0.15-0.15;piercing_resistance_perc base 0.15-0.15;poison_resistance_perc base 0.25-0.25;slashing_resistance_perc base 0.16-0.16;staminaRegen_armor_mod mult 0.1-0.1;vitality base 450-450	ok
NGP Crafted Ofir Pants	Ofieri sharovary	ng_plus	armor base 85-85;bludgeoning_resistance_perc base 0.1-0.1;slashing_resistance_perc base 0.1-0.1;spell_power_aard mult 0.2-0.2;spell_power_quen mult 0.1-0.1;spell_power_yrden mult 0.1-0.1;staminaRegen_armor_mod mult 0.1-0.1	armor base 85-85;bludgeoning_resistance_perc base 0.1-0.1;slashing_resistance_perc base 0.1-0.1;spell_power_aard mult 0.2-0.2;spell_power_quen mult 0.1-0.1;spell_power_yrden mult 0.1-0.1;staminaRegen_armor_mod mult 0.1-0.1	ok
NGP Guard Lvl1 A Pants 3	Toussaint Color Guardsman's trousers	ng_plus	armor base 93-93;bleeding_resistance_perc base 0.2-0.2;bludgeoning_resistance_perc base 0.11-0.11;piercing_resistance_perc base 0.08-0.08;slashing_resistance_perc base 0.11-0.11;staminaRegen_armor_mod mult 0.1-0.1;vitality base 300-300	armor base 93-93;bleeding_resistance_perc base 0.2-0.2;bludgeoning_resistance_perc base 0.11-0.11;piercing_resistance_perc base 0.08-0.08;slashing_resistance_perc base 0.11-0.11;staminaRegen_armor_mod mult 0.1-0.1;vitality base 300-300	ok
NGP Guard Lvl1 Pants 3	Toussaint Ducal Guardsman's trousers	ng_plus	armor base 91-91;bleeding_resistance_perc base 0.15-0.15;bludgeoning_resistance_perc base 0.1-0.1;piercing_resistance_perc base 0.05-0.05;slashing_resistance_perc base 0.1-0.1;staminaRegen_armor_mod mult 0.1-0.1;vitality base 250-250	armor base 91-91;bleeding_resistance_perc base 0.15-0.15;bludgeoning_resistance_perc base 0.1-0.1;piercing_resistance_perc base 0.05-0.05;slashing_resistance_perc base 0.1-0.1;staminaRegen_armor_mod mult 0.1-0.1;vitality base 250-250	ok
NGP Guard Lvl2 A Pants 3	Toussaint Ducal Guard Captain's trousers	ng_plus	armor base 99-99;bludgeoning_resistance_perc base 0.11-0.11;piercing_resistance_perc base 0.11-0.11;poison_resistance_perc base 0.2-0.2;slashing_resistance_perc base 0.16-0.16;vitality base 400-400	armor base 99-99;bludgeoning_resistance_perc base 0.11-0.11;piercing_resistance_perc base 0.11-0.11;poison_resistance_perc base 0.2-0.2;slashing_resistance_perc base 0.16-0.16;vitality base 400-400	ok
NGP Guard Lvl2 Pants 3	Toussaint Ducal Guard Officer's trousers	ng_plus	armor base 97-97;bludgeoning_resistance_perc base 0.1-0.1;piercing_resistance_perc base 0.1-0.1;poison_resistance_perc base 0.15-0.15;slashing_resistance_perc base 0.15-0.15;vitality base 350-350	armor base 97-97;bludgeoning_resistance_perc base 0.1-0.1;piercing_resistance_perc base 0.1-0.1;poison_resistance_perc base 0.15-0.15;slashing_resistance_perc base 0.15-0.15;vitality base 350-350	ok
NGP Knight Geralt A Pants 3	Toussaint knight's tourney trousers	ng_plus	armor base 105-105;bludgeoning_resistance_perc base 0.16-0.16;burning_resistance_perc add 0.4-0.4;piercing_resistance_perc base 0.16-0.16;slashing_resistance_perc base 0.16-0.16;staminaRegen_armor_mod mult 0.1-0.1;vitality base 500-500	armor base 105-105;bludgeoning_resistance_perc base 0.16-0.16;burning_resistance_perc add 0.4-0.4;piercing_resistance_perc base 0.16-0.16;slashing_resistance_perc base 0.16-0.16;staminaRegen_armor_mod mult 0.1-0.1;vitality base 500-500	ok
NGP Knight Geralt Pants 3	Toussaint knight's trousers	ng_plus	armor base 103-103;bludgeoning_resistance_perc base 0.15-0.15;piercing_resistance_perc base 0.15-0.15;poison_resistance_perc base 0.25-0.25;slashing_resistance_perc base 0.16-0.16;staminaRegen_armor_mod mult 0.1-0.1;vitality base 450-450	armor base 103-103;bludgeoning_resistance_perc base 0.15-0.15;piercing_resistance_perc base 0.15-0.15;poison_resistance_perc base 0.25-0.25;slashing_resistance_perc base 0.16-0.16;staminaRegen_armor_mod mult 0.1-0.1;vitality base 450-450	ok
Pants 04	Assassin's trousers	ng_plus	bludgeoning_resistance_perc base 0.05-0.05;elemental_resistance_perc base 0.0-0.0;piercing_resistance_perc base 0.05-0.05;rending_resistance_perc base 0.0-0.0;slashing_resistance_perc base 0.15-0.15;staminaRegen_armor_mod mult 0.1-0.1;vitality base 150-200	bludgeoning_resistance_perc base 0.05-0.05;elemental_resistance_perc base 0.0-0.0;piercing_resistance_perc base 0.05-0.05;rending_resistance_perc base 0.0-0.0;slashing_resistance_perc base 0.15-0.15;staminaRegen_armor_mod mult 0.1-0.1;vitality base 150-200	ok
Thief Pants	New Moon trousers	ng_plus	bludgeoning_resistance_perc base 0.1-0.1;bonus_money add 0.05-0.05;critical_hit_chance add 0.04-0.04;critical_hit_damage_bonus add 0.2-0.2;item_level_max add 36-36;item_level_min add 34-34;slashing_resistance_perc base 0.15-0.15	bludgeoning_resistance_perc base 0.1-0.1;bonus_money add 0.05-0.05;critical_hit_chance add 0.04-0.04;critical_hit_damage_bonus add 0.2-0.2;item_level_max add 36-36;item_level_min add 34-34;slashing_resistance_perc base 0.15-0.15	ok
Toussaint Pants 3	Toussaint trousers	ng_plus	bleeding_resistance_perc base 0.25-0.25;bludgeoning_resistance_perc base 0.15-0.15;item_level_max add 100-100;item_level_min add 40-40;piercing_resistance_perc base 0.15-0.15;slashing_resistance_perc base 0.16-0.16;staminaRegen_armor_mod mult -0.1--0.1;vitality base 450-450	bleeding_resistance_perc base 0.25-0.25;bludgeoning_resistance_perc base 0.15-0.15;item_level_max add 100-100;item_level_min add 40-40;piercing_resistance_perc base 0.15-0.15;slashing_resistance_perc base 0.16-0.16;staminaRegen_armor_mod mult -0.1--0.1;vitality base 450-450	ok
Bear Boots 1	Legendary Ursine boots	ng_plus	armor base 109-109;bludgeoning_resistance_perc base 0.06-0.06;focus_gain base 0.11-0.11;piercing_resistance_perc base 0.06-0.06;rending_resistance_perc base 0.04-0.04;slashing_resistance_perc base 0.06-0.06;staminaRegen_armor_mod mult -0.03--0.03	armor base 109-109;bludgeoning_resistance_perc base 0.06-0.06;focus_gain base 0.11-0.11;piercing_resistance_perc base 0.06-0.06;rending_resistance_perc base 0.04-0.04;slashing_resistance_perc base 0.06-0.06;staminaRegen_armor_mod mult -0.03--0.03	ok
NGP Bear Boots 1	Ursine boots	ng_plus	armor base 49-49;bludgeoning_resistance_perc base 0.02-0.02;focus_gain base 0.05-0.05;piercing_resistance_perc base 0.02-0.02;rending_resistance_perc base 0.02-0.02;slashing_resistance_perc base 0.02-0.02;staminaRegen_armor_mod mult -0.03--0.03	armor base 49-49;bludgeoning_resistance_perc base 0.02-0.02;focus_gain base 0.05-0.05;piercing_resistance_perc base 0.02-0.02;rending_resistance_perc base 0.02-0.02;slashing_resistance_perc base 0.02-0.02;staminaRegen_armor_mod mult -0.03--0.03	ok
Bear Boots 2	Enhanced legendary Ursine boots	ng_plus	armor base 119-119;bludgeoning_resistance_perc base 0.07-0.07;focus_gain add 0.12-0.12;piercing_resistance_perc base 0.07-0.07;rending_resistance_perc base 0.04-0.04;slashing_resistance_perc base 0.07-0.07;staminaRegen_armor_mod mult -0.03--0.03	armor base 119-119;bludgeoning_resistance_perc base 0.07-0.07;focus_gain add 0.12-0.12;piercing_resistance_perc base 0.07-0.07;rending_resistance_perc base 0.04-0.04;slashing_resistance_perc base 0.07-0.07;staminaRegen_armor_mod mult -0.03--0.03	ok
NGP Bear Boots 2	Enhanced Ursine boots	ng_plus	armor base 59-59;bludgeoning_resistance_perc base 0.03-0.03;focus_gain add 0.06-0.06;piercing_resistance_perc base 0.03-0.03;rending_resistance_perc base 0.02-0.02;slashing_resistance_perc base 0.03-0.03;staminaRegen_armor_mod mult -0.03--0.03	armor base 59-59;bludgeoning_resistance_perc base 0.03-0.03;focus_gain add 0.06-0.06;piercing_resistance_perc base 0.03-0.03;rending_resistance_perc base 0.02-0.02;slashing_resistance_perc base 0.03-0.03;staminaRegen_armor_mod mult -0.03--0.03	ok
Bear Boots 3	Superior legendary Ursine boots	ng_plus	armor base 129-129;bludgeoning_resistance_perc base 0.08-0.08;focus_gain add 0.13-0.13;piercing_resistance_perc base 0.07-0.07;rending_resistance_perc base 0.05-0.05;slashing_resistance_perc base 0.07-0.07;staminaRegen_armor_mod mult -0.03--0.03	armor base 129-129;bludgeoning_resistance_perc base 0.08-0.08;focus_gain add 0.13-0.13;piercing_resistance_perc base 0.07-0.07;rending_resistance_perc base 0.05-0.05;slashing_resistance_perc base 0.07-0.07;staminaRegen_armor_mod mult -0.03--0.03	ok
NGP Bear Boots 3	Superior Ursine boots	ng_plus	armor base 69-69;bludgeoning_resistance_perc base 0.04-0.04;focus_gain add 0.08-0.08;piercing_resistance_perc base 0.04-0.04;rending_resistance_perc base 0.03-0.03;slashing_resistance_perc base 0.04-0.04;staminaRegen_armor_mod mult -0.03--0.03	armor base 69-69;bludgeoning_resistance_perc base 0.04-0.04;focus_gain add 0.08-0.08;piercing_resistance_perc base 0.04-0.04;rending_resistance_perc base 0.03-0.03;slashing_resistance_perc base 0.04-0.04;staminaRegen_armor_mod mult -0.03--0.03	ok
Bear Boots 4	Mastercrafted legendary Ursine boots	ng_plus	armor base 137-137;bludgeoning_resistance_perc base 0.1-0.1;focus_gain add 0.15-0.15;piercing_resistance_perc base 0.08-0.08;rending_resistance_perc base 0.05-0.05;slashing_resistance_perc base 0.08-0.08;staminaRegen_armor_mod mult -0.03--0.03	armor base 137-137;bludgeoning_resistance_perc base 0.1-0.1;focus_gain add 0.15-0.15;piercing_resistance_perc base 0.08-0.08;rending_resistance_perc base 0.05-0.05;slashing_resistance_perc base 0.08-0.08;staminaRegen_armor_mod mult -0.03--0.03	ok
NGP Bear Boots 4	Mastercrafted Ursine boots	ng_plus	armor base 77-77;bludgeoning_resistance_perc base 0.05-0.05;focus_gain add 0.1-0.1;piercing_resistance_perc base 0.05-0.05;rending_resistance_perc base 0.03-0.03;slashing_resistance_perc base 0.05-0.05;staminaRegen_armor_mod mult -0.03--0.03	armor base 77-77;bludgeoning_resistance_perc base 0.05-0.05;focus_gain add 0.1-0.1;piercing_resistance_perc base 0.05-0.05;rending_resistance_perc base 0.03-0.03;slashing_resistance_perc base 0.05-0.05;staminaRegen_armor_mod mult -0.03--0.03	ok
Bear Boots 5	Grandmaster legendary Ursine boots	ng_plus	armor base 151-151;bludgeoning_resistance_perc base 0.1-0.1;focus_gain add 0.17-0.17;piercing_resistance_perc base 0.08-0.08;rending_resistance_perc base 0.06-0.06;slashing_resistance_perc base 0.08-0.08;staminaRegen_armor_mod mult -0.03--0.03	armor base 151-151;bludgeoning_resistance_perc base 0.1-0.1;focus_gain add 0.17-0.17;piercing_resistance_perc base 0.08-0.08;rending_resistance_perc base 0.06-0.06;slashing_resistance_perc base 0.08-0.08;staminaRegen_armor_mod mult -0.03--0.03	ok
NGP Bear Boots 5	Grandmaster Ursine boots	ng_plus	armor base 91-91;bludgeoning_resistance_perc base 0.05-0.05;focus_gain add 0.11-0.11;piercing_resistance_perc base 0.06-0.06;rending_resistance_perc base 0.04-0.04;slashing_resistance_perc base 0.06-0.06;staminaRegen_armor_mod mult -0.03--0.03	armor base 91-91;bludgeoning_resistance_perc base 0.05-0.05;focus_gain add 0.11-0.11;piercing_resistance_perc base 0.06-0.06;rending_resistance_perc base 0.04-0.04;slashing_resistance_perc base 0.06-0.06;staminaRegen_armor_mod mult -0.03--0.03	ok
Gryphon Boots 1	Legendary Griffin boots	ng_plus	armor base 91-91;bludgeoning_resistance_perc base 0.05-0.05;piercing_resistance_perc base 0.05-0.05;rending_resistance_perc base 0.04-0.04;slashing_resistance_perc base 0.06-0.06;spell_power mult 0.11-0.11	armor base 91-91;bludgeoning_resistance_perc base 0.05-0.05;piercing_resistance_perc base 0.05-0.05;rending_resistance_perc base 0.04-0.04;slashing_resistance_perc base 0.06-0.06;spell_power mult 0.11-0.11	ok
NGP Gryphon Boots 1	Griffin boots	ng_plus	armor base 31-31;bludgeoning_resistance_perc base 0.01-0.01;piercing_resistance_perc base 0.01-0.01;rending_resistance_perc base 0.02-0.02;slashing_resistance_perc base 0.02-0.02;spell_power mult 0.05-0.05	armor base 31-31;bludgeoning_resistance_perc base 0.01-0.01;piercing_resistance_perc base 0.01-0.01;rending_resistance_perc base 0.02-0.02;slashing_resistance_perc base 0.02-0.02;spell_power mult 0.05-0.05	ok
Gryphon Boots 2	Enhanced legendary Griffin boots	ng_plus	armor base 105-105;bludgeoning_resistance_perc base 0.06-0.06;piercing_resistance_perc base 0.06-0.06;rending_resistance_perc base 0.04-0.04;slashing_resistance_perc base 0.07-0.07;spell_power mult 0.12-0.12	armor base 105-105;bludgeoning_resistance_perc base 0.06-0.06;piercing_resistance_perc base 0.06-0.06;rending_resistance_perc base 0.04-0.04;slashing_resistance_perc base 0.07-0.07;spell_power mult 0.12-0.12	ok
NGP Gryphon Boots 2	Enhanced Griffin boots	ng_plus	armor base 45-45;bludgeoning_resistance_perc base 0.02-0.02;piercing_resistance_perc base 0.02-0.02;rending_resistance_perc base 0.02-0.02;slashing_resistance_perc base 0.03-0.03;spell_power mult 0.06-0.06	armor base 45-45;bludgeoning_resistance_perc base 0.02-0.02;piercing_resistance_perc base 0.02-0.02;rending_resistance_perc base 0.02-0.02;slashing_resistance_perc base 0.03-0.03;spell_power mult 0.06-0.06	ok
Gryphon Boots 3	Superior legendary Griffin boots	ng_plus	armor base 121-121;bludgeoning_resistance_perc base 0.06-0.06;piercing_resistance_perc base 0.06-0.06;rending_resistance_perc base 0.05-0.05;slashing_resistance_perc base 0.07-0.07;spell_power mult 0.13-0.13	armor base 121-121;bludgeoning_resistance_perc base 0.06-0.06;piercing_resistance_perc base 0.06-0.06;rending_resistance_perc base 0.05-0.05;slashing_resistance_perc base 0.07-0.07;spell_power mult 0.13-0.13	ok
NGP Gryphon Boots 3	Superior Griffin boots	ng_plus	armor base 61-61;bludgeoning_resistance_perc base 0.03-0.03;piercing_resistance_perc base 0.03-0.03;rending_resistance_perc base 0.03-0.03;slashing_resistance_perc base 0.04-0.04;spell_power mult 0.08-0.08	armor base 61-61;bludgeoning_resistance_perc base 0.03-0.03;piercing_resistance_perc base 0.03-0.03;rending_resistance_perc base 0.03-0.03;slashing_resistance_perc base 0.04-0.04;spell_power mult 0.08-0.08	ok
Gryphon Boots 4	Mastercrafted legendary Griffin boots	ng_plus	armor base 137-137;bludgeoning_resistance_perc base 0.07-0.07;piercing_resistance_perc base 0.07-0.07;rending_resistance_perc base 0.05-0.05;slashing_resistance_perc base 0.08-0.08;spell_power mult 0.15-0.15	armor base 137-137;bludgeoning_resistance_perc base 0.07-0.07;piercing_resistance_perc base 0.07-0.07;rending_resistance_perc base 0.05-0.05;slashing_resistance_perc base 0.08-0.08;spell_power mult 0.15-0.15	ok
NGP Gryphon Boots 4	Mastercrafted Griffin boots	ng_plus	armor base 77-77;bludgeoning_resistance_perc base 0.04-0.04;piercing_resistance_perc base 0.04-0.04;rending_resistance_perc base 0.03-0.03;slashing_resistance_perc base 0.05-0.05;spell_power mult 0.1-0.1	armor base 77-77;bludgeoning_resistance_perc base 0.04-0.04;piercing_resistance_perc base 0.04-0.04;rending_resistance_perc base 0.03-0.03;slashing_resistance_perc base 0.05-0.05;spell_power mult 0.1-0.1	ok
Gryphon Boots 5	Grandmaster legendary Griffin boots	ng_plus	armor base 151-151;bludgeoning_resistance_perc base 0.07-0.07;piercing_resistance_perc base 0.07-0.07;rending_resistance_perc base 0.06-0.06;slashing_resistance_perc base 0.08-0.08;spell_power mult 0.17-0.17	armor base 151-151;bludgeoning_resistance_perc base 0.07-0.07;piercing_resistance_perc base 0.07-0.07;rending_resistance_perc base 0.06-0.06;slashing_resistance_perc base 0.08-0.08;spell_power mult 0.17-0.17	ok
NGP Gryphon Boots 5	Grandmaster Griffin boots	ng_plus	armor base 91-91;bludgeoning_resistance_perc base 0.05-0.05;piercing_resistance_perc base 0.05-0.05;rending_resistance_perc base 0.04-0.04;slashing_resistance_perc base 0.06-0.06;spell_power mult 0.12-0.12	armor base 91-91;bludgeoning_resistance_perc base 0.05-0.05;piercing_resistance_perc base 0.05-0.05;rending_resistance_perc base 0.04-0.04;slashing_resistance_perc base 0.06-0.06;spell_power mult 0.12-0.12	ok
Lynx Boots 1	Legendary Feline boots	ng_plus	armor base 103-103;attack_power mult 0.11-0.11;elemental_resistance_perc base 0.05-0.05;piercing_resistance_perc base 0.05-0.05;rending_resistance_perc base 0.03-0.03;slashing_resistance_perc base 0.06-0.06;staminaRegen_armor_mod mult 0.03-0.03	armor base 103-103;attack_power mult 0.11-0.11;elemental_resistance_perc base 0.05-0.05;piercing_resistance_perc base 0.05-0.05;rending_resistance_perc base 0.03-0.03;slashing_resistance_perc base 0.06-0.06;staminaRegen_armor_mod mult 0.03-0.03	ok
NGP Lynx Boots 1	Feline boots	ng_plus	armor base 43-43;attack_power mult 0.05-0.05;elemental_resistance_perc base 0.05-0.05;piercing_resistance_perc base 0.01-0.01;rending_resistance_perc base 0.01-0.01;slashing_resistance_perc base 0.02-0.02;staminaRegen_armor_mod mult 0.03-0.03	armor base 43-43;attack_power mult 0.05-0.05;elemental_resistance_perc base 0.05-0.05;piercing_resistance_perc base 0.01-0.01;rending_resistance_perc base 0.01-0.01;slashing_resistance_perc base 0.02-0.02;staminaRegen_armor_mod mult 0.03-0.03	ok
Lynx Boots 2	Enhanced legendary Feline boots	ng_plus	armor base 115-115;attack_power mult 0.12-0.12;elemental_resistance_perc base 0.06-0.06;piercing_resistance_perc base 0.05-0.05;rending_resistance_perc base 0.03-0.03;slashing_resistance_perc base 0.07-0.07;staminaRegen_armor_mod mult 0.03-0.03	armor base 115-115;attack_power mult 0.12-0.12;elemental_resistance_perc base 0.06-0.06;piercing_resistance_perc base 0.05-0.05;rending_resistance_perc base 0.03-0.03;slashing_resistance_perc base 0.07-0.07;staminaRegen_armor_mod mult 0.03-0.03	ok
NGP Lynx Boots 2	Enhanced Feline boots	ng_plus	armor base 55-55;attack_power mult 0.06-0.06;elemental_resistance_perc base 0.05-0.05;piercing_resistance_perc base 0.02-0.02;rending_resistance_perc base 0.01-0.01;slashing_resistance_perc base 0.03-0.03;staminaRegen_armor_mod mult 0.03-0.03	armor base 55-55;attack_power mult 0.06-0.06;elemental_resistance_perc base 0.05-0.05;piercing_resistance_perc base 0.02-0.02;rending_resistance_perc base 0.01-0.01;slashing_resistance_perc base 0.03-0.03;staminaRegen_armor_mod mult 0.03-0.03	ok
Lynx Boots 3	Superior legendary Feline boots	ng_plus	armor base 127-127;attack_power mult 0.13-0.13;elemental_resistance_perc base 0.06-0.06;piercing_resistance_perc base 0.06-0.06;rending_resistance_perc base 0.04-0.04;slashing_resistance_perc base 0.07-0.07;staminaRegen_armor_mod mult 0.03-0.03	armor base 127-127;attack_power mult 0.13-0.13;elemental_resistance_perc base 0.06-0.06;piercing_resistance_perc base 0.06-0.06;rending_resistance_perc base 0.04-0.04;slashing_resistance_perc base 0.07-0.07;staminaRegen_armor_mod mult 0.03-0.03	ok
NGP Lynx Boots 3	Superior Feline boots	ng_plus	armor base 67-67;attack_power mult 0.08-0.08;elemental_resistance_perc base 0.05-0.05;piercing_resistance_perc base 0.03-0.03;rending_resistance_perc base 0.02-0.02;slashing_resistance_perc base 0.04-0.04;staminaRegen_armor_mod mult 0.03-0.03	armor base 67-67;attack_power mult 0.08-0.08;elemental_resistance_perc base 0.05-0.05;piercing_resistance_perc base 0.03-0.03;rending_resistance_perc base 0.02-0.02;slashing_resistance_perc base 0.04-0.04;staminaRegen_armor_mod mult 0.03-0.03	ok
Lynx Boots 4	Mastercrafted legendary Feline boots	ng_plus	armor base 137-137;attack_power mult 0.15-0.15;elemental_resistance_perc base 0.07-0.07;piercing_resistance_perc base 0.06-0.06;rending_resistance_perc base 0.04-0.04;slashing_resistance_perc base 0.08-0.08;staminaRegen_armor_mod mult 0.03-0.03	armor base 137-137;attack_power mult 0.15-0.15;elemental_resistance_perc base 0.07-0.07;piercing_resistance_perc base 0.06-0.06;rending_resistance_perc base 0.04-0.04;slashing_resistance_perc base 0.08-0.08;staminaRegen_armor_mod mult 0.03-0.03	ok
NGP Lynx Boots 4	Mastercrafted Feline boots	ng_plus	armor base 77-77;attack_power mult 0.1-0.1;elemental_resistance_perc base 0.05-0.05;piercing_resistance_perc base 0.04-0.04;rending_resistance_perc base 0.02-0.02;slashing_resistance_perc base 0.05-0.05;staminaRegen_armor_mod mult 0.03-0.03	armor base 77-77;attack_power mult 0.1-0.1;elemental_resistance_perc base 0.05-0.05;piercing_resistance_perc base 0.04-0.04;rending_resistance_perc base 0.02-0.02;slashing_resistance_perc base 0.05-0.05;staminaRegen_armor_mod mult 0.03-0.03	ok
Lynx Boots 5	Grandmaster legendary Feline boots	ng_plus	armor base 151-151;attack_power mult 0.17-0.17;elemental_resistance_perc base 0.07-0.07;piercing_resistance_perc base 0.06-0.06;rending_resistance_perc base 0.05-0.05;slashing_resistance_perc base 0.08-0.08;staminaRegen_armor_mod mult 0.03-0.03	armor base 151-151;attack_power mult 0.17-0.17;elemental_resistance_perc base 0.07-0.07;piercing_resistance_perc base 0.06-0.06;rending_resistance_perc base 0.05-0.05;slashing_resistance_perc base 0.08-0.08;staminaRegen_armor_mod mult 0.03-0.03	ok
NGP Lynx Boots 5	Grandmaster Feline boots	ng_plus	armor base 91-91;attack_power mult 0.12-0.12;elemental_resistance_perc base 0.06-0.06;piercing_resistance_perc base 0.05-0.05;rending_resistance_perc base 0.03-0.03;slashing_resistance_perc base 0.06-0.06;staminaRegen_armor_mod mult 0.03-0.03	armor base 91-91;attack_power mult 0.12-0.12;elemental_resistance_perc base 0.06-0.06;piercing_resistance_perc base 0.05-0.05;rending_resistance_perc base 0.03-0.03;slashing_resistance_perc base 0.06-0.06;staminaRegen_armor_mod mult 0.03-0.03	ok
NGP Netflix Boots	Forgotten Wolven boots	ng_plus	armor base 50-50;bludgeoning_resistance_perc base 0.02-0.02;piercing_resistance_perc base 0.02-0.02;rending_resistance_perc base 0.02-0.02;slashing_resistance_perc base 0.04-0.04;spell_power_yrden mult 0.06-0.06	armor base 50-50;bludgeoning_resistance_perc base 0.02-0.02;piercing_resistance_perc base 0.02-0.02;rending_resistance_perc base 0.02-0.02;slashing_resistance_perc base 0.04-0.04;spell_power_yrden mult 0.06-0.06	ok
Netflix Boots	Legendary forgotten Wolven boots	ng_plus	armor base 107-107;bludgeoning_resistance_perc base 0.02-0.02;piercing_resistance_perc base 0.02-0.02;rending_resistance_perc base 0.02-0.02;slashing_resistance_perc base 0.04-0.04;spell_power_yrden mult 0.06-0.06	armor base 107-107;bludgeoning_resistance_perc base 0.02-0.02;piercing_resistance_perc base 0.02-0.02;rending_resistance_perc base 0.02-0.02;slashing_resistance_perc base 0.04-0.04;spell_power_yrden mult 0.06-0.06	ok
NGP Netflix Boots 1	Mastercrafted forgotten Wolven boots	ng_plus	armor base 77-77;bludgeoning_resistance_perc base 0.03-0.03;piercing_resistance_perc base 0.03-0.03;rending_resistance_perc base 0.03-0.03;slashing_resistance_perc base 0.05-0.05;spell_power_yrden mult 0.1-0.1	armor base 77-77;bludgeoning_resistance_perc base 0.03-0.03;piercing_resistance_perc base 0.03-0.03;rending_resistance_perc base 0.03-0.03;slashing_resistance_perc base 0.05-0.05;spell_power_yrden mult 0.1-0.1	ok
Netflix Boots 1	Mastercrafted legendary forgotten Wolven boots	ng_plus	armor base 137-137;bludgeoning_resistance_perc base 0.03-0.03;piercing_resistance_perc base 0.03-0.03;rending_resistance_perc base 0.03-0.03;slashing_resistance_perc base 0.05-0.05;spell_power_yrden mult 0.1-0.1	armor base 137-137;bludgeoning_resistance_perc base 0.03-0.03;piercing_resistance_perc base 0.03-0.03;rending_resistance_perc base 0.03-0.03;slashing_resistance_perc base 0.05-0.05;spell_power_yrden mult 0.1-0.1	ok
NGP Netflix Boots 2	Grandmaster forgotten Wolven boots	ng_plus	armor base 91-91;bludgeoning_resistance_perc base 0.04-0.04;piercing_resistance_perc base 0.04-0.04;rending_resistance_perc base 0.04-0.04;slashing_resistance_perc base 0.06-0.06;spell_power_yrden mult 0.12-0.12	armor base 91-91;bludgeoning_resistance_perc base 0.04-0.04;piercing_resistance_perc base 0.04-0.04;rending_resistance_perc base 0.04-0.04;slashing_resistance_perc base 0.06-0.06;spell_power_yrden mult 0.12-0.12	ok
Netflix Boots 2	Grandmaster legendary forgotten Wolven boots	ng_plus	armor base 151-151;bludgeoning_resistance_perc base 0.04-0.04;piercing_resistance_perc base 0.04-0.04;rending_resistance_perc base 0.04-0.04;slashing_resistance_perc base 0.06-0.06;spell_power_yrden mult 0.12-0.12	armor base 151-151;bludgeoning_resistance_perc base 0.04-0.04;piercing_resistance_perc base 0.04-0.04;rending_resistance_perc base 0.04-0.04;slashing_resistance_perc base 0.06-0.06;spell_power_yrden mult 0.12-0.12	ok
NGP Red Wolf Boots 1	Manticore boots	ng_plus	armor base 91-91;critical_hit_damage_bonus add 0.25-0.25;piercing_resistance_perc base 0.05-0.05;rending_resistance_perc base 0.04-0.04;slashing_resistance_perc base 0.06-0.06;toxicity base 5-5	armor base 91-91;critical_hit_damage_bonus add 0.25-0.25;piercing_resistance_perc base 0.05-0.05;rending_resistance_perc base 0.04-0.04;slashing_resistance_perc base 0.06-0.06;toxicity base 5-5	ok
Red Wolf Boots 1	Legendary Manticore boots	ng_plus	armor base 151-151;critical_hit_damage_bonus add 0.3-0.3;piercing_resistance_perc base 0.07-0.07;rending_resistance_perc base 0.05-0.05;slashing_resistance_perc base 0.08-0.08;toxicity base 5-5	armor base 151-151;critical_hit_damage_bonus add 0.3-0.3;piercing_resistance_perc base 0.07-0.07;rending_resistance_perc base 0.05-0.05;slashing_resistance_perc base 0.08-0.08;toxicity base 5-5	ok
EP1 Witcher Boots	Legendary Viper boots	ng_plus	armor base 149-149;elemental_resistance_perc base 0.05-0.05;piercing_resistance_perc base 0.05-0.05;poison_resistance_perc base 0.1-0.1;rending_resistance_perc base 0.04-0.04;slashing_resistance_perc base 0.05-0.05	armor base 149-149;elemental_resistance_perc base 0.05-0.05;piercing_resistance_perc base 0.05-0.05;poison_resistance_perc base 0.1-0.1;rending_resistance_perc base 0.04-0.04;slashing_resistance_perc base 0.05-0.05	ok
NGP EP1 Witcher Boots	Viper boots	ng_plus	armor base 89-89;elemental_resistance_perc base 0.05-0.05;piercing_resistance_perc base 0.05-0.05;poison_resistance_perc base 0.1-0.1;rending_resistance_perc base 0.05-0.05;slashing_resistance_perc base 0.05-0.05	armor base 89-89;elemental_resistance_perc base 0.05-0.05;piercing_resistance_perc base 0.05-0.05;poison_resistance_perc base 0.1-0.1;rending_resistance_perc base 0.05-0.05;slashing_resistance_perc base 0.05-0.05	ok
NGP Wolf Boots 1	Legendary Wolven boots	ng_plus	armor base 97-97;attack_power mult 0.11-0.11;bludgeoning_resistance_perc base 0.05-0.05;piercing_resistance_perc base 0.05-0.05;rending_resistance_perc base 0.04-0.04;slashing_resistance_perc base 0.06-0.06	armor base 97-97;attack_power mult 0.11-0.11;bludgeoning_resistance_perc base 0.05-0.05;piercing_resistance_perc base 0.05-0.05;rending_resistance_perc base 0.04-0.04;slashing_resistance_perc base 0.06-0.06	ok
Wolf Boots 1	Wolven boots	ng_plus	armor base 37-37;attack_power mult 0.05-0.05;bludgeoning_resistance_perc base 0.01-0.01;piercing_resistance_perc base 0.01-0.01;rending_resistance_perc base 0.02-0.02;slashing_resistance_perc base 0.02-0.02	armor base 37-37;attack_power mult 0.05-0.05;bludgeoning_resistance_perc base 0.01-0.01;piercing_resistance_perc base 0.01-0.01;rending_resistance_perc base 0.02-0.02;slashing_resistance_perc base 0.02-0.02	ok
NGP Wolf Boots 2	Enhanced legendary Wolven boots	ng_plus	armor base 111-111;attack_power mult 0.12-0.12;bludgeoning_resistance_perc base 0.06-0.06;piercing_resistance_perc base 0.06-0.06;rending_resistance_perc base 0.04-0.04;slashing_resistance_perc base 0.07-0.07	armor base 111-111;attack_power mult 0.12-0.12;bludgeoning_resistance_perc base 0.06-0.06;piercing_resistance_perc base 0.06-0.06;rending_resistance_perc base 0.04-0.04;slashing_resistance_perc base 0.07-0.07	ok
Wolf Boots 2	Enhanced Wolven boots	ng_plus	armor base 51-51;attack_power mult 0.06-0.06;bludgeoning_resistance_perc base 0.02-0.02;piercing_resistance_perc base 0.02-0.02;rending_resistance_perc base 0.02-0.02;slashing_resistance_perc base 0.03-0.03	armor base 51-51;attack_power mult 0.06-0.06;bludgeoning_resistance_perc base 0.02-0.02;piercing_resistance_perc base 0.02-0.02;rending_resistance_perc base 0.02-0.02;slashing_resistance_perc base 0.03-0.03	ok
NGP Wolf Boots 3	Superior legendary Wolven boots	ng_plus	armor base 127-127;attack_power mult 0.13-0.13;bludgeoning_resistance_perc base 0.06-0.06;piercing_resistance_perc base 0.06-0.06;rending_resistance_perc base 0.05-0.05;slashing_resistance_perc base 0.07-0.07	armor base 127-127;attack_power mult 0.13-0.13;bludgeoning_resistance_perc base 0.06-0.06;piercing_resistance_perc base 0.06-0.06;rending_resistance_perc base 0.05-0.05;slashing_resistance_perc base 0.07-0.07	ok
Wolf Boots 3	Superior Wolven boots	ng_plus	armor base 67-67;attack_power mult 0.08-0.08;bludgeoning_resistance_perc base 0.03-0.03;piercing_resistance_perc base 0.03-0.03;rending_resistance_perc base 0.03-0.03;slashing_resistance_perc base 0.04-0.04	armor base 67-67;attack_power mult 0.08-0.08;bludgeoning_resistance_perc base 0.03-0.03;piercing_resistance_perc base 0.03-0.03;rending_resistance_perc base 0.03-0.03;slashing_resistance_perc base 0.04-0.04	ok
NGP Wolf Boots 4	Mastercrafted legendary Wolven boots	ng_plus	armor base 137-137;attack_power mult 0.15-0.15;bludgeoning_resistance_perc base 0.07-0.07;piercing_resistance_perc base 0.07-0.07;rending_resistance_perc base 0.05-0.05;slashing_resistance_perc base 0.08-0.08	armor base 137-137;attack_power mult 0.15-0.15;bludgeoning_resistance_perc base 0.07-0.07;piercing_resistance_perc base 0.07-0.07;rending_resistance_perc base 0.05-0.05;slashing_resistance_perc base 0.08-0.08	ok
Wolf Boots 4	Mastercrafted Wolven boots	ng_plus	armor base 77-77;attack_power mult 0.1-0.1;bludgeoning_resistance_perc base 0.04-0.04;piercing_resistance_perc base 0.04-0.04;rending_resistance_perc base 0.03-0.03;slashing_resistance_perc base 0.05-0.05	armor base 77-77;attack_power mult 0.1-0.1;bludgeoning_resistance_perc base 0.04-0.04;piercing_resistance_perc base 0.04-0.04;rending_resistance_perc base 0.03-0.03;slashing_resistance_perc base 0.05-0.05	ok
NGP Wolf Boots 5	Grandmaster Wolven boots	ng_plus	armor base 91-91;attack_power mult 0.12-0.12;bludgeoning_resistance_perc base 0.05-0.05;piercing_resistance_perc base 0.05-0.05;rending_resistance_perc base 0.04-0.04;slashing_resistance_perc base 0.06-0.06	armor base 91-91;attack_power mult 0.12-0.12;bludgeoning_resistance_perc base 0.05-0.05;piercing_resistance_perc base 0.05-0.05;rending_resistance_perc base 0.04-0.04;slashing_resistance_perc base 0.06-0.06	ok
Wolf Boots 5	Grandmaster legendary Wolven boots	ng_plus	armor base 151-151;attack_power mult 0.17-0.17;bludgeoning_resistance_perc base 0.07-0.07;piercing_resistance_perc base 0.07-0.07;rending_resistance_perc base 0.06-0.06;slashing_resistance_perc base 0.08-0.08	armor base 151-151;attack_power mult 0.17-0.17;bludgeoning_resistance_perc base 0.07-0.07;piercing_resistance_perc base 0.07-0.07;rending_resistance_perc base 0.06-0.06;slashing_resistance_perc base 0.08-0.08	ok
NGP q702_vampire_boots	Tesham Mutna boots	ng_plus	armor base 87-87;bludgeoning_resistance_perc base 0.03-0.03;burning_resistance_perc base 0.25-0.25;piercing_resistance_perc base 0.04-0.04;rending_resistance_perc base 0.03-0.03;slashing_resistance_perc base 0.04-0.04;staminaRegen_armor_mod mult -0.03--0.03	armor base 87-87;bludgeoning_resistance_perc base 0.03-0.03;burning_resistance_perc base 0.25-0.25;piercing_resistance_perc base 0.04-0.04;rending_resistance_perc base 0.03-0.03;slashing_resistance_perc base 0.04-0.04;staminaRegen_armor_mod mult -0.03--0.03	ok
q702_vampire_boots	Tesham Mutna boots	ng_plus	armor base 147-147;bludgeoning_resistance_perc base 0.03-0.03;burning_resistance_perc base 0.25-0.25;piercing_resistance_perc base 0.04-0.04;rending_resistance_perc base 0.04-0.04;slashing_resistance_perc base 0.04-0.04;staminaRegen_armor_mod mult -0.03--0.03	armor base 147-147;bludgeoning_resistance_perc base 0.03-0.03;burning_resistance_perc base 0.25-0.25;piercing_resistance_perc base 0.04-0.04;rending_resistance_perc base 0.04-0.04;slashing_resistance_perc base 0.04-0.04;staminaRegen_armor_mod mult -0.03--0.03	ok
q704_vampire_boots	Hen Gaidth boots	ng_plus	bludgeoning_resistance_perc base 0.05-0.05;burning_resistance_perc base 0.25-0.25;item_level_max add 100-100;item_level_min add 40-40;piercing_resistance_perc base 0.06-0.06;rending_resistance_perc base 0.05-0.05;slashing_resistance_perc base 0.05-0.05;staminaRegen_armor_mod mult -0.03--0.03	bludgeoning_resistance_perc base 0.05-0.05;burning_resistance_perc base 0.25-0.25;item_level_max add 100-100;item_level_min add 40-40;piercing_resistance_perc base 0.06-0.06;rending_resistance_perc base 0.05-0.05;slashing_resistance_perc base 0.05-0.05;staminaRegen_armor_mod mult -0.03--0.03	ok
Scarlet Crest Boots	Scarlet Crest boots	ng_plus	armor base 87-87;bludgeoning_resistance_perc base 0.13-0.13;focus_gain base 0.08-0.08;piercing_resistance_perc base 0.08-0.08;slashing_resistance_perc base 0.04-0.04;spell_power_quen mult 0.06-0.06	armor base 87-87;bludgeoning_resistance_perc base 0.13-0.13;focus_gain base 0.08-0.08;piercing_resistance_perc base 0.08-0.08;slashing_resistance_perc base 0.04-0.04;spell_power_quen mult 0.06-0.06	ok
Dol Blathanna Boots	Boots of a Thousand Flowers	ng_plus	armor base 79-79;bludgeoning_resistance_perc base 0.03-0.03;piercing_resistance_perc base 0.03-0.03;rending_resistance_perc base 0.03-0.03;slashing_resistance_perc base 0.05-0.05	armor base 79-79;bludgeoning_resistance_perc base 0.03-0.03;piercing_resistance_perc base 0.03-0.03;rending_resistance_perc base 0.03-0.03;slashing_resistance_perc base 0.05-0.05	ok
NGP Dol Blathanna Boots	Boots of a Thousand Flowers	ng_plus	armor base 22-22;bludgeoning_resistance_perc base 0.01-0.01;piercing_resistance_perc base 0.01-0.01;rending_resistance_perc base 0.02-0.02;slashing_resistance_perc base 0.02-0.02	armor base 22-22;bludgeoning_resistance_perc base 0.01-0.01;piercing_resistance_perc base 0.01-0.01;rending_resistance_perc base 0.02-0.02;slashing_resistance_perc base 0.02-0.02	ok
NGP White Tiger Boots	White Tiger of the West boots	ng_plus	armor base 29-29;bludgeoning_resistance_perc base 0.01-0.01;elemental_resistance_perc base 0.02-0.02;piercing_resistance_perc base 0.01-0.01;rending_resistance_perc base 0.01-0.01;slashing_resistance_perc base 0.03-0.03	armor base 29-29;bludgeoning_resistance_perc base 0.01-0.01;elemental_resistance_perc base 0.02-0.02;piercing_resistance_perc base 0.01-0.01;rending_resistance_perc base 0.01-0.01;slashing_resistance_perc base 0.03-0.03	ok
White Tiger Boots	White Tiger of the West boots	ng_plus	armor base 88-88;bludgeoning_resistance_perc base 0.06-0.06;elemental_resistance_perc base 0.08-0.08;piercing_resistance_perc base 0.06-0.06;rending_resistance_perc base 0.06-0.06;slashing_resistance_perc base 0.13-0.13	armor base 88-88;bludgeoning_resistance_perc base 0.06-0.06;elemental_resistance_perc base 0.08-0.08;piercing_resistance_perc base 0.06-0.06;rending_resistance_perc base 0.06-0.06;slashing_resistance_perc base 0.13-0.13	ok
DLC1 Temerian Boots	Temerian Boots	ng_plus	armor base 15-15;bludgeoning_resistance_perc base 0.03-0.03;elemental_resistance_perc base 0.01-0.01;piercing_resistance_perc base 0.03-0.03;rending_resistance_perc base 0.01-0.01;slashing_resistance_perc base 0.03-0.03;staminaRegen_armor_mod mult 0.03-0.03	armor base 15-15;bludgeoning_resistance_perc base 0.03-0.03;elemental_resistance_perc base 0.01-0.01;piercing_resistance_perc base 0.03-0.03;rending_resistance_perc base 0.01-0.01;slashing_resistance_perc base 0.03-0.03;staminaRegen_armor_mod mult 0.03-0.03	ok
DLC14 Skellige Boots	Undvik Boots	ng_plus	armor base 39-39;bludgeoning_resistance_perc base 0.05-0.05;elemental_resistance_perc base 0.01-0.01;piercing_resistance_perc base 0.05-0.05;rending_resistance_perc base 0.01-0.01;slashing_resistance_perc base 0.05-0.05;staminaRegen_armor_mod mult -0.03--0.03	armor base 39-39;bludgeoning_resistance_perc base 0.05-0.05;elemental_resistance_perc base 0.01-0.01;piercing_resistance_perc base 0.05-0.05;rending_resistance_perc base 0.01-0.01;slashing_resistance_perc base 0.05-0.05;staminaRegen_armor_mod mult -0.03--0.03	ok
DLC5 Nilfgaardian Boots	Nilfgaardian Boots	ng_plus	armor base 27-27;bludgeoning_resistance_perc base 0.03-0.03;elemental_resistance_perc base 0.01-0.01;piercing_resistance_perc base 0.03-0.03;rending_resistance_perc base 0.01-0.01;slashing_resistance_perc base 0.03-0.03	armor base 27-27;bludgeoning_resistance_perc base 0.03-0.03;elemental_resistance_perc base 0.01-0.01;piercing_resistance_perc base 0.03-0.03;rending_resistance_perc base 0.01-0.01;slashing_resistance_perc base 0.03-0.03	ok
NGP DLC1 Temerian Boots	Temerian Boots	ng_plus	armor base 75-75;bludgeoning_resistance_perc base 0.08-0.08;elemental_resistance_perc base 0.06-0.06;piercing_resistance_perc base 0.08-0.08;rending_resistance_perc base 0.06-0.06;slashing_resistance_perc base 0.08-0.08;staminaRegen_armor_mod mult 0.03-0.03	armor base 75-75;bludgeoning_resistance_perc base 0.08-0.08;elemental_resistance_perc base 0.06-0.06;piercing_resistance_perc base 0.08-0.08;rending_resistance_perc base 0.06-0.06;slashing_resistance_perc base 0.08-0.08;staminaRegen_armor_mod mult 0.03-0.03	ok
NGP DLC14 Skellige Boots	Undvik Boots	ng_plus	armor base 99-99;bludgeoning_resistance_perc base 0.1-0.1;elemental_resistance_perc base 0.06-0.06;piercing_resistance_perc base 0.1-0.1;rending_resistance_perc base 0.06-0.06;slashing_resistance_perc base 0.1-0.1;staminaRegen_armor_mod mult -0.03--0.03	armor base 99-99;bludgeoning_resistance_perc base 0.1-0.1;elemental_resistance_perc base 0.06-0.06;piercing_resistance_perc base 0.1-0.1;rending_resistance_perc base 0.06-0.06;slashing_resistance_perc base 0.1-0.1;staminaRegen_armor_mod mult -0.03--0.03	ok
NGP DLC5 Nilfgaardian Boots	Nilfgaardian Boots	ng_plus	armor base 87-87;bludgeoning_resistance_perc base 0.08-0.08;elemental_resistance_perc base 0.06-0.06;piercing_resistance_perc base 0.08-0.08;rending_resistance_perc base 0.06-0.06;slashing_resistance_perc base 0.08-0.08	armor base 87-87;bludgeoning_resistance_perc base 0.08-0.08;elemental_resistance_perc base 0.06-0.06;piercing_resistance_perc base 0.08-0.08;rending_resistance_perc base 0.06-0.06;slashing_resistance_perc base 0.08-0.08	ok
Nekker Boots	Nekker hide boots	ng_plus	armor base 124-124;bleeding_resistance_perc base 0.25-0.25;bludgeoning_resistance_perc base 0.03-0.03;piercing_resistance_perc base 0.03-0.03;rending_resistance_perc base 0.03-0.03;slashing_resistance_perc base 0.04-0.04	armor base 124-124;bleeding_resistance_perc base 0.25-0.25;bludgeoning_resistance_perc base 0.03-0.03;piercing_resistance_perc base 0.03-0.03;rending_resistance_perc base 0.03-0.03;slashing_resistance_perc base 0.04-0.04	ok
Boots 012	Hunting boots	ng_plus	bludgeoning_resistance_perc base 0.03-0.03;elemental_resistance_perc base 0.0-0.0;focus_gain add 0.05-0.06;piercing_resistance_perc base 0.03-0.03;rending_resistance_perc base 0.0-0.0;slashing_resistance_perc base 0.03-0.03;staminaRegen_armor_mod mult 0.03-0.03	bludgeoning_resistance_perc base 0.03-0.03;elemental_resistance_perc base 0.0-0.0;focus_gain add 0.05-0.06;piercing_resistance_perc base 0.03-0.03;rending_resistance_perc base 0.0-0.0;slashing_resistance_perc base 0.03-0.03;staminaRegen_armor_mod mult 0.03-0.03	ok
Boots 022	Cavalry boots	ng_plus	bludgeoning_resistance_perc base 0.03-0.03;elemental_resistance_perc base 0.0-0.0;piercing_resistance_perc base 0.03-0.03;rending_resistance_perc base 0.0-0.0;slashing_resistance_perc base 0.04-0.04;spell_power_quen mult 0.01-0.2;staminaRegen_armor_mod mult 0.03-0.03	bludgeoning_resistance_perc base 0.03-0.03;elemental_resistance_perc base 0.0-0.0;piercing_resistance_perc base 0.03-0.03;rending_resistance_perc base 0.0-0.0;slashing_resistance_perc base 0.04-0.04;spell_power_quen mult 0.01-0.2;staminaRegen_armor_mod mult 0.03-0.03	ok
Boots 032	Tracker's boots	ng_plus	bludgeoning_resistance_perc base 0.03-0.03;elemental_resistance_perc base 0.0-0.0;piercing_resistance_perc base 0.03-0.03;rending_resistance_perc base 0.0-0.0;slashing_resistance_perc base 0.05-0.05;vitality base 100-350	bludgeoning_resistance_perc base 0.03-0.03;elemental_resistance_perc base 0.0-0.0;piercing_resistance_perc base 0.03-0.03;rending_resistance_perc base 0.0-0.0;slashing_resistance_perc base 0.05-0.05;vitality base 100-350	ok
Boots 04	Assassin's boots	ng_plus	bludgeoning_resistance_perc base 0.02-0.02;elemental_resistance_perc base 0.0-0.0;piercing_resistance_perc base 0.02-0.02;rending_resistance_perc base 0.0-0.0;slashing_resistance_perc base 0.06-0.06;staminaRegen_armor_mod mult 0.03-0.03	bludgeoning_resistance_perc base 0.02-0.02;elemental_resistance_perc base 0.0-0.0;piercing_resistance_perc base 0.02-0.02;rending_resistance_perc base 0.0-0.0;slashing_resistance_perc base 0.06-0.06;staminaRegen_armor_mod mult 0.03-0.03	ok
Boots 07	Mountain Folk boots	ng_plus	bludgeoning_resistance_perc base 0.02-0.02;elemental_resistance_perc base 0.0-0.0;piercing_resistance_perc base 0.02-0.02;poison_resistance_perc base 0.25-0.25;rending_resistance_perc base 0.02-0.02;slashing_resistance_perc base 0.05-0.05;staminaRegen_armor_mod mult 0.03-0.03	bludgeoning_resistance_perc base 0.02-0.02;elemental_resistance_perc base 0.0-0.0;piercing_resistance_perc base 0.02-0.02;poison_resistance_perc base 0.25-0.25;rending_resistance_perc base 0.02-0.02;slashing_resistance_perc base 0.05-0.05;staminaRegen_armor_mod mult 0.03-0.03	ok
Crafted Ofir Boots	Ofieri boots	ng_plus	armor base 145-145;bludgeoning_resistance_perc base 0.05-0.05;slashing_resistance_perc base 0.05-0.05;spell_power_igni mult 0.1-0.1;spell_power_quen mult 0.1-0.1;spell_power_yrden mult 0.2-0.2;staminaRegen_armor_mod mult 0.03-0.03	armor base 145-145;bludgeoning_resistance_perc base 0.05-0.05;slashing_resistance_perc base 0.05-0.05;spell_power_igni mult 0.1-0.1;spell_power_quen mult 0.1-0.1;spell_power_yrden mult 0.2-0.2;staminaRegen_armor_mod mult 0.03-0.03	ok
Geralt Kontusz Boots R	Ornate boots	ng_plus	burning_resistance_perc base 0.06-0.06;elemental_resistance_perc base 0.06-0.06;item_level_max add 35-35;item_level_min add 33-33;piercing_resistance_perc base 0.03-0.03;slashing_resistance_perc base 0.03-0.03;spell_power_igni mult 0.06-0.06;staminaRegen_armor_mod mult 0.03-0.03	burning_resistance_perc base 0.06-0.06;elemental_resistance_perc base 0.06-0.06;item_level_max add 35-35;item_level_min add 33-33;piercing_resistance_perc base 0.03-0.03;slashing_resistance_perc base 0.03-0.03;spell_power_igni mult 0.06-0.06;staminaRegen_armor_mod mult 0.03-0.03	ok
Guard Lvl1 A Boots 3	Toussaint Color Guardsman's boots	ng_plus	armor base 153-153;bleeding_resistance_perc base 0.15-0.15;bludgeoning_resistance_perc base 0.05-0.05;piercing_resistance_perc base 0.04-0.04;slashing_resistance_perc base 0.05-0.05;staminaRegen_armor_mod mult 0.03-0.03;vitality base 300-300	armor base 153-153;bleeding_resistance_perc base 0.15-0.15;bludgeoning_resistance_perc base 0.05-0.05;piercing_resistance_perc base 0.04-0.04;slashing_resistance_perc base 0.05-0.05;staminaRegen_armor_mod mult 0.03-0.03;vitality base 300-300	ok
Guard Lvl1 Boots 3	Toussaint Ducal Guardsman's boots	ng_plus	armor base 151-151;bleeding_resistance_perc base 0.1-0.1;bludgeoning_resistance_perc base 0.05-0.05;piercing_resistance_perc base 0.03-0.03;slashing_resistance_perc base 0.05-0.05;staminaRegen_armor_mod mult 0.03-0.03;vitality base 250-250	armor base 151-151;bleeding_resistance_perc base 0.1-0.1;bludgeoning_resistance_perc base 0.05-0.05;piercing_resistance_perc base 0.03-0.03;slashing_resistance_perc base 0.05-0.05;staminaRegen_armor_mod mult 0.03-0.03;vitality base 250-250	ok
Guard Lvl2 A Boots 3	Toussaint Ducal Guard Captain's boots	ng_plus	armor base 159-159;bludgeoning_resistance_perc base 0.04-0.04;piercing_resistance_perc base 0.05-0.05;poison_resistance_perc base 0.15-0.15;slashing_resistance_perc base 0.05-0.05;vitality base 400-400	armor base 159-159;bludgeoning_resistance_perc base 0.04-0.04;piercing_resistance_perc base 0.05-0.05;poison_resistance_perc base 0.15-0.15;slashing_resistance_perc base 0.05-0.05;vitality base 400-400	ok
Guard Lvl2 Boots 3	Toussaint Ducal Guard Officer's boots	ng_plus	armor base 157-157;bludgeoning_resistance_perc base 0.03-0.03;piercing_resistance_perc base 0.05-0.05;poison_resistance_perc base 0.1-0.1;slashing_resistance_perc base 0.05-0.05;vitality base 350-350	armor base 157-157;bludgeoning_resistance_perc base 0.03-0.03;piercing_resistance_perc base 0.05-0.05;poison_resistance_perc base 0.1-0.1;slashing_resistance_perc base 0.05-0.05;vitality base 350-350	ok
Heavy boots 07	Condottiere's boots	ng_plus	armor_reduction base 50-60;bludgeoning_resistance_perc base 0.05-0.05;elemental_resistance_perc base 0.0-0.0;piercing_resistance_perc base 0.05-0.05;rending_resistance_perc base 0.0-0.0;slashing_resistance_perc base 0.05-0.05	armor_reduction base 50-60;bludgeoning_resistance_perc base 0.05-0.05;elemental_resistance_perc base 0.0-0.0;piercing_resistance_perc base 0.05-0.05;rending_resistance_perc base 0.0-0.0;slashing_resistance_perc base 0.05-0.05	ok
Heavy boots 08	Alder Folk boots	ng_plus	bludgeoning_resistance_perc base 0.05-0.05;elemental_resistance_perc base 0.05-0.05;piercing_resistance_perc base 0.05-0.05;rending_resistance_perc base 0.05-0.05;slashing_resistance_perc base 0.06-0.06;spell_power_igni mult 0.1-0.2;staminaRegen_armor_mod mult -0.03--0.03	bludgeoning_resistance_perc base 0.05-0.05;elemental_resistance_perc base 0.05-0.05;piercing_resistance_perc base 0.05-0.05;rending_resistance_perc base 0.05-0.05;slashing_resistance_perc base 0.06-0.06;spell_power_igni mult 0.1-0.2;staminaRegen_armor_mod mult -0.03--0.03	ok
Knight Geralt A Boots 3	Toussaint knight's tourney boots	ng_plus	armor base 165-165;bludgeoning_resistance_perc base 0.07-0.07;piercing_resistance_perc base 0.07-0.07;poison_resistance_perc base 0.4-0.4;slashing_resistance_perc base 0.07-0.07;staminaRegen_armor_mod mult -0.03--0.03;vitality base 500-500	armor base 165-165;bludgeoning_resistance_perc base 0.07-0.07;piercing_resistance_perc base 0.07-0.07;poison_resistance_perc base 0.4-0.4;slashing_resistance_perc base 0.07-0.07;staminaRegen_armor_mod mult -0.03--0.03;vitality base 500-500	ok
Knight Geralt Boots 3	Toussaint knight's boots	ng_plus	armor base 163-163;bludgeoning_resistance_perc base 0.06-0.06;piercing_resistance_perc base 0.06-0.06;poison_resistance_perc base 0.25-0.25;slashing_resistance_perc base 0.06-0.06;staminaRegen_armor_mod mult -0.03--0.03;vitality base 450-450	armor base 163-163;bludgeoning_resistance_perc base 0.06-0.06;piercing_resistance_perc base 0.06-0.06;poison_resistance_perc base 0.25-0.25;slashing_resistance_perc base 0.06-0.06;staminaRegen_armor_mod mult -0.03--0.03;vitality base 450-450	ok
NGP Crafted Ofir Boots	Ofieri boots	ng_plus	armor base 85-85;bludgeoning_resistance_perc base 0.05-0.05;slashing_resistance_perc base 0.05-0.05;spell_power_igni mult 0.1-0.1;spell_power_quen mult 0.1-0.1;spell_power_yrden mult 0.2-0.2;staminaRegen_armor_mod mult 0.03-0.03	armor base 85-85;bludgeoning_resistance_perc base 0.05-0.05;slashing_resistance_perc base 0.05-0.05;spell_power_igni mult 0.1-0.1;spell_power_quen mult 0.1-0.1;spell_power_yrden mult 0.2-0.2;staminaRegen_armor_mod mult 0.03-0.03	ok
NGP Guard Lvl1 A Boots 3	Toussaint Color Guardsman's boots	ng_plus	armor base 93-93;bleeding_resistance_perc base 0.15-0.15;bludgeoning_resistance_perc base 0.05-0.05;piercing_resistance_perc base 0.04-0.04;slashing_resistance_perc base 0.05-0.05;staminaRegen_armor_mod mult 0.03-0.03;vitality base 300-300	armor base 93-93;bleeding_resistance_perc base 0.15-0.15;bludgeoning_resistance_perc base 0.05-0.05;piercing_resistance_perc base 0.04-0.04;slashing_resistance_perc base 0.05-0.05;staminaRegen_armor_mod mult 0.03-0.03;vitality base 300-300	ok
NGP Guard Lvl1 Boots 3	Toussaint Ducal Guardsman's boots	ng_plus	armor base 91-91;bleeding_resistance_perc base 0.1-0.1;bludgeoning_resistance_perc base 0.05-0.05;piercing_resistance_perc base 0.03-0.03;slashing_resistance_perc base 0.05-0.05;staminaRegen_armor_mod mult 0.03-0.03;vitality base 250-250	armor base 91-91;bleeding_resistance_perc base 0.1-0.1;bludgeoning_resistance_perc base 0.05-0.05;piercing_resistance_perc base 0.03-0.03;slashing_resistance_perc base 0.05-0.05;staminaRegen_armor_mod mult 0.03-0.03;vitality base 250-250	ok
NGP Guard Lvl2 A Boots 3	Toussaint Ducal Guard Captain's boots	ng_plus	armor base 99-99;bludgeoning_resistance_perc base 0.04-0.04;piercing_resistance_perc base 0.05-0.05;poison_resistance_perc base 0.15-0.15;slashing_resistance_perc base 0.05-0.05;vitality base 400-400	armor base 99-99;bludgeoning_resistance_perc base 0.04-0.04;piercing_resistance_perc base 0.05-0.05;poison_resistance_perc base 0.15-0.15;slashing_resistance_perc base 0.05-0.05;vitality base 400-400	ok
NGP Guard Lvl2 Boots 3	Toussaint Ducal Guard Officer's boots	ng_plus	armor base 97-97;bludgeoning_resistance_perc base 0.03-0.03;piercing_resistance_perc base 0.05-0.05;poison_resistance_perc base 0.1-0.1;slashing_resistance_perc base 0.05-0.05;vitality base 350-350	armor base 97-97;bludgeoning_resistance_perc base 0.03-0.03;piercing_resistance_perc base 0.05-0.05;poison_resistance_perc base 0.1-0.1;slashing_resistance_perc base 0.05-0.05;vitality base 350-350	ok
NGP Knight Geralt A Boots 3	Toussaint knight's tourney boots	ng_plus	armor base 105-105;bludgeoning_resistance_perc base 0.07-0.07;piercing_resistance_perc base 0.07-0.07;poison_resistance_perc base 0.4-0.4;slashing_resistance_perc base 0.07-0.07;staminaRegen_armor_mod mult -0.03--0.03;vitality base 500-500	armor base 105-105;bludgeoning_resistance_perc base 0.07-0.07;piercing_resistance_perc base 0.07-0.07;poison_resistance_perc base 0.4-0.4;slashing_resistance_perc base 0.07-0.07;staminaRegen_armor_mod mult -0.03--0.03;vitality base 500-500	ok
NGP Knight Geralt Boots 3	Toussaint knight's boots	ng_plus	armor base 103-103;bludgeoning_resistance_perc base 0.06-0.06;piercing_resistance_perc base 0.06-0.06;poison_resistance_perc base 0.25-0.25;slashing_resistance_perc base 0.06-0.06;staminaRegen_armor_mod mult -0.03--0.03;vitality base 450-450	armor base 103-103;bludgeoning_resistance_perc base 0.06-0.06;piercing_resistance_perc base 0.06-0.06;poison_resistance_perc base 0.25-0.25;slashing_resistance_perc base 0.06-0.06;staminaRegen_armor_mod mult -0.03--0.03;vitality base 450-450	ok
Thief Boots	New Moon boots	ng_plus	bludgeoning_resistance_perc base 0.05-0.05;bonus_money add 0.05-0.05;critical_hit_chance add 0.03-0.03;critical_hit_damage_bonus add 0.2-0.2;item_level_max add 36-36;item_level_min add 34-34;slashing_resistance_perc base 0.05-0.05	bludgeoning_resistance_perc base 0.05-0.05;bonus_money add 0.05-0.05;critical_hit_chance add 0.03-0.03;critical_hit_damage_bonus add 0.2-0.2;item_level_max add 36-36;item_level_min add 34-34;slashing_resistance_perc base 0.05-0.05	ok
Toussaint Boots 3	Toussaint boots	ng_plus	bleeding_resistance_perc base 0.25-0.25;bludgeoning_resistance_perc base 0.06-0.06;item_level_max add 100-100;item_level_min add 40-40;piercing_resistance_perc base 0.06-0.06;slashing_resistance_perc base 0.06-0.06;staminaRegen_armor_mod mult -0.03--0.03;vitality base 450-450	bleeding_resistance_perc base 0.25-0.25;bludgeoning_resistance_perc base 0.06-0.06;item_level_max add 100-100;item_level_min add 40-40;piercing_resistance_perc base 0.06-0.06;slashing_resistance_perc base 0.06-0.06;staminaRegen_armor_mod mult -0.03--0.03;vitality base 450-450	ok
q702_vampire_mask	Tesham Mutna mask	ng_plus			ok
q704_vampire_mask	Hen Gaidth mask	ng_plus			ok
EP2 mask 01	Wolf mask	ng_plus			ok
EP2 mask 02	Harlequin mask	ng_plus			ok
EP2 mask 03	Bird mask	ng_plus			ok
Geralt mask 01	Wolf mask	ng_plus			ok
Geralt mask 02	Harlequin mask	ng_plus			ok
Geralt mask 03	Bird mask	ng_plus			ok
Geralt mask Nilf	Nilfgaardian Helmet	ng_plus			ok
Wolf Bandana	Wolf Bandana	ng_plus			ok
mq0004_thalers_monocle_wearable	Silver monocle	ng_plus			ok
