id	name	level	ruleset	planner	xml	status
sword_s22	Muscle Memory	1	ng	After a successful dodge or roll, your next Fast Attack performed deals 30% additional damage. / Adrenaline Point gain: +1%	After a successful dodge or roll, your next Fast Attack performed deals 30% additional damage. / Adrenaline Point gain: +1%	ok
sword_s22	Muscle Memory	2	ng	After a successful dodge or roll, your next 2 Fast Attacks performed in a row deal 30% additional damage. / Adrenaline Point gain: +2%	After a successful dodge or roll, your next 2 Fast Attacks performed in a row deal 30% additional damage. / Adrenaline Point gain: +2%	ok
sword_s22	Muscle Memory	3	ng	After a successful dodge or roll, your next 3 Fast Attacks performed in a row deal 30% additional damage. / Adrenaline Point gain: +3%	After a successful dodge or roll, your next 3 Fast Attacks performed in a row deal 30% additional damage. / Adrenaline Point gain: +3%	ok
sword_s33	Arrow Deflection	1	ng	You can parry ranged arrow attacks. A perfectly-timed parry deflects arrows back at the enemy, causing damage. It has a 15% chance to instantly kill the target. / Adrenaline Point gain: +1%	You can parry ranged arrow attacks. A perfectly-timed parry deflects arrows back at the enemy, causing damage. It has a 15% chance to instantly kill the target. / Adrenaline Point gain: +1%	ok
sword_s33	Arrow Deflection	2	ng	You can parry ranged arrow attacks. A perfectly-timed parry deflects arrows back at the enemy, causing 50% additional damage. It has a 30% chance to instantly kill the target. / Adrenaline Point gain: +2%	You can parry ranged arrow attacks. A perfectly-timed parry deflects arrows back at the enemy, causing 50% additional damage. It has a 30% chance to instantly kill the target. / Adrenaline Point gain: +2%	ok
sword_s33	Arrow Deflection	3	ng	You can parry ranged arrow attacks. A perfectly-timed parry deflects arrows back at the enemy, causing 100% additional damage. It has a 45% chance to instantly kill the target. / Adrenaline Point gain: +3%	You can parry ranged arrow attacks. A perfectly-timed parry deflects arrows back at the enemy, causing 100% additional damage. It has a 45% chance to instantly kill the target. / Adrenaline Point gain: +3%	ok
sword_s23	Strength Training	1	ng	Fast attacks increase the next strong attack's damage by 15%. / Adrenaline Point gain: +1%	Fast attacks increase the next strong attack's damage by 15%. / Adrenaline Point gain: +1%	ok
sword_s23	Strength Training	2	ng	Fast attacks increase the next strong attack's damage by 30%. / Adrenaline Point gain: +2%	Fast attacks increase the next strong attack's damage by 30%. / Adrenaline Point gain: +2%	ok
sword_s23	Strength Training	3	ng	Fast attacks increase the next strong attack's damage by 45%. / Adrenaline Point gain: +3%	Fast attacks increase the next strong attack's damage by 45%. / Adrenaline Point gain: +3%	ok
sword_s34	Cold Blood	1	ng	Every bolt that reaches its target generates 0.3 Adrenaline point(s). / Adrenaline Point gain: +1%	Every bolt that reaches its target generates 0.3 Adrenaline point(s). / Adrenaline Point gain: +1%	ok
sword_s34	Cold Blood	2	ng	Every bolt that reaches its target generates 0.6 Adrenaline point(s). / Adrenaline Point gain: +2%	Every bolt that reaches its target generates 0.6 Adrenaline point(s). / Adrenaline Point gain: +2%	ok
sword_s34	Cold Blood	3	ng	Every bolt that reaches its target generates 1 Adrenaline point(s). / Adrenaline Point gain: +3%	Every bolt that reaches its target generates 1 Adrenaline point(s). / Adrenaline Point gain: +3%	ok
sword_s24	Three Strikes	1	ng	The third Fast or Strong Attack has a 20% chance to make the next attack even more powerful, but only if it is the same attack type as the last. / Adrenaline Point gain: +1%	The third Fast or Strong Attack has a 20% chance to make the next attack even more powerful, but only if it is the same attack type as the last. / Adrenaline Point gain: +1%	ok
sword_s24	Three Strikes	2	ng	The third Fast or Strong Attack has a 40% chance to make the next attack even more powerful, but only if it is the same attack type as the last. / Adrenaline Point gain: +2%	The third Fast or Strong Attack has a 40% chance to make the next attack even more powerful, but only if it is the same attack type as the last. / Adrenaline Point gain: +2%	ok
sword_s24	Three Strikes	3	ng	The third Fast or Strong Attack has a 60% chance to make the next attack even more powerful, but only if it is the same attack type as the last. / Adrenaline Point gain: +3%	The third Fast or Strong Attack has a 60% chance to make the next attack even more powerful, but only if it is the same attack type as the last. / Adrenaline Point gain: +3%	ok
sword_s16	Resolve	1	ng	Reduces Adrenaline point loss by 33% when taking damage. / Adrenaline Point gain: +1%	Reduces Adrenaline point loss by 33% when taking damage. / Adrenaline Point gain: +1%	ok
sword_s16	Resolve	2	ng	Reduces Adrenaline point loss by 67% when taking damage. / Adrenaline Point gain: +2%	Reduces Adrenaline point loss by 67% when taking damage. / Adrenaline Point gain: +2%	ok
sword_s16	Resolve	3	ng	Reduces Adrenaline point loss by 100% when taking damage. / Adrenaline Point gain: +3%	Reduces Adrenaline point loss by 100% when taking damage. / Adrenaline Point gain: +3%	ok
sword_s18	Undying	1	ng	When Vitality reaches 0, immediately consumes Adrenaline points to restore 10% Vitality per point. Can only be used once every 30 seconds. / Adrenaline Point gain: +1%	When Vitality reaches 0, immediately consumes Adrenaline points to restore 10% Vitality per point. Can only be used once every 30 seconds. / Adrenaline Point gain: +1%	ok
sword_s18	Undying	2	ng	When Vitality reaches 0, consumes Adrenaline points immediately to restore 10% Vitality per point. Restores Vitality with bonus 33%. The effect can only be used once every 30 seconds. / Adrenaline Point gain: +2%	When Vitality reaches 0, consumes Adrenaline points immediately to restore 10% Vitality per point. Restores Vitality with bonus 33%. The effect can only be used once every 30 seconds. / Adrenaline Point gain: +2%	ok
sword_s18	Undying	3	ng	When Vitality reaches 0, consumes Adrenaline points immediately to restore 10% Vitality per point. Restores Vitality with bonus 67%. The effect can only be used once every 30 seconds. / Adrenaline Point gain: +3%	When Vitality reaches 0, consumes Adrenaline points immediately to restore 10% Vitality per point. Restores Vitality with bonus 67%. The effect can only be used once every 30 seconds. / Adrenaline Point gain: +3%	ok
sword_s25	Crushing Blow	1	ng	A Strong Attack has a 20% chance to increase the damage dealt by the next 2 Strong Attacks by 50%. / Adrenaline Point gain: +1%	A Strong Attack has a 20% chance to increase the damage dealt by the next 2 Strong Attacks by 50%. / Adrenaline Point gain: +1%	ok
sword_s25	Crushing Blow	2	ng	A Strong Attack has a 40% chance to increase the damage dealt by the next 2 Strong Attacks by 50%. / Adrenaline Point gain: +2%	A Strong Attack has a 40% chance to increase the damage dealt by the next 2 Strong Attacks by 50%. / Adrenaline Point gain: +2%	ok
sword_s25	Crushing Blow	3	ng	A Strong Attack has a 60% chance to increase the damage dealt by the next 2 Strong Attacks by 50%. / Adrenaline Point gain: +3%	A Strong Attack has a 60% chance to increase the damage dealt by the next 2 Strong Attacks by 50%. / Adrenaline Point gain: +3%	ok
sword_s20	Razor Focus	1	ng	Gain 1 Adrenaline point upon entering combat. Increases Adrenaline generation from weapon strikes by 10%. / Adrenaline Point gain: +1%	Gain 1 Adrenaline point upon entering combat. Increases Adrenaline generation from weapon strikes by 10%. / Adrenaline Point gain: +1%	ok
sword_s20	Razor Focus	2	ng	Gain 1 Adrenaline point upon entering combat. Increases Adrenaline generation from weapon strikes by 20%. / Adrenaline Point gain: +2%	Gain 1 Adrenaline point upon entering combat. Increases Adrenaline generation from weapon strikes by 20%. / Adrenaline Point gain: +2%	ok
sword_s20	Razor Focus	3	ng	Gain 1 Adrenaline point upon entering combat. Increases Adrenaline generation from weapon strikes by 30%. / Adrenaline Point gain: +3%	Gain 1 Adrenaline point upon entering combat. Increases Adrenaline generation from weapon strikes by 30%. / Adrenaline Point gain: +3%	ok
sword_s36	Fleet-Footed	1	ng	Reduces damage received while dodging by 33%. / Adrenaline Point gain: +1%	Reduces damage received while dodging by 33%. / Adrenaline Point gain: +1%	ok
sword_s36	Fleet-Footed	2	ng	Reduces damage received while dodging by 67%. / Adrenaline Point gain: +2%	Reduces damage received while dodging by 67%. / Adrenaline Point gain: +2%	ok
sword_s36	Fleet-Footed	3	ng	Reduces damage received while dodging by 100%. / Adrenaline Point gain: +3%	Reduces damage received while dodging by 100%. / Adrenaline Point gain: +3%	ok
sword_s32	Lightning Reflexes	1	ng	Time slows by an additional 30% while aiming with the crossbow. Increases headshot damage by 250%. Grants a 5% chance to instantly kill the target. / Adrenaline Point gain: +1%	Time slows by an additional 30% while aiming with the crossbow. Increases headshot damage by 250%. Grants a 5% chance to instantly kill the target. / Adrenaline Point gain: +1%	ok
sword_s32	Lightning Reflexes	2	ng	Time slows by an additional 60% while aiming with the crossbow. Increases headshot damage by 250%. Grants a 10% chance to instantly kill the target. / Adrenaline Point gain: +2%	Time slows by an additional 60% while aiming with the crossbow. Increases headshot damage by 250%. Grants a 10% chance to instantly kill the target. / Adrenaline Point gain: +2%	ok
sword_s32	Lightning Reflexes	3	ng	Time slows by an additional 90% while aiming with the crossbow. Increases headshot damage by 250%. Grants a 15% chance to instantly kill the target. / Adrenaline Point gain: +3%	Time slows by an additional 90% while aiming with the crossbow. Increases headshot damage by 250%. Grants a 15% chance to instantly kill the target. / Adrenaline Point gain: +3%	ok
sword_s26	Anatomical Knowledge	1	ng	Increases crossbow damage by 10% of current silver sword damage. / Adrenaline Point gain: +1%	Increases crossbow damage by 10% of current silver sword damage. / Adrenaline Point gain: +1%	ok
sword_s26	Anatomical Knowledge	2	ng	Increases crossbow damage by 20% of current silver sword damage. / Adrenaline Point gain: +2%	Increases crossbow damage by 20% of current silver sword damage. / Adrenaline Point gain: +2%	ok
sword_s26	Anatomical Knowledge	3	ng	Increases crossbow damage by 30% of current silver sword damage. / Adrenaline Point gain: +3%	Increases crossbow damage by 30% of current silver sword damage. / Adrenaline Point gain: +3%	ok
sword_s35	Whirl	1	ng	A spinning attack that strikes all enemies in your immediate vicinity. Maintaining the attack consumes Stamina and Adrenaline. / Adrenaline Point gain: +1%	A spinning attack that strikes all enemies in your immediate vicinity. Maintaining the attack consumes Stamina and Adrenaline. / Adrenaline Point gain: +1%	ok
sword_s35	Whirl	2	ng	A spinning attack that strikes all enemies in your immediate vicinity. Maintaining the attack consumes Stamina and Adrenaline. Reduces Stamina and Adrenaline cost by 33% / Adrenaline Point gain: +2%	A spinning attack that strikes all enemies in your immediate vicinity. Maintaining the attack consumes Stamina and Adrenaline. Reduces Stamina and Adrenaline cost by 33% / Adrenaline Point gain: +2%	ok
sword_s35	Whirl	3	ng	A spinning attack that strikes all enemies in your immediate vicinity. Maintaining the attack consumes Stamina and Adrenaline. Reduces Stamina and Adrenaline cost by 50% / Adrenaline Point gain: +3%	A spinning attack that strikes all enemies in your immediate vicinity. Maintaining the attack consumes Stamina and Adrenaline. Reduces Stamina and Adrenaline cost by 50% / Adrenaline Point gain: +3%	ok
sword_s2	Rend	1	ng	Deals additional damage proportional to Stamina consumed. Ignores enemy defenses. Adrenaline points increase total damage by 10% per point upon hitting an enemy. / Adrenaline Point gain: +1%	Deals additional damage proportional to Stamina consumed. Ignores enemy defenses. Adrenaline points increase total damage by 10% per point upon hitting an enemy. / Adrenaline Point gain: +1%	ok
sword_s2	Rend	2	ng	Deals additional damage proportional to Stamina consumed. Ignores enemy defenses. Adrenaline points increase total damage by 20% per point upon hitting an enemy. / Adrenaline Point gain: +2%	Deals additional damage proportional to Stamina consumed. Ignores enemy defenses. Adrenaline points increase total damage by 20% per point upon hitting an enemy. / Adrenaline Point gain: +2%	ok
sword_s2	Rend	3	ng	Deals additional damage proportional to Stamina consumed. Ignores enemy defenses. Adrenaline points increase total damage by 30% per point upon hitting an enemy. / Adrenaline Point gain: +3%	Deals additional damage proportional to Stamina consumed. Ignores enemy defenses. Adrenaline points increase total damage by 30% per point upon hitting an enemy. / Adrenaline Point gain: +3%	ok
sword_s31	Counterattack	1	ng	After a successful counterattack or dodge, the next attack deals 33% additional damage. Damage dealt by crossbows is multiplied by 2. / Adrenaline Point gain: +1%	After a successful counterattack or dodge, the next attack deals 33% additional damage. Damage dealt by crossbows is multiplied by 2. / Adrenaline Point gain: +1%	ok
sword_s31	Counterattack	2	ng	After a successful counterattack or dodge, the next attack deals 67% additional damage. Damage dealt by crossbows is multiplied by 2. / Adrenaline Point gain: +2%	After a successful counterattack or dodge, the next attack deals 67% additional damage. Damage dealt by crossbows is multiplied by 2. / Adrenaline Point gain: +2%	ok
sword_s31	Counterattack	3	ng	After a successful counterattack or dodge, the next attack deals 100% additional damage. Damage dealt by crossbows is multiplied by 2. / Adrenaline Point gain: +3%	After a successful counterattack or dodge, the next attack deals 100% additional damage. Damage dealt by crossbows is multiplied by 2. / Adrenaline Point gain: +3%	ok
sword_s28	Sunder Armor	1	ng	Strong Attacks sunder enemy Armor, reducing enemy damage resistance by 10%. Stacks up to 1 time(s). / Adrenaline Point gain: +1%	Strong Attacks sunder enemy Armor, reducing enemy damage resistance by 10%. Stacks up to 1 time(s). / Adrenaline Point gain: +1%	ok
sword_s28	Sunder Armor	2	ng	Strong Attacks sunder enemy Armor, reducing enemy damage resistance by 10%. Stacks up to 2 time(s). / Adrenaline Point gain: +2%	Strong Attacks sunder enemy Armor, reducing enemy damage resistance by 10%. Stacks up to 2 time(s). / Adrenaline Point gain: +2%	ok
sword_s28	Sunder Armor	3	ng	Strong Attacks sunder enemy Armor, reducing enemy damage resistance by 10%. Stacks up to 3 time(s). / Adrenaline Point gain: +3%	Strong Attacks sunder enemy Armor, reducing enemy damage resistance by 10%. Stacks up to 3 time(s). / Adrenaline Point gain: +3%	ok
sword_s29	Crippling Strike	1	ng	Critical hits from Fast Attacks cripple enemies, increasing their damage taken by 10%. / Adrenaline Point gain: +1%	Critical hits from Fast Attacks cripple enemies, increasing their damage taken by 10%. / Adrenaline Point gain: +1%	ok
sword_s29	Crippling Strike	2	ng	Critical hits from Fast Attacks cripple enemies, increasing their damage taken by 20%. / Adrenaline Point gain: +2%	Critical hits from Fast Attacks cripple enemies, increasing their damage taken by 20%. / Adrenaline Point gain: +2%	ok
sword_s29	Crippling Strike	3	ng	Critical hits from Fast Attacks cripple enemies, increasing their damage taken by 30%. / Adrenaline Point gain: +3%	Critical hits from Fast Attacks cripple enemies, increasing their damage taken by 30%. / Adrenaline Point gain: +3%	ok
sword_s27	Maiming Shot	1	ng	After a critical hit from a weapon or Sign, the next crossbow shot disables monster special abilities for 4 seconds. / Adrenaline Point gain: +1%	After a critical hit from a weapon or Sign, the next crossbow shot disables monster special abilities for 4 seconds. / Adrenaline Point gain: +1%	ok
sword_s27	Maiming Shot	2	ng	After a critical hit from a weapon or Sign, the next crossbow shot disables monster special abilities for 8 seconds. / Adrenaline Point gain: +2%	After a critical hit from a weapon or Sign, the next crossbow shot disables monster special abilities for 8 seconds. / Adrenaline Point gain: +2%	ok
sword_s27	Maiming Shot	3	ng	After a critical hit from a weapon or Sign, the next crossbow shot disables monster special abilities for 12 seconds. / Adrenaline Point gain: +3%	After a critical hit from a weapon or Sign, the next crossbow shot disables monster special abilities for 12 seconds. / Adrenaline Point gain: +3%	ok
sword_s30	Deadly Precision	1	ng	All attacks have a chance to make the next Strong Attack instantly kill an enemy. Enemies immune to this effect generate 0.1 Adrenaline instead. / Adrenaline Point gain: +1%	All attacks have a chance to make the next Strong Attack instantly kill an enemy. Enemies immune to this effect generate 0.1 Adrenaline instead. / Adrenaline Point gain: +1%	ok
sword_s30	Deadly Precision	2	ng	All attacks have a chance to make the next Strong Attack instantly kill an enemy. Enemies immune to this effect generate 0.2 Adrenaline instead. / Adrenaline Point gain: +2%	All attacks have a chance to make the next Strong Attack instantly kill an enemy. Enemies immune to this effect generate 0.2 Adrenaline instead. / Adrenaline Point gain: +2%	ok
sword_s30	Deadly Precision	3	ng	All attacks have a chance to make the next Strong Attack instantly kill an enemy. Enemies immune to this effect generate 0.3 Adrenaline instead. / Adrenaline Point gain: +3%	All attacks have a chance to make the next Strong Attack instantly kill an enemy. Enemies immune to this effect generate 0.3 Adrenaline instead. / Adrenaline Point gain: +3%	ok
sword_s19	Flood of Anger	1	ng	When casting a Sign, consumes 3 Adrenaline points to cast the Sign at its highest level. Increases Sign intensity by 50%. / Adrenaline Point gain: +1%	When casting a Sign, consumes 3 Adrenaline points to cast the Sign at its highest level. Increases Sign intensity by 50%. / Adrenaline Point gain: +1%	ok
sword_s19	Flood of Anger	2	ng	When casting a Sign, consumes 3 Adrenaline points to cast the Sign at its highest level. Increases Sign intensity by 100%. / Adrenaline Point gain: +2%	When casting a Sign, consumes 3 Adrenaline points to cast the Sign at its highest level. Increases Sign intensity by 100%. / Adrenaline Point gain: +2%	ok
sword_s19	Flood of Anger	3	ng	When casting a Sign, consumes 3 Adrenaline points to cast the Sign at its highest level. Increases Sign intensity by 150%. / Adrenaline Point gain: +3%	When casting a Sign, consumes 3 Adrenaline points to cast the Sign at its highest level. Increases Sign intensity by 150%. / Adrenaline Point gain: +3%	ok
magic_s20	Far-Reaching Aard	1	ng	Increases Aard range by 1 yard(s). / Stamina regeneration in combat: +0.5/s	Increases Aard range by 1 yard(s). / Stamina regeneration in combat: +0.5/s	ok
magic_s20	Far-Reaching Aard	2	ng	Increases Aard range by 2 yard(s). / Stamina regeneration in combat: +1/s	Increases Aard range by 2 yard(s). / Stamina regeneration in combat: +1/s	ok
magic_s20	Far-Reaching Aard	3	ng	Increases Aard range by 3 yard(s). / Stamina regeneration in combat: +1.5/s	Increases Aard range by 3 yard(s). / Stamina regeneration in combat: +1.5/s	ok
magic_s8	Melt Armor	1	ng	Damage dealt by Igni also reduces Armor. Reduction amount increases with skill level. Increases Burn chance  by 10%. / Stamina regeneration in combat: +0.5/s	Damage dealt by Igni also reduces Armor. Reduction amount increases with skill level. Increases Burn chance  by 10%. / Stamina regeneration in combat: +0.5/s	ok
magic_s8	Melt Armor	2	ng	Damage dealt by Igni also reduces Armor. Reduction amount increases with skill level. Increases Burn chance  by 20%. / Stamina regeneration in combat: +1/s	Damage dealt by Igni also reduces Armor. Reduction amount increases with skill level. Increases Burn chance  by 20%. / Stamina regeneration in combat: +1/s	ok
magic_s8	Melt Armor	3	ng	Damage dealt by Igni also reduces Armor. Reduction amount increases with skill level. Increases Burn chance  by 30%. / Stamina regeneration in combat: +1.5/s	Damage dealt by Igni also reduces Armor. Reduction amount increases with skill level. Increases Burn chance  by 30%. / Stamina regeneration in combat: +1.5/s	ok
magic_s42	Sustained Glyphs	1	ng	Increases Sign duration by 5 seconds and area of effect by 10%. Increases the number of alternate mode charges by 2 and number of standard mode traps by 1. / Stamina regeneration in combat: +0.5/s	Increases Sign duration by 5 seconds and area of effect by 10%. Increases the number of alternate mode charges by 2 and number of standard mode traps by 1. / Stamina regeneration in combat: +0.5/s	ok
magic_s42	Sustained Glyphs	2	ng	Increases Sign duration by 10 seconds and area of effect by 20%. Increases the number of alternate mode charges by 4 and number of standard mode traps by 2. / Stamina regeneration in combat: +1/s	Increases Sign duration by 10 seconds and area of effect by 20%. Increases the number of alternate mode charges by 4 and number of standard mode traps by 2. / Stamina regeneration in combat: +1/s	ok
magic_s42	Sustained Glyphs	3	ng	Increases Sign duration by 15 seconds and area of effect by 30%. Increases the number of alternate mode charges by 6 and number of standard mode traps by 3. / Stamina regeneration in combat: +1.5/s	Increases Sign duration by 15 seconds and area of effect by 30%. Increases the number of alternate mode charges by 6 and number of standard mode traps by 3. / Stamina regeneration in combat: +1.5/s	ok
magic_s13	Exploding Shield	1	ng	Whenever Quen shield breaks, it pushes enemies back. Push-back strength increases with skill level. / Stamina regeneration in combat: +0.5/s	Whenever Quen shield breaks, it pushes enemies back. Push-back strength increases with skill level. / Stamina regeneration in combat: +0.5/s	ok
magic_s13	Exploding Shield	2	ng	Whenever Quen shield breaks, it pushes enemies back. Push-back strength increases with skill level. / Stamina regeneration in combat: +1/s	Whenever Quen shield breaks, it pushes enemies back. Push-back strength increases with skill level. / Stamina regeneration in combat: +1/s	ok
magic_s13	Exploding Shield	3	ng	Whenever Quen shield breaks, it pushes enemies back. Push-back strength increases with skill level. / Stamina regeneration in combat: +1.5/s	Whenever Quen shield breaks, it pushes enemies back. Push-back strength increases with skill level. / Stamina regeneration in combat: +1.5/s	ok
magic_s17	Delusion	1	ng	Target does not move towards Geralt while Axii is being cast. Increases the effectiveness of Axii in conversations. / Stamina regeneration in combat: +0.5/s	Target does not move towards Geralt while Axii is being cast. Increases the effectiveness of Axii in conversations. / Stamina regeneration in combat: +0.5/s	ok
magic_s17	Delusion	2	ng	Target does not move towards Geralt while Axii is being cast. Increases the effectiveness of Axii in conversations. / Stamina regeneration in combat: +1/s	Target does not move towards Geralt while Axii is being cast. Increases the effectiveness of Axii in conversations. / Stamina regeneration in combat: +1/s	ok
magic_s17	Delusion	3	ng	Target does not move towards Geralt while Axii is being cast. Increases the effectiveness of Axii in conversations. / Stamina regeneration in combat: +1.5/s	Target does not move towards Geralt while Axii is being cast. Increases the effectiveness of Axii in conversations. / Stamina regeneration in combat: +1.5/s	ok
magic_s1	Aard Sweep	1	ng	Alternate Sign mode: Aard strikes down all opponents within a certain radius. Reduces knock-down chance by 0%. / Stamina regeneration in combat: +0.5/s	Alternate Sign mode: Aard strikes down all opponents within a certain radius. Reduces knock-down chance by 0%. / Stamina regeneration in combat: +0.5/s	ok
magic_s1	Aard Sweep	2	ng	Alternate Sign mode: Aard strikes down all opponents within a certain radius. Reduces knock-down chance by 0%. / Stamina regeneration in combat: +1/s	Alternate Sign mode: Aard strikes down all opponents within a certain radius. Reduces knock-down chance by 0%. / Stamina regeneration in combat: +1/s	ok
magic_s1	Aard Sweep	3	ng	Alternate Sign mode: Aard strikes down all opponents within a certain radius. / Stamina regeneration in combat: +1.5/s	Alternate Sign mode: Aard strikes down all opponents within a certain radius. / Stamina regeneration in combat: +1.5/s	ok
magic_s28	Firestream	1	ng	Emits a continuous stream of fire that damages enemies. / Stamina regeneration in combat: +0.5/s	Emits a continuous stream of fire that damages enemies. / Stamina regeneration in combat: +0.5/s	ok
magic_s28	Firestream	2	ng	Emits a continuous stream of fire that damages enemies. Reduces Stamina cost by 25%. / Stamina regeneration in combat: +1/s	Emits a continuous stream of fire that damages enemies. Reduces Stamina cost by 25%. / Stamina regeneration in combat: +1/s	ok
magic_s28	Firestream	3	ng	Emits a continuous stream of fire that damages enemies. Reduces Stamina cost by 50%. / Stamina regeneration in combat: +1.5/s	Emits a continuous stream of fire that damages enemies. Reduces Stamina cost by 50%. / Stamina regeneration in combat: +1.5/s	ok
magic_s3	Magic Trap	1	ng	Releases a magic discharge that damages and slows enemies within a 14-yard radius. / Stamina regeneration in combat: +0.5/s	Releases a magic discharge that damages and slows enemies within a 14-yard radius. / Stamina regeneration in combat: +0.5/s	ok
magic_s3	Magic Trap	2	ng	Releases a magic discharge that damages and slows enemies within a 14-yard radius. Increases damage by 25%. / Stamina regeneration in combat: +1/s	Releases a magic discharge that damages and slows enemies within a 14-yard radius. Increases damage by 25%. / Stamina regeneration in combat: +1/s	ok
magic_s3	Magic Trap	3	ng	Releases a magic discharge that damages and slows enemies within a 14-yard radius. Increases damage by 50%. / Stamina regeneration in combat: +1.5/s	Releases a magic discharge that damages and slows enemies within a 14-yard radius. Increases damage by 50%. / Stamina regeneration in combat: +1.5/s	ok
magic_s4	Active Shield	1	ng	Creates an active shield. Maintaining and blocking with it drains Stamina by 100%. Damage absorbed by the shield restores Vitality. / Stamina regeneration in combat: +0.5/s	Creates an active shield. Maintaining and blocking with it drains Stamina by 100%. Damage absorbed by the shield restores Vitality. / Stamina regeneration in combat: +0.5/s	ok
magic_s4	Active Shield	2	ng	Creates an active shield. Maintaining and blocking with it drains Stamina by 50%. Damage absorbed by the shield restores Vitality. / Stamina regeneration in combat: +1/s	Creates an active shield. Maintaining and blocking with it drains Stamina by 50%. Damage absorbed by the shield restores Vitality. / Stamina regeneration in combat: +1/s	ok
magic_s4	Active Shield	3	ng	Creates an active shield. Maintaining and blocking with it does not drain Stamina. Damage absorbed by the shield restores Vitality. / Stamina regeneration in combat: +1.5/s	Creates an active shield. Maintaining and blocking with it does not drain Stamina. Damage absorbed by the shield restores Vitality. / Stamina regeneration in combat: +1.5/s	ok
magic_s31	Puppetmaster	1	ng	A targeted enemy briefly becomes an ally that deals 20% more damage. / Stamina regeneration in combat: +0.5/s	A targeted enemy briefly becomes an ally that deals 20% more damage. / Stamina regeneration in combat: +0.5/s	ok
magic_s31	Puppetmaster	2	ng	A targeted enemy briefly becomes an ally that deals 40% more damage. / Stamina regeneration in combat: +1/s	A targeted enemy briefly becomes an ally that deals 40% more damage. / Stamina regeneration in combat: +1/s	ok
magic_s31	Puppetmaster	3	ng	A targeted enemy briefly becomes an ally that deals 60% more damage. / Stamina regeneration in combat: +1.5/s	A targeted enemy briefly becomes an ally that deals 60% more damage. / Stamina regeneration in combat: +1.5/s	ok
magic_s11	Supercharged Glyphs	1	ng	Enemies under the influence of Yrden lose 10 Vitality or Essence per second. Damage scales with enemy level and Sign intensity. / Stamina regeneration in combat: +0.5/s	Enemies under the influence of Yrden lose 10 Vitality or Essence per second. Damage scales with enemy level and Sign intensity. / Stamina regeneration in combat: +0.5/s	ok
magic_s11	Supercharged Glyphs	2	ng	Enemies under the influence of Yrden lose 20 Vitality or Essence per second. Damage scales with enemy level and Sign intensity. / Stamina regeneration in combat: +1/s	Enemies under the influence of Yrden lose 20 Vitality or Essence per second. Damage scales with enemy level and Sign intensity. / Stamina regeneration in combat: +1/s	ok
magic_s11	Supercharged Glyphs	3	ng	Enemies under the influence of Yrden lose 30 Vitality or Essence per second. Damage scales with enemy level and Sign intensity. / Stamina regeneration in combat: +1.5/s	Enemies under the influence of Yrden lose 30 Vitality or Essence per second. Damage scales with enemy level and Sign intensity. / Stamina regeneration in combat: +1.5/s	ok
magic_s33	Shockwave	1	ng	Increases damage dealt by Aard by 1% of current Vitality. / Stamina regeneration in combat: +0.5/s	Increases damage dealt by Aard by 1% of current Vitality. / Stamina regeneration in combat: +0.5/s	ok
magic_s33	Shockwave	2	ng	Increases damage dealt by Aard by 2% of current Vitality. / Stamina regeneration in combat: +1/s	Increases damage dealt by Aard by 2% of current Vitality. / Stamina regeneration in combat: +1/s	ok
magic_s33	Shockwave	3	ng	Increases damage dealt by Aard by 3% of current Vitality. / Stamina regeneration in combat: +1.5/s	Increases damage dealt by Aard by 3% of current Vitality. / Stamina regeneration in combat: +1.5/s	ok
magic_s19	Domination	1	ng	Axii can influence two targets simultaneously, but the effect is 50% weaker. / Stamina regeneration in combat: +0.5/s	Axii can influence two targets simultaneously, but the effect is 50% weaker. / Stamina regeneration in combat: +0.5/s	ok
magic_s19	Domination	2	ng	Axii can influence two targets simultaneously, but the effect is 25% weaker. / Stamina regeneration in combat: +1/s	Axii can influence two targets simultaneously, but the effect is 25% weaker. / Stamina regeneration in combat: +1/s	ok
magic_s19	Domination	3	ng	Axii can influence two targets simultaneously. / Stamina regeneration in combat: +1.5/s	Axii can influence two targets simultaneously. / Stamina regeneration in combat: +1.5/s	ok
magic_s35	Catalyst	1	ng	Increases Aard and Igni intensity by 30% against enemies inside Yrden. / Stamina regeneration in combat: +0.5/s	Increases Aard and Igni intensity by 30% against enemies inside Yrden. / Stamina regeneration in combat: +0.5/s	ok
magic_s35	Catalyst	2	ng	Increases Aard and Igni intensity by 60% against enemies inside Yrden. / Stamina regeneration in combat: +1/s	Increases Aard and Igni intensity by 60% against enemies inside Yrden. / Stamina regeneration in combat: +1/s	ok
magic_s35	Catalyst	3	ng	Increases Aard and Igni intensity by 90% against enemies inside Yrden. / Stamina regeneration in combat: +1.5/s	Increases Aard and Igni intensity by 90% against enemies inside Yrden. / Stamina regeneration in combat: +1.5/s	ok
magic_s36	Fortify Signs	1	ng	Increases the duration of Yrden, Quen and Axii by 20%. / Stamina regeneration in combat: +0.5/s	Increases the duration of Yrden, Quen and Axii by 20%. / Stamina regeneration in combat: +0.5/s	ok
magic_s36	Fortify Signs	2	ng	Increases the duration of Yrden, Quen and Axii by 40%. / Stamina regeneration in combat: +1/s	Increases the duration of Yrden, Quen and Axii by 40%. / Stamina regeneration in combat: +1/s	ok
magic_s36	Fortify Signs	3	ng	Increases the duration of Yrden, Quen and Axii by 60%. / Stamina regeneration in combat: +1.5/s	Increases the duration of Yrden, Quen and Axii by 60%. / Stamina regeneration in combat: +1.5/s	ok
magic_s37	Chain Reaction	1	ng	Casting a Sign increases the intensity of the next different Sign by 5%. Stacks up to 5 times. / Stamina regeneration in combat: +0.5/s	Casting a Sign increases the intensity of the next different Sign by 5%. Stacks up to 5 times. / Stamina regeneration in combat: +0.5/s	ok
magic_s37	Chain Reaction	2	ng	Casting a Sign increases the intensity of the next different Sign by 10%. Stacks up to 5 times. / Stamina regeneration in combat: +1/s	Casting a Sign increases the intensity of the next different Sign by 10%. Stacks up to 5 times. / Stamina regeneration in combat: +1/s	ok
magic_s37	Chain Reaction	3	ng	Casting a Sign increases the intensity of the next different Sign by 15%. Stacks up to 5 times. / Stamina regeneration in combat: +1.5/s	Casting a Sign increases the intensity of the next different Sign by 15%. Stacks up to 5 times. / Stamina regeneration in combat: +1.5/s	ok
magic_s38	Focus	1	ng	Adrenaline increases Sign intensity by 10% per Adrenaline point. / Stamina regeneration in combat: +0.5/s	Adrenaline increases Sign intensity by 10% per Adrenaline point. / Stamina regeneration in combat: +0.5/s	ok
magic_s38	Focus	2	ng	Adrenaline increases Sign intensity by 20% per Adrenaline point. / Stamina regeneration in combat: +1/s	Adrenaline increases Sign intensity by 20% per Adrenaline point. / Stamina regeneration in combat: +1/s	ok
magic_s38	Focus	3	ng	Adrenaline increases Sign intensity by 30% per Adrenaline point. / Stamina regeneration in combat: +1.5/s	Adrenaline increases Sign intensity by 30% per Adrenaline point. / Stamina regeneration in combat: +1.5/s	ok
magic_s39	Sidestep	1	ng	After a successful dodge or roll, reduces the Stamina cost for the next Sign cast by 20%. / Stamina regeneration in combat: +0.5/s	After a successful dodge or roll, reduces the Stamina cost for the next Sign cast by 20%. / Stamina regeneration in combat: +0.5/s	ok
magic_s39	Sidestep	2	ng	After a successful dodge or roll, reduces the Stamina cost for the next Sign cast by 40%. / Stamina regeneration in combat: +1/s	After a successful dodge or roll, reduces the Stamina cost for the next Sign cast by 40%. / Stamina regeneration in combat: +1/s	ok
magic_s39	Sidestep	3	ng	After a successful dodge or roll, reduces the Stamina cost for the next Sign cast by 60%. / Stamina regeneration in combat: +1.5/s	After a successful dodge or roll, reduces the Stamina cost for the next Sign cast by 60%. / Stamina regeneration in combat: +1.5/s	ok
magic_s40	Aftershock	1	ng	Casting any Sign deals magic damage within a small radius. Damage increases with skill level and Sign intensity. / Stamina regeneration in combat: +0.5/s	Casting any Sign deals magic damage within a small radius. Damage increases with skill level and Sign intensity. / Stamina regeneration in combat: +0.5/s	ok
magic_s40	Aftershock	2	ng	Casting any Sign deals magic damage within a small radius. Damage increases with skill level and Sign intensity. / Stamina regeneration in combat: +1/s	Casting any Sign deals magic damage within a small radius. Damage increases with skill level and Sign intensity. / Stamina regeneration in combat: +1/s	ok
magic_s40	Aftershock	3	ng	Casting any Sign deals magic damage within a small radius. Damage increases with skill level and Sign intensity. / Stamina regeneration in combat: +1.5/s	Casting any Sign deals magic damage within a small radius. Damage increases with skill level and Sign intensity. / Stamina regeneration in combat: +1.5/s	ok
magic_s41	Resonance	1	ng	After casting a Sign, the next three melee attacks deal additional damage equal to $I$% Sign intensity.	After casting a Sign, the next three melee attacks deal additional damage equal to $I$% Sign intensity.	ok
magic_s41	Resonance	2	ng	After casting a Sign, the next three melee attacks deal additional damage equal to $I$% Sign intensity.	After casting a Sign, the next three melee attacks deal additional damage equal to $I$% Sign intensity.	ok
magic_s41	Resonance	3	ng	After casting a Sign, the next three melee attacks deal additional damage equal to $I$% Sign intensity.	After casting a Sign, the next three melee attacks deal additional damage equal to $I$% Sign intensity.	ok
alchemy_s2	Refreshment	1	ng	Each potion dose heals 10% Vitality.	Each potion dose heals 10% Vitality.	ok
alchemy_s2	Refreshment	2	ng	Each potion dose heals 20% Vitality.	Each potion dose heals 20% Vitality.	ok
alchemy_s2	Refreshment	3	ng	Each potion dose heals 30% Vitality.	Each potion dose heals 30% Vitality.	ok
alchemy_s8	Efficiency	1	ng	Increases the maximum number of bombs in each slot by 1.	Increases the maximum number of bombs in each slot by 1.	ok
alchemy_s8	Efficiency	2	ng	Increases the maximum number of bombs in each slot by 2.	Increases the maximum number of bombs in each slot by 2.	ok
alchemy_s8	Efficiency	3	ng	Increases the maximum number of bombs in each slot by 3.	Increases the maximum number of bombs in each slot by 3.	ok
alchemy_s16	Frenzy	1	ng	If potion Toxicity is greater than 1, time automatically slows by 5% when the enemy is about to perform a counterattack.	If potion Toxicity is greater than 1, time automatically slows by 5% when the enemy is about to perform a counterattack.	ok
alchemy_s16	Frenzy	2	ng	If potion Toxicity is greater than 1, time automatically slows by 10% when the enemy is about to perform a counterattack.	If potion Toxicity is greater than 1, time automatically slows by 10% when the enemy is about to perform a counterattack.	ok
alchemy_s16	Frenzy	3	ng	If potion Toxicity is greater than 1, time automatically slows by 15% when the enemy is about to perform a counterattack.	If potion Toxicity is greater than 1, time automatically slows by 15% when the enemy is about to perform a counterattack.	ok
alchemy_s14	Adaptability	1	ng	Extends the duration of all mutagen decoctions by 33%.	Extends the duration of all mutagen decoctions by 33%.	ok
alchemy_s14	Adaptability	2	ng	Extends the duration of all mutagen decoctions by 67%.	Extends the duration of all mutagen decoctions by 67%.	ok
alchemy_s14	Adaptability	3	ng	Extends the duration of all mutagen decoctions by 100%.	Extends the duration of all mutagen decoctions by 100%.	ok
alchemy_s20	Endure Pain	1	ng	Increases maximum Vitality by 0% if Toxicity exceeds the safety threshold.	Increases maximum Vitality by 0% if Toxicity exceeds the safety threshold.	ok
alchemy_s20	Endure Pain	2	ng	Increases maximum Vitality by 0% if Toxicity exceeds the safety threshold.	Increases maximum Vitality by 0% if Toxicity exceeds the safety threshold.	ok
alchemy_s20	Endure Pain	3	ng	Increases maximum Vitality by 0% if Toxicity exceeds the safety threshold.	Increases maximum Vitality by 0% if Toxicity exceeds the safety threshold.	ok
alchemy_s10	Pyrotechnics	1	ng	All bombs, even those that do not inflict damage, now deal 50 damage in addition to their normal effects.	All bombs, even those that do not inflict damage, now deal 50 damage in addition to their normal effects.	ok
alchemy_s10	Pyrotechnics	2	ng	All bombs, even those that do not inflict damage, now deal 100 damage in addition to their normal effects.	All bombs, even those that do not inflict damage, now deal 100 damage in addition to their normal effects.	ok
alchemy_s10	Pyrotechnics	3	ng	All bombs, even those that do not inflict damage, now deal 150 damage in addition to their normal effects.	All bombs, even those that do not inflict damage, now deal 150 damage in addition to their normal effects.	ok
alchemy_s27	Hunter Instinct	1	ng	When Adrenaline points reach their maximum, increases critical hit damage against the targeted enemy type by 20% if the correct oil is applied.	When Adrenaline points reach their maximum, increases critical hit damage against the targeted enemy type by 20% if the correct oil is applied.	ok
alchemy_s27	Hunter Instinct	2	ng	When Adrenaline points reach their maximum, increases critical hit damage against the targeted enemy type by 40% if the correct oil is applied.	When Adrenaline points reach their maximum, increases critical hit damage against the targeted enemy type by 40% if the correct oil is applied.	ok
alchemy_s27	Hunter Instinct	3	ng	When Adrenaline points reach their maximum, increases critical hit damage against the targeted enemy type by 60% if the correct oil is applied.	When Adrenaline points reach their maximum, increases critical hit damage against the targeted enemy type by 60% if the correct oil is applied.	ok
alchemy_s12	Poisoned Blades	1	ng	Oil applied to blades has a 5% chance of poisoning the target.	Oil applied to blades has a 5% chance of poisoning the target.	ok
alchemy_s12	Poisoned Blades	2	ng	Oil applied to blades has a 10% chance of poisoning the target.	Oil applied to blades has a 10% chance of poisoning the target.	ok
alchemy_s12	Poisoned Blades	3	ng	Oil applied to blades has a 15% chance of poisoning the target.	Oil applied to blades has a 15% chance of poisoning the target.	ok
alchemy_s5	Protective Coating	1	ng	Adds 5% protection against attacks from the monster type targeted by the oil.	Adds 5% protection against attacks from the monster type targeted by the oil.	ok
alchemy_s5	Protective Coating	2	ng	Adds 10% protection against attacks from the monster type targeted by the oil.	Adds 10% protection against attacks from the monster type targeted by the oil.	ok
alchemy_s5	Protective Coating	3	ng	Adds 15% protection against attacks from the monster type targeted by the oil.	Adds 15% protection against attacks from the monster type targeted by the oil.	ok
alchemy_s18	Acquired Tolerance	1	ng	Every learned alchemical recipe increases maximum Toxicity by 1.	Every learned alchemical recipe increases maximum Toxicity by 1.	ok
alchemy_s18	Acquired Tolerance	2	ng	Every learned alchemical recipe increases maximum Toxicity by 2.	Every learned alchemical recipe increases maximum Toxicity by 2.	ok
alchemy_s18	Acquired Tolerance	3	ng	Every learned alchemical recipe increases maximum Toxicity by 3.	Every learned alchemical recipe increases maximum Toxicity by 3.	ok
alchemy_s23	Toxic Shock	1	ng	Hitting a poisoned enemy with a Strong Attack consumes the poison, causing an extra burst of poison damage equal to 25% of the attack damage. Can be used once every 5 seconds.	Hitting a poisoned enemy with a Strong Attack consumes the poison, causing an extra burst of poison damage equal to 25% of the attack damage. Can be used once every 5 seconds.	ok
alchemy_s23	Toxic Shock	2	ng	Hitting a poisoned enemy with a Strong Attack consumes the poison, causing an extra burst of poison damage equal to 50% of the attack damage. Can be used once every 5 seconds.	Hitting a poisoned enemy with a Strong Attack consumes the poison, causing an extra burst of poison damage equal to 50% of the attack damage. Can be used once every 5 seconds.	ok
alchemy_s23	Toxic Shock	3	ng	Hitting a poisoned enemy with a Strong Attack consumes the poison, causing an extra burst of poison damage equal to 75% of the attack damage. Can be used once every 5 seconds.	Hitting a poisoned enemy with a Strong Attack consumes the poison, causing an extra burst of poison damage equal to 75% of the attack damage. Can be used once every 5 seconds.	ok
alchemy_s13	Tissue Transmutation	1	ng	Decoctions increase maximum Vitality by 300 for the decoction's effective duration.	Decoctions increase maximum Vitality by 300 for the decoction's effective duration.	ok
alchemy_s13	Tissue Transmutation	2	ng	Decoctions increase maximum Vitality by 600 for the decoction's effective duration.	Decoctions increase maximum Vitality by 600 for the decoction's effective duration.	ok
alchemy_s13	Tissue Transmutation	3	ng	Decoctions increase maximum Vitality by 900 for the decoction's effective duration.	Decoctions increase maximum Vitality by 900 for the decoction's effective duration.	ok
alchemy_s3	Delayed Recovery	1	ng	When Toxicity is above 70%, each consumed potion increases the duration of active potions' effects by 5 seconds, up to their maximum duration.	When Toxicity is above 70%, each consumed potion increases the duration of active potions' effects by 5 seconds, up to their maximum duration.	ok
alchemy_s3	Delayed Recovery	2	ng	When Toxicity is above 65%, each consumed potion increases the duration of active potions' effects by 5 seconds, up to their maximum duration.	When Toxicity is above 65%, each consumed potion increases the duration of active potions' effects by 5 seconds, up to their maximum duration.	ok
alchemy_s3	Delayed Recovery	3	ng	When Toxicity is above 55%, each consumed potion increases the duration of active potions' effects by 5 seconds, up to their maximum duration.	When Toxicity is above 55%, each consumed potion increases the duration of active potions' effects by 5 seconds, up to their maximum duration.	ok
alchemy_s24	High Tolerance	1	ng	While at 80% Toxicity or higher, take 150% damage from enemies. Increases critical hit damage equal to 33% of current Toxicity.	While at 80% Toxicity or higher, take 150% damage from enemies. Increases critical hit damage equal to 33% of current Toxicity.	ok
alchemy_s24	High Tolerance	2	ng	While at 80% Toxicity or higher, take 150% damage from enemies. Increases critical hit damage equal to 67% of current Toxicity.	While at 80% Toxicity or higher, take 150% damage from enemies. Increases critical hit damage equal to 67% of current Toxicity.	ok
alchemy_s24	High Tolerance	3	ng	While at 80% Toxicity or higher, take 150% damage from enemies. Increases critical hit damage equal to 100% of current Toxicity.	While at 80% Toxicity or higher, take 150% damage from enemies. Increases critical hit damage equal to 100% of current Toxicity.	ok
alchemy_s25	Volatile Compound	1	ng	Bomb damage increases by 0.1% per point of Toxicity.	Bomb damage increases by 0.1% per point of Toxicity.	ok
alchemy_s25	Volatile Compound	2	ng	Bomb damage increases by 0.2% per point of Toxicity.	Bomb damage increases by 0.2% per point of Toxicity.	ok
alchemy_s25	Volatile Compound	3	ng	Bomb damage increases by 0.3% per point of Toxicity.	Bomb damage increases by 0.3% per point of Toxicity.	ok
alchemy_s22	Debilitating Poison	1	ng	Poisoned targets deal 5% less damage.	Poisoned targets deal 5% less damage.	ok
alchemy_s22	Debilitating Poison	2	ng	Poisoned targets deal 10% less damage.	Poisoned targets deal 10% less damage.	ok
alchemy_s22	Debilitating Poison	3	ng	Poisoned targets deal 15% less damage.	Poisoned targets deal 15% less damage.	ok
alchemy_s15	Fast Metabolism	1	ng	Toxicity drops 1 points per second faster.	Toxicity drops 1 points per second faster.	ok
alchemy_s15	Fast Metabolism	2	ng	Toxicity drops 2 points per second faster.	Toxicity drops 2 points per second faster.	ok
alchemy_s15	Fast Metabolism	3	ng	Toxicity drops 3 points per second faster.	Toxicity drops 3 points per second faster.	ok
alchemy_s11	Cluster Bombs	1	ng	Bombs explode into 2 fragments, dealing 40% of the original bomb's damage for each fragment.	Bombs explode into 2 fragments, dealing 40% of the original bomb's damage for each fragment.	ok
alchemy_s11	Cluster Bombs	2	ng	Bombs explode into 3 fragments, dealing 40% of the original bomb's damage for each fragment.	Bombs explode into 3 fragments, dealing 40% of the original bomb's damage for each fragment.	ok
alchemy_s11	Cluster Bombs	3	ng	Bombs explode into 4 fragments, dealing 40% of the original bomb's damage for each fragment.	Bombs explode into 4 fragments, dealing 40% of the original bomb's damage for each fragment.	ok
alchemy_s4	Side Effects	1	ng	Drinking a potion has a 33% chance of activating the effects of another random potion without increasing Toxicity. You can only have one bonus effect at a time.	Drinking a potion has a 33% chance of activating the effects of another random potion without increasing Toxicity. You can only have one bonus effect at a time.	ok
alchemy_s4	Side Effects	2	ng	Drinking a potion has a 67% chance of activating the effects of another random potion without increasing Toxicity. You can only have one bonus effect at a time.	Drinking a potion has a 67% chance of activating the effects of another random potion without increasing Toxicity. You can only have one bonus effect at a time.	ok
alchemy_s4	Side Effects	3	ng	Drinking a potion has a 100% chance of activating the effects of another random potion without increasing Toxicity. You can only have one bonus effect at a time.	Drinking a potion has a 100% chance of activating the effects of another random potion without increasing Toxicity. You can only have one bonus effect at a time.	ok
alchemy_s26	Potent Sting	1	ng	Poisoned weapons deal an additional 5% damage, or an additional 10% damage to targets immune to poison.	Poisoned weapons deal an additional 5% damage, or an additional 10% damage to targets immune to poison.	ok
alchemy_s26	Potent Sting	2	ng	Poisoned weapons deal an additional 10% damage, or an additional 20% damage to targets immune to poison.	Poisoned weapons deal an additional 10% damage, or an additional 20% damage to targets immune to poison.	ok
alchemy_s26	Potent Sting	3	ng	Poisoned weapons deal an additional 15% damage, or an additional 30% damage to targets immune to poison.	Poisoned weapons deal an additional 15% damage, or an additional 30% damage to targets immune to poison.	ok
perk_23	Cat School Techniques	1	ng	Each piece of Light Armor increases critical hit damage by 8% and Fast Attack damage by 2%.	Each piece of Light Armor increases critical hit damage by 8% and Fast Attack damage by 2%.	ok
perk_23	Cat School Techniques	2	ng	Each piece of Light Armor increases critical hit damage by 16% and Fast Attack damage by 4%.	Each piece of Light Armor increases critical hit damage by 16% and Fast Attack damage by 4%.	ok
perk_23	Cat School Techniques	3	ng	Each piece of Light Armor increases critical hit damage by 24% and Fast Attack damage by 6%.	Each piece of Light Armor increases critical hit damage by 24% and Fast Attack damage by 6%.	ok
perk_40	Battle Frenzy	1	ng	Increases critical hit chance by 3% per Adrenaline point available.	Increases critical hit chance by 3% per Adrenaline point available.	ok
perk_40	Battle Frenzy	2	ng	Increases critical hit chance by 6% per Adrenaline point available.	Increases critical hit chance by 6% per Adrenaline point available.	ok
perk_40	Battle Frenzy	3	ng	Increases critical hit chance by 9% per Adrenaline point available.	Increases critical hit chance by 9% per Adrenaline point available.	ok
perk_26	Wolf School Techniques	1	ng	Each piece of Medium Armor increases weapon damage by 2% and Sign intensity by 2%.	Each piece of Medium Armor increases weapon damage by 2% and Sign intensity by 2%.	ok
perk_26	Wolf School Techniques	2	ng	Each piece of Medium Armor increases weapon damage by 4% and Sign intensity by 4%.	Each piece of Medium Armor increases weapon damage by 4% and Sign intensity by 4%.	ok
perk_26	Wolf School Techniques	3	ng	Each piece of Medium Armor increases weapon damage by 6% and Sign intensity by 6%.	Each piece of Medium Armor increases weapon damage by 6% and Sign intensity by 6%.	ok
perk_42	Adrenaline Burst	1	ng	Increases Adrenaline generation by 2% and allows Signs to generate Adrenaline.	Increases Adrenaline generation by 2% and allows Signs to generate Adrenaline.	ok
perk_42	Adrenaline Burst	2	ng	Increases Adrenaline generation by 4% and allows Signs to generate Adrenaline.	Increases Adrenaline generation by 4% and allows Signs to generate Adrenaline.	ok
perk_42	Adrenaline Burst	3	ng	Increases Adrenaline generation by 6% and allows Signs to generate Adrenaline.	Increases Adrenaline generation by 6% and allows Signs to generate Adrenaline.	ok
perk_31	Attack is the Best Defense	1	ng	Each successful defensive action generates Adrenaline points. Scales with every skill level.	Each successful defensive action generates Adrenaline points. Scales with every skill level.	ok
perk_31	Attack is the Best Defense	2	ng	Each successful defensive action generates Adrenaline points. Scales with every skill level.	Each successful defensive action generates Adrenaline points. Scales with every skill level.	ok
perk_31	Attack is the Best Defense	3	ng	Each successful defensive action generates Adrenaline points. Scales with every skill level.	Each successful defensive action generates Adrenaline points. Scales with every skill level.	ok
perk_38	Sun and Stars	1	ng	During the day, Vitality regenerates by an additional 10 points per second when Geralt is not in combat. During the night, Stamina regenerates by an additional 1 points per second during combat.	During the day, Vitality regenerates by an additional 10 points per second when Geralt is not in combat. During the night, Stamina regenerates by an additional 1 points per second during combat.	ok
perk_38	Sun and Stars	2	ng	During the day, Vitality regenerates by an additional 20 points per second when Geralt is not in combat. During the night, Stamina regenerates by an additional 2 points per second during combat.	During the day, Vitality regenerates by an additional 20 points per second when Geralt is not in combat. During the night, Stamina regenerates by an additional 2 points per second during combat.	ok
perk_38	Sun and Stars	3	ng	During the day, Vitality regenerates by an additional 30 points per second when Geralt is not in combat. During the night, Stamina regenerates by an additional 3 points per second during combat.	During the day, Vitality regenerates by an additional 30 points per second when Geralt is not in combat. During the night, Stamina regenerates by an additional 3 points per second during combat.	ok
perk_35	Strong Back	1	ng	Increases maximum inventory weight by 20.	Increases maximum inventory weight by 20.	ok
perk_35	Strong Back	2	ng	Increases maximum inventory weight by 40.	Increases maximum inventory weight by 40.	ok
perk_35	Strong Back	3	ng	Increases maximum inventory weight by 60.	Increases maximum inventory weight by 60.	ok
perk_25	Bear School Techniques	1	ng	Each piece of Heavy Armor increases maximum Vitality by 2% and Strong Attack damage by 2%.	Each piece of Heavy Armor increases maximum Vitality by 2% and Strong Attack damage by 2%.	ok
perk_25	Bear School Techniques	2	ng	Each piece of Heavy Armor increases maximum Vitality by 4% and Strong Attack damage by 4%.	Each piece of Heavy Armor increases maximum Vitality by 4% and Strong Attack damage by 4%.	ok
perk_25	Bear School Techniques	3	ng	Each piece of Heavy Armor increases maximum Vitality by 6% and Strong Attack damage by 6%.	Each piece of Heavy Armor increases maximum Vitality by 6% and Strong Attack damage by 6%.	ok
perk_30	Survival Instinct	1	ng	Increases maximum Vitality by 8%.	Increases maximum Vitality by 8%.	ok
perk_30	Survival Instinct	2	ng	Increases maximum Vitality by 16%.	Increases maximum Vitality by 16%.	ok
perk_30	Survival Instinct	3	ng	Increases maximum Vitality by 24%.	Increases maximum Vitality by 24%.	ok
perk_41	Gourmand	1	ng	Consuming food regenerates Vitality for 5 minutes.	Consuming food regenerates Vitality for 5 minutes.	ok
perk_41	Gourmand	2	ng	Consuming food regenerates Vitality for 10 minutes.	Consuming food regenerates Vitality for 10 minutes.	ok
perk_41	Gourmand	3	ng	Consuming food regenerates Vitality for 15 minutes.	Consuming food regenerates Vitality for 15 minutes.	ok
perk_34	Anger Management	1	ng	Allows casting Signs using Adrenaline points when Stamina is empty. Consumes 2 Adrenaline point(s) per cast.	Allows casting Signs using Adrenaline points when Stamina is empty. Consumes 2 Adrenaline point(s) per cast.	ok
perk_34	Anger Management	2	ng	Allows casting Signs using Adrenaline points when Stamina is empty. Consumes 1.5 Adrenaline point(s) per cast.	Allows casting Signs using Adrenaline points when Stamina is empty. Consumes 1.5 Adrenaline point(s) per cast.	ok
perk_34	Anger Management	3	ng	Allows casting Signs using Adrenaline points when Stamina is empty. Consumes 1 Adrenaline point(s) per cast.	Allows casting Signs using Adrenaline points when Stamina is empty. Consumes 1 Adrenaline point(s) per cast.	ok
perk_37	Elemental Attunement	1	ng	Increases non-physical damage (fire, frost, force, magic, poison) by 3%.	Increases non-physical damage (fire, frost, force, magic, poison) by 3%.	ok
perk_37	Elemental Attunement	2	ng	Increases non-physical damage (fire, frost, force, magic, poison) by 6%.	Increases non-physical damage (fire, frost, force, magic, poison) by 6%.	ok
perk_37	Elemental Attunement	3	ng	Increases non-physical damage (fire, frost, force, magic, poison) by 9%.	Increases non-physical damage (fire, frost, force, magic, poison) by 9%.	ok
perk_24	Griffin School Techniques	1	ng	Each piece of Medium Armor increases Sign intensity by 2% and Stamina regeneration by 0/s.	Each piece of Medium Armor increases Sign intensity by 2% and Stamina regeneration by 0/s.	ok
perk_24	Griffin School Techniques	2	ng	Each piece of Medium Armor increases Sign intensity by 4% and Stamina regeneration by 0/s.	Each piece of Medium Armor increases Sign intensity by 4% and Stamina regeneration by 0/s.	ok
perk_24	Griffin School Techniques	3	ng	Each piece of Medium Armor increases Sign intensity by 6% and Stamina regeneration by 1/s.	Each piece of Medium Armor increases Sign intensity by 6% and Stamina regeneration by 1/s.	ok
perk_43	Synergy	1	ng	Increases bonuses for mutagens placed in mutagen slots by 10%.	Increases bonuses for mutagens placed in mutagen slots by 10%.	ok
perk_43	Synergy	2	ng	Increases bonuses for mutagens placed in mutagen slots by 20%.	Increases bonuses for mutagens placed in mutagen slots by 20%.	ok
perk_43	Synergy	3	ng	Increases bonuses for mutagens placed in mutagen slots by 30%.	Increases bonuses for mutagens placed in mutagen slots by 30%.	ok
perk_44	Element of Surprise	1	ng	Hitting enemies with a bomb increases your melee damage by 10% for 10 seconds.	Hitting enemies with a bomb increases your melee damage by 10% for 10 seconds.	ok
perk_44	Element of Surprise	2	ng	Hitting enemies with a bomb increases your melee damage by 20% for 10 seconds.	Hitting enemies with a bomb increases your melee damage by 20% for 10 seconds.	ok
perk_44	Element of Surprise	3	ng	Hitting enemies with a bomb increases your melee damage by 30% for 10 seconds.	Hitting enemies with a bomb increases your melee damage by 30% for 10 seconds.	ok
perk_33	Metabolic Control	1	ng	Increases maximum Toxicity by 10.	Increases maximum Toxicity by 10.	ok
perk_33	Metabolic Control	2	ng	Increases maximum Toxicity by 20.	Increases maximum Toxicity by 20.	ok
perk_33	Metabolic Control	3	ng	Increases maximum Toxicity by 30.	Increases maximum Toxicity by 30.	ok
perk_39	Advanced Pyrotechnics	1	ng	When thrown, bombs have a 10% chance of not being consumed. Grants immunity to damage dealt by the thrown bomb.	When thrown, bombs have a 10% chance of not being consumed. Grants immunity to damage dealt by the thrown bomb.	ok
perk_39	Advanced Pyrotechnics	2	ng	When thrown, bombs have a 20% chance of not being consumed. Grants immunity to damage dealt by the thrown bomb.	When thrown, bombs have a 20% chance of not being consumed. Grants immunity to damage dealt by the thrown bomb.	ok
perk_39	Advanced Pyrotechnics	3	ng	When thrown, bombs have a 30% chance of not being consumed. Grants immunity to damage dealt by the thrown bomb.	When thrown, bombs have a 30% chance of not being consumed. Grants immunity to damage dealt by the thrown bomb.	ok
perk_27	Manticore School Techniques	1	ng	Each piece of Medium Armor increases sword damage by 2% and bomb damage by 2%.	Each piece of Medium Armor increases sword damage by 2% and bomb damage by 2%.	ok
perk_27	Manticore School Techniques	2	ng	Each piece of Medium Armor increases sword damage by 4% and bomb damage by 4%.	Each piece of Medium Armor increases sword damage by 4% and bomb damage by 4%.	ok
perk_27	Manticore School Techniques	3	ng	Each piece of Medium Armor increases sword damage by 6% and bomb damage by 6%.	Each piece of Medium Armor increases sword damage by 6% and bomb damage by 6%.	ok
perk_32	Metabolic Boost	1	ng	Consumes Adrenaline and reduces the Toxicity cost of potions by 10% per Adrenaline point. Does not affect mutagen decoctions.	Consumes Adrenaline and reduces the Toxicity cost of potions by 10% per Adrenaline point. Does not affect mutagen decoctions.	ok
perk_32	Metabolic Boost	2	ng	Consumes Adrenaline and reduces the Toxicity cost of potions by 20% per Adrenaline point. Does not affect mutagen decoctions.	Consumes Adrenaline and reduces the Toxicity cost of potions by 20% per Adrenaline point. Does not affect mutagen decoctions.	ok
perk_32	Metabolic Boost	3	ng	Consumes Adrenaline and reduces the Toxicity cost of potions by 30% per Adrenaline point. Does not affect mutagen decoctions.	Consumes Adrenaline and reduces the Toxicity cost of potions by 30% per Adrenaline point. Does not affect mutagen decoctions.	ok
perk_28	Viper School Techniques	1	ng	Each piece of Medium Armor increases maximum Vitality by 2% and poison damage by 2%.	Each piece of Medium Armor increases maximum Vitality by 2% and poison damage by 2%.	ok
perk_28	Viper School Techniques	2	ng	Each piece of Medium Armor increases maximum Vitality by 4% and poison damage by 4%.	Each piece of Medium Armor increases maximum Vitality by 4% and poison damage by 4%.	ok
perk_28	Viper School Techniques	3	ng	Each piece of Medium Armor increases maximum Vitality by 6% and poison damage by 6%.	Each piece of Medium Armor increases maximum Vitality by 6% and poison damage by 6%.	ok
sword_s22	Muscle Memory	1	ng_plus	After a successful dodge or roll, your next Fast Attack performed deals 30% additional damage. / Adrenaline Point gain: +1%	After a successful dodge or roll, your next Fast Attack performed deals 30% additional damage. / Adrenaline Point gain: +1%	ok
sword_s22	Muscle Memory	2	ng_plus	After a successful dodge or roll, your next 2 Fast Attacks performed in a row deal 30% additional damage. / Adrenaline Point gain: +2%	After a successful dodge or roll, your next 2 Fast Attacks performed in a row deal 30% additional damage. / Adrenaline Point gain: +2%	ok
sword_s22	Muscle Memory	3	ng_plus	After a successful dodge or roll, your next 3 Fast Attacks performed in a row deal 30% additional damage. / Adrenaline Point gain: +3%	After a successful dodge or roll, your next 3 Fast Attacks performed in a row deal 30% additional damage. / Adrenaline Point gain: +3%	ok
sword_s33	Arrow Deflection	1	ng_plus	You can parry ranged arrow attacks. A perfectly-timed parry deflects arrows back at the enemy, causing damage. It has a 15% chance to instantly kill the target. / Adrenaline Point gain: +1%	You can parry ranged arrow attacks. A perfectly-timed parry deflects arrows back at the enemy, causing damage. It has a 15% chance to instantly kill the target. / Adrenaline Point gain: +1%	ok
sword_s33	Arrow Deflection	2	ng_plus	You can parry ranged arrow attacks. A perfectly-timed parry deflects arrows back at the enemy, causing 50% additional damage. It has a 30% chance to instantly kill the target. / Adrenaline Point gain: +2%	You can parry ranged arrow attacks. A perfectly-timed parry deflects arrows back at the enemy, causing 50% additional damage. It has a 30% chance to instantly kill the target. / Adrenaline Point gain: +2%	ok
sword_s33	Arrow Deflection	3	ng_plus	You can parry ranged arrow attacks. A perfectly-timed parry deflects arrows back at the enemy, causing 100% additional damage. It has a 45% chance to instantly kill the target. / Adrenaline Point gain: +3%	You can parry ranged arrow attacks. A perfectly-timed parry deflects arrows back at the enemy, causing 100% additional damage. It has a 45% chance to instantly kill the target. / Adrenaline Point gain: +3%	ok
sword_s23	Strength Training	1	ng_plus	Fast attacks increase the next strong attack's damage by 15%. / Adrenaline Point gain: +1%	Fast attacks increase the next strong attack's damage by 15%. / Adrenaline Point gain: +1%	ok
sword_s23	Strength Training	2	ng_plus	Fast attacks increase the next strong attack's damage by 30%. / Adrenaline Point gain: +2%	Fast attacks increase the next strong attack's damage by 30%. / Adrenaline Point gain: +2%	ok
sword_s23	Strength Training	3	ng_plus	Fast attacks increase the next strong attack's damage by 45%. / Adrenaline Point gain: +3%	Fast attacks increase the next strong attack's damage by 45%. / Adrenaline Point gain: +3%	ok
sword_s34	Cold Blood	1	ng_plus	Every bolt that reaches its target generates 0.3 Adrenaline point(s). / Adrenaline Point gain: +1%	Every bolt that reaches its target generates 0.3 Adrenaline point(s). / Adrenaline Point gain: +1%	ok
sword_s34	Cold Blood	2	ng_plus	Every bolt that reaches its target generates 0.6 Adrenaline point(s). / Adrenaline Point gain: +2%	Every bolt that reaches its target generates 0.6 Adrenaline point(s). / Adrenaline Point gain: +2%	ok
sword_s34	Cold Blood	3	ng_plus	Every bolt that reaches its target generates 1 Adrenaline point(s). / Adrenaline Point gain: +3%	Every bolt that reaches its target generates 1 Adrenaline point(s). / Adrenaline Point gain: +3%	ok
sword_s24	Three Strikes	1	ng_plus	The third Fast or Strong Attack has a 20% chance to make the next attack even more powerful, but only if it is the same attack type as the last. / Adrenaline Point gain: +1%	The third Fast or Strong Attack has a 20% chance to make the next attack even more powerful, but only if it is the same attack type as the last. / Adrenaline Point gain: +1%	ok
sword_s24	Three Strikes	2	ng_plus	The third Fast or Strong Attack has a 40% chance to make the next attack even more powerful, but only if it is the same attack type as the last. / Adrenaline Point gain: +2%	The third Fast or Strong Attack has a 40% chance to make the next attack even more powerful, but only if it is the same attack type as the last. / Adrenaline Point gain: +2%	ok
sword_s24	Three Strikes	3	ng_plus	The third Fast or Strong Attack has a 60% chance to make the next attack even more powerful, but only if it is the same attack type as the last. / Adrenaline Point gain: +3%	The third Fast or Strong Attack has a 60% chance to make the next attack even more powerful, but only if it is the same attack type as the last. / Adrenaline Point gain: +3%	ok
sword_s16	Resolve	1	ng_plus	Reduces Adrenaline point loss by 33% when taking damage. / Adrenaline Point gain: +1%	Reduces Adrenaline point loss by 33% when taking damage. / Adrenaline Point gain: +1%	ok
sword_s16	Resolve	2	ng_plus	Reduces Adrenaline point loss by 67% when taking damage. / Adrenaline Point gain: +2%	Reduces Adrenaline point loss by 67% when taking damage. / Adrenaline Point gain: +2%	ok
sword_s16	Resolve	3	ng_plus	Reduces Adrenaline point loss by 100% when taking damage. / Adrenaline Point gain: +3%	Reduces Adrenaline point loss by 100% when taking damage. / Adrenaline Point gain: +3%	ok
sword_s18	Undying	1	ng_plus	When Vitality reaches 0, immediately consumes Adrenaline points to restore 10% Vitality per point. Can only be used once every 30 seconds. / Adrenaline Point gain: +1%	When Vitality reaches 0, immediately consumes Adrenaline points to restore 10% Vitality per point. Can only be used once every 30 seconds. / Adrenaline Point gain: +1%	ok
sword_s18	Undying	2	ng_plus	When Vitality reaches 0, consumes Adrenaline points immediately to restore 10% Vitality per point. Restores Vitality with bonus 33%. The effect can only be used once every 30 seconds. / Adrenaline Point gain: +2%	When Vitality reaches 0, consumes Adrenaline points immediately to restore 10% Vitality per point. Restores Vitality with bonus 33%. The effect can only be used once every 30 seconds. / Adrenaline Point gain: +2%	ok
sword_s18	Undying	3	ng_plus	When Vitality reaches 0, consumes Adrenaline points immediately to restore 10% Vitality per point. Restores Vitality with bonus 67%. The effect can only be used once every 30 seconds. / Adrenaline Point gain: +3%	When Vitality reaches 0, consumes Adrenaline points immediately to restore 10% Vitality per point. Restores Vitality with bonus 67%. The effect can only be used once every 30 seconds. / Adrenaline Point gain: +3%	ok
sword_s25	Crushing Blow	1	ng_plus	A Strong Attack has a 20% chance to increase the damage dealt by the next 2 Strong Attacks by 50%. / Adrenaline Point gain: +1%	A Strong Attack has a 20% chance to increase the damage dealt by the next 2 Strong Attacks by 50%. / Adrenaline Point gain: +1%	ok
sword_s25	Crushing Blow	2	ng_plus	A Strong Attack has a 40% chance to increase the damage dealt by the next 2 Strong Attacks by 50%. / Adrenaline Point gain: +2%	A Strong Attack has a 40% chance to increase the damage dealt by the next 2 Strong Attacks by 50%. / Adrenaline Point gain: +2%	ok
sword_s25	Crushing Blow	3	ng_plus	A Strong Attack has a 60% chance to increase the damage dealt by the next 2 Strong Attacks by 50%. / Adrenaline Point gain: +3%	A Strong Attack has a 60% chance to increase the damage dealt by the next 2 Strong Attacks by 50%. / Adrenaline Point gain: +3%	ok
sword_s20	Razor Focus	1	ng_plus	Gain 1 Adrenaline point upon entering combat. Increases Adrenaline generation from weapon strikes by 10%. / Adrenaline Point gain: +1%	Gain 1 Adrenaline point upon entering combat. Increases Adrenaline generation from weapon strikes by 10%. / Adrenaline Point gain: +1%	ok
sword_s20	Razor Focus	2	ng_plus	Gain 1 Adrenaline point upon entering combat. Increases Adrenaline generation from weapon strikes by 20%. / Adrenaline Point gain: +2%	Gain 1 Adrenaline point upon entering combat. Increases Adrenaline generation from weapon strikes by 20%. / Adrenaline Point gain: +2%	ok
sword_s20	Razor Focus	3	ng_plus	Gain 1 Adrenaline point upon entering combat. Increases Adrenaline generation from weapon strikes by 30%. / Adrenaline Point gain: +3%	Gain 1 Adrenaline point upon entering combat. Increases Adrenaline generation from weapon strikes by 30%. / Adrenaline Point gain: +3%	ok
sword_s36	Fleet-Footed	1	ng_plus	Reduces damage received while dodging by 33%. / Adrenaline Point gain: +1%	Reduces damage received while dodging by 33%. / Adrenaline Point gain: +1%	ok
sword_s36	Fleet-Footed	2	ng_plus	Reduces damage received while dodging by 67%. / Adrenaline Point gain: +2%	Reduces damage received while dodging by 67%. / Adrenaline Point gain: +2%	ok
sword_s36	Fleet-Footed	3	ng_plus	Reduces damage received while dodging by 100%. / Adrenaline Point gain: +3%	Reduces damage received while dodging by 100%. / Adrenaline Point gain: +3%	ok
sword_s32	Lightning Reflexes	1	ng_plus	Time slows by an additional 30% while aiming with the crossbow. Increases headshot damage by 250%. Grants a 5% chance to instantly kill the target. / Adrenaline Point gain: +1%	Time slows by an additional 30% while aiming with the crossbow. Increases headshot damage by 250%. Grants a 5% chance to instantly kill the target. / Adrenaline Point gain: +1%	ok
sword_s32	Lightning Reflexes	2	ng_plus	Time slows by an additional 60% while aiming with the crossbow. Increases headshot damage by 250%. Grants a 10% chance to instantly kill the target. / Adrenaline Point gain: +2%	Time slows by an additional 60% while aiming with the crossbow. Increases headshot damage by 250%. Grants a 10% chance to instantly kill the target. / Adrenaline Point gain: +2%	ok
sword_s32	Lightning Reflexes	3	ng_plus	Time slows by an additional 90% while aiming with the crossbow. Increases headshot damage by 250%. Grants a 15% chance to instantly kill the target. / Adrenaline Point gain: +3%	Time slows by an additional 90% while aiming with the crossbow. Increases headshot damage by 250%. Grants a 15% chance to instantly kill the target. / Adrenaline Point gain: +3%	ok
sword_s26	Anatomical Knowledge	1	ng_plus	Increases crossbow damage by 10% of current silver sword damage. / Adrenaline Point gain: +1%	Increases crossbow damage by 10% of current silver sword damage. / Adrenaline Point gain: +1%	ok
sword_s26	Anatomical Knowledge	2	ng_plus	Increases crossbow damage by 20% of current silver sword damage. / Adrenaline Point gain: +2%	Increases crossbow damage by 20% of current silver sword damage. / Adrenaline Point gain: +2%	ok
sword_s26	Anatomical Knowledge	3	ng_plus	Increases crossbow damage by 30% of current silver sword damage. / Adrenaline Point gain: +3%	Increases crossbow damage by 30% of current silver sword damage. / Adrenaline Point gain: +3%	ok
sword_s35	Whirl	1	ng_plus	A spinning attack that strikes all enemies in your immediate vicinity. Maintaining the attack consumes Stamina and Adrenaline. / Adrenaline Point gain: +1%	A spinning attack that strikes all enemies in your immediate vicinity. Maintaining the attack consumes Stamina and Adrenaline. / Adrenaline Point gain: +1%	ok
sword_s35	Whirl	2	ng_plus	A spinning attack that strikes all enemies in your immediate vicinity. Maintaining the attack consumes Stamina and Adrenaline. Reduces Stamina and Adrenaline cost by 33% / Adrenaline Point gain: +2%	A spinning attack that strikes all enemies in your immediate vicinity. Maintaining the attack consumes Stamina and Adrenaline. Reduces Stamina and Adrenaline cost by 33% / Adrenaline Point gain: +2%	ok
sword_s35	Whirl	3	ng_plus	A spinning attack that strikes all enemies in your immediate vicinity. Maintaining the attack consumes Stamina and Adrenaline. Reduces Stamina and Adrenaline cost by 50% / Adrenaline Point gain: +3%	A spinning attack that strikes all enemies in your immediate vicinity. Maintaining the attack consumes Stamina and Adrenaline. Reduces Stamina and Adrenaline cost by 50% / Adrenaline Point gain: +3%	ok
sword_s2	Rend	1	ng_plus	Deals additional damage proportional to Stamina consumed. Ignores enemy defenses. Adrenaline points increase total damage by 10% per point upon hitting an enemy. / Adrenaline Point gain: +1%	Deals additional damage proportional to Stamina consumed. Ignores enemy defenses. Adrenaline points increase total damage by 10% per point upon hitting an enemy. / Adrenaline Point gain: +1%	ok
sword_s2	Rend	2	ng_plus	Deals additional damage proportional to Stamina consumed. Ignores enemy defenses. Adrenaline points increase total damage by 20% per point upon hitting an enemy. / Adrenaline Point gain: +2%	Deals additional damage proportional to Stamina consumed. Ignores enemy defenses. Adrenaline points increase total damage by 20% per point upon hitting an enemy. / Adrenaline Point gain: +2%	ok
sword_s2	Rend	3	ng_plus	Deals additional damage proportional to Stamina consumed. Ignores enemy defenses. Adrenaline points increase total damage by 30% per point upon hitting an enemy. / Adrenaline Point gain: +3%	Deals additional damage proportional to Stamina consumed. Ignores enemy defenses. Adrenaline points increase total damage by 30% per point upon hitting an enemy. / Adrenaline Point gain: +3%	ok
sword_s31	Counterattack	1	ng_plus	After a successful counterattack or dodge, the next attack deals 33% additional damage. Damage dealt by crossbows is multiplied by 2. / Adrenaline Point gain: +1%	After a successful counterattack or dodge, the next attack deals 33% additional damage. Damage dealt by crossbows is multiplied by 2. / Adrenaline Point gain: +1%	ok
sword_s31	Counterattack	2	ng_plus	After a successful counterattack or dodge, the next attack deals 67% additional damage. Damage dealt by crossbows is multiplied by 2. / Adrenaline Point gain: +2%	After a successful counterattack or dodge, the next attack deals 67% additional damage. Damage dealt by crossbows is multiplied by 2. / Adrenaline Point gain: +2%	ok
sword_s31	Counterattack	3	ng_plus	After a successful counterattack or dodge, the next attack deals 100% additional damage. Damage dealt by crossbows is multiplied by 2. / Adrenaline Point gain: +3%	After a successful counterattack or dodge, the next attack deals 100% additional damage. Damage dealt by crossbows is multiplied by 2. / Adrenaline Point gain: +3%	ok
sword_s28	Sunder Armor	1	ng_plus	Strong Attacks sunder enemy Armor, reducing enemy damage resistance by 10%. Stacks up to 1 time(s). / Adrenaline Point gain: +1%	Strong Attacks sunder enemy Armor, reducing enemy damage resistance by 10%. Stacks up to 1 time(s). / Adrenaline Point gain: +1%	ok
sword_s28	Sunder Armor	2	ng_plus	Strong Attacks sunder enemy Armor, reducing enemy damage resistance by 10%. Stacks up to 2 time(s). / Adrenaline Point gain: +2%	Strong Attacks sunder enemy Armor, reducing enemy damage resistance by 10%. Stacks up to 2 time(s). / Adrenaline Point gain: +2%	ok
sword_s28	Sunder Armor	3	ng_plus	Strong Attacks sunder enemy Armor, reducing enemy damage resistance by 10%. Stacks up to 3 time(s). / Adrenaline Point gain: +3%	Strong Attacks sunder enemy Armor, reducing enemy damage resistance by 10%. Stacks up to 3 time(s). / Adrenaline Point gain: +3%	ok
sword_s29	Crippling Strike	1	ng_plus	Critical hits from Fast Attacks cripple enemies, increasing their damage taken by 10%. / Adrenaline Point gain: +1%	Critical hits from Fast Attacks cripple enemies, increasing their damage taken by 10%. / Adrenaline Point gain: +1%	ok
sword_s29	Crippling Strike	2	ng_plus	Critical hits from Fast Attacks cripple enemies, increasing their damage taken by 20%. / Adrenaline Point gain: +2%	Critical hits from Fast Attacks cripple enemies, increasing their damage taken by 20%. / Adrenaline Point gain: +2%	ok
sword_s29	Crippling Strike	3	ng_plus	Critical hits from Fast Attacks cripple enemies, increasing their damage taken by 30%. / Adrenaline Point gain: +3%	Critical hits from Fast Attacks cripple enemies, increasing their damage taken by 30%. / Adrenaline Point gain: +3%	ok
sword_s27	Maiming Shot	1	ng_plus	After a critical hit from a weapon or Sign, the next crossbow shot disables monster special abilities for 4 seconds. / Adrenaline Point gain: +1%	After a critical hit from a weapon or Sign, the next crossbow shot disables monster special abilities for 4 seconds. / Adrenaline Point gain: +1%	ok
sword_s27	Maiming Shot	2	ng_plus	After a critical hit from a weapon or Sign, the next crossbow shot disables monster special abilities for 8 seconds. / Adrenaline Point gain: +2%	After a critical hit from a weapon or Sign, the next crossbow shot disables monster special abilities for 8 seconds. / Adrenaline Point gain: +2%	ok
sword_s27	Maiming Shot	3	ng_plus	After a critical hit from a weapon or Sign, the next crossbow shot disables monster special abilities for 12 seconds. / Adrenaline Point gain: +3%	After a critical hit from a weapon or Sign, the next crossbow shot disables monster special abilities for 12 seconds. / Adrenaline Point gain: +3%	ok
sword_s30	Deadly Precision	1	ng_plus	All attacks have a chance to make the next Strong Attack instantly kill an enemy. Enemies immune to this effect generate 0.1 Adrenaline instead. / Adrenaline Point gain: +1%	All attacks have a chance to make the next Strong Attack instantly kill an enemy. Enemies immune to this effect generate 0.1 Adrenaline instead. / Adrenaline Point gain: +1%	ok
sword_s30	Deadly Precision	2	ng_plus	All attacks have a chance to make the next Strong Attack instantly kill an enemy. Enemies immune to this effect generate 0.2 Adrenaline instead. / Adrenaline Point gain: +2%	All attacks have a chance to make the next Strong Attack instantly kill an enemy. Enemies immune to this effect generate 0.2 Adrenaline instead. / Adrenaline Point gain: +2%	ok
sword_s30	Deadly Precision	3	ng_plus	All attacks have a chance to make the next Strong Attack instantly kill an enemy. Enemies immune to this effect generate 0.3 Adrenaline instead. / Adrenaline Point gain: +3%	All attacks have a chance to make the next Strong Attack instantly kill an enemy. Enemies immune to this effect generate 0.3 Adrenaline instead. / Adrenaline Point gain: +3%	ok
sword_s19	Flood of Anger	1	ng_plus	When casting a Sign, consumes 3 Adrenaline points to cast the Sign at its highest level. Increases Sign intensity by 50%. / Adrenaline Point gain: +1%	When casting a Sign, consumes 3 Adrenaline points to cast the Sign at its highest level. Increases Sign intensity by 50%. / Adrenaline Point gain: +1%	ok
sword_s19	Flood of Anger	2	ng_plus	When casting a Sign, consumes 3 Adrenaline points to cast the Sign at its highest level. Increases Sign intensity by 100%. / Adrenaline Point gain: +2%	When casting a Sign, consumes 3 Adrenaline points to cast the Sign at its highest level. Increases Sign intensity by 100%. / Adrenaline Point gain: +2%	ok
sword_s19	Flood of Anger	3	ng_plus	When casting a Sign, consumes 3 Adrenaline points to cast the Sign at its highest level. Increases Sign intensity by 150%. / Adrenaline Point gain: +3%	When casting a Sign, consumes 3 Adrenaline points to cast the Sign at its highest level. Increases Sign intensity by 150%. / Adrenaline Point gain: +3%	ok
magic_s20	Far-Reaching Aard	1	ng_plus	Increases Aard range by 1 yard(s). / Stamina regeneration in combat: +0.5/s	Increases Aard range by 1 yard(s). / Stamina regeneration in combat: +0.5/s	ok
magic_s20	Far-Reaching Aard	2	ng_plus	Increases Aard range by 2 yard(s). / Stamina regeneration in combat: +1/s	Increases Aard range by 2 yard(s). / Stamina regeneration in combat: +1/s	ok
magic_s20	Far-Reaching Aard	3	ng_plus	Increases Aard range by 3 yard(s). / Stamina regeneration in combat: +1.5/s	Increases Aard range by 3 yard(s). / Stamina regeneration in combat: +1.5/s	ok
magic_s8	Melt Armor	1	ng_plus	Damage dealt by Igni also reduces Armor. Reduction amount increases with skill level. Increases Burn chance  by 10%. / Stamina regeneration in combat: +0.5/s	Damage dealt by Igni also reduces Armor. Reduction amount increases with skill level. Increases Burn chance  by 10%. / Stamina regeneration in combat: +0.5/s	ok
magic_s8	Melt Armor	2	ng_plus	Damage dealt by Igni also reduces Armor. Reduction amount increases with skill level. Increases Burn chance  by 20%. / Stamina regeneration in combat: +1/s	Damage dealt by Igni also reduces Armor. Reduction amount increases with skill level. Increases Burn chance  by 20%. / Stamina regeneration in combat: +1/s	ok
magic_s8	Melt Armor	3	ng_plus	Damage dealt by Igni also reduces Armor. Reduction amount increases with skill level. Increases Burn chance  by 30%. / Stamina regeneration in combat: +1.5/s	Damage dealt by Igni also reduces Armor. Reduction amount increases with skill level. Increases Burn chance  by 30%. / Stamina regeneration in combat: +1.5/s	ok
magic_s42	Sustained Glyphs	1	ng_plus	Increases Sign duration by 5 seconds and area of effect by 10%. Increases the number of alternate mode charges by 2 and number of standard mode traps by 1. / Stamina regeneration in combat: +0.5/s	Increases Sign duration by 5 seconds and area of effect by 10%. Increases the number of alternate mode charges by 2 and number of standard mode traps by 1. / Stamina regeneration in combat: +0.5/s	ok
magic_s42	Sustained Glyphs	2	ng_plus	Increases Sign duration by 10 seconds and area of effect by 20%. Increases the number of alternate mode charges by 4 and number of standard mode traps by 2. / Stamina regeneration in combat: +1/s	Increases Sign duration by 10 seconds and area of effect by 20%. Increases the number of alternate mode charges by 4 and number of standard mode traps by 2. / Stamina regeneration in combat: +1/s	ok
magic_s42	Sustained Glyphs	3	ng_plus	Increases Sign duration by 15 seconds and area of effect by 30%. Increases the number of alternate mode charges by 6 and number of standard mode traps by 3. / Stamina regeneration in combat: +1.5/s	Increases Sign duration by 15 seconds and area of effect by 30%. Increases the number of alternate mode charges by 6 and number of standard mode traps by 3. / Stamina regeneration in combat: +1.5/s	ok
magic_s13	Exploding Shield	1	ng_plus	Whenever Quen shield breaks, it pushes enemies back. Push-back strength increases with skill level. / Stamina regeneration in combat: +0.5/s	Whenever Quen shield breaks, it pushes enemies back. Push-back strength increases with skill level. / Stamina regeneration in combat: +0.5/s	ok
magic_s13	Exploding Shield	2	ng_plus	Whenever Quen shield breaks, it pushes enemies back. Push-back strength increases with skill level. / Stamina regeneration in combat: +1/s	Whenever Quen shield breaks, it pushes enemies back. Push-back strength increases with skill level. / Stamina regeneration in combat: +1/s	ok
magic_s13	Exploding Shield	3	ng_plus	Whenever Quen shield breaks, it pushes enemies back. Push-back strength increases with skill level. / Stamina regeneration in combat: +1.5/s	Whenever Quen shield breaks, it pushes enemies back. Push-back strength increases with skill level. / Stamina regeneration in combat: +1.5/s	ok
magic_s17	Delusion	1	ng_plus	Target does not move towards Geralt while Axii is being cast. Increases the effectiveness of Axii in conversations. / Stamina regeneration in combat: +0.5/s	Target does not move towards Geralt while Axii is being cast. Increases the effectiveness of Axii in conversations. / Stamina regeneration in combat: +0.5/s	ok
magic_s17	Delusion	2	ng_plus	Target does not move towards Geralt while Axii is being cast. Increases the effectiveness of Axii in conversations. / Stamina regeneration in combat: +1/s	Target does not move towards Geralt while Axii is being cast. Increases the effectiveness of Axii in conversations. / Stamina regeneration in combat: +1/s	ok
magic_s17	Delusion	3	ng_plus	Target does not move towards Geralt while Axii is being cast. Increases the effectiveness of Axii in conversations. / Stamina regeneration in combat: +1.5/s	Target does not move towards Geralt while Axii is being cast. Increases the effectiveness of Axii in conversations. / Stamina regeneration in combat: +1.5/s	ok
magic_s1	Aard Sweep	1	ng_plus	Alternate Sign mode: Aard strikes down all opponents within a certain radius. Reduces knock-down chance by 0%. / Stamina regeneration in combat: +0.5/s	Alternate Sign mode: Aard strikes down all opponents within a certain radius. Reduces knock-down chance by 0%. / Stamina regeneration in combat: +0.5/s	ok
magic_s1	Aard Sweep	2	ng_plus	Alternate Sign mode: Aard strikes down all opponents within a certain radius. Reduces knock-down chance by 0%. / Stamina regeneration in combat: +1/s	Alternate Sign mode: Aard strikes down all opponents within a certain radius. Reduces knock-down chance by 0%. / Stamina regeneration in combat: +1/s	ok
magic_s1	Aard Sweep	3	ng_plus	Alternate Sign mode: Aard strikes down all opponents within a certain radius. / Stamina regeneration in combat: +1.5/s	Alternate Sign mode: Aard strikes down all opponents within a certain radius. / Stamina regeneration in combat: +1.5/s	ok
magic_s28	Firestream	1	ng_plus	Emits a continuous stream of fire that damages enemies. / Stamina regeneration in combat: +0.5/s	Emits a continuous stream of fire that damages enemies. / Stamina regeneration in combat: +0.5/s	ok
magic_s28	Firestream	2	ng_plus	Emits a continuous stream of fire that damages enemies. Reduces Stamina cost by 25%. / Stamina regeneration in combat: +1/s	Emits a continuous stream of fire that damages enemies. Reduces Stamina cost by 25%. / Stamina regeneration in combat: +1/s	ok
magic_s28	Firestream	3	ng_plus	Emits a continuous stream of fire that damages enemies. Reduces Stamina cost by 50%. / Stamina regeneration in combat: +1.5/s	Emits a continuous stream of fire that damages enemies. Reduces Stamina cost by 50%. / Stamina regeneration in combat: +1.5/s	ok
magic_s3	Magic Trap	1	ng_plus	Releases a magic discharge that damages and slows enemies within a 14-yard radius. / Stamina regeneration in combat: +0.5/s	Releases a magic discharge that damages and slows enemies within a 14-yard radius. / Stamina regeneration in combat: +0.5/s	ok
magic_s3	Magic Trap	2	ng_plus	Releases a magic discharge that damages and slows enemies within a 14-yard radius. Increases damage by 25%. / Stamina regeneration in combat: +1/s	Releases a magic discharge that damages and slows enemies within a 14-yard radius. Increases damage by 25%. / Stamina regeneration in combat: +1/s	ok
magic_s3	Magic Trap	3	ng_plus	Releases a magic discharge that damages and slows enemies within a 14-yard radius. Increases damage by 50%. / Stamina regeneration in combat: +1.5/s	Releases a magic discharge that damages and slows enemies within a 14-yard radius. Increases damage by 50%. / Stamina regeneration in combat: +1.5/s	ok
magic_s4	Active Shield	1	ng_plus	Creates an active shield. Maintaining and blocking with it drains Stamina by 100%. Damage absorbed by the shield restores Vitality. / Stamina regeneration in combat: +0.5/s	Creates an active shield. Maintaining and blocking with it drains Stamina by 100%. Damage absorbed by the shield restores Vitality. / Stamina regeneration in combat: +0.5/s	ok
magic_s4	Active Shield	2	ng_plus	Creates an active shield. Maintaining and blocking with it drains Stamina by 50%. Damage absorbed by the shield restores Vitality. / Stamina regeneration in combat: +1/s	Creates an active shield. Maintaining and blocking with it drains Stamina by 50%. Damage absorbed by the shield restores Vitality. / Stamina regeneration in combat: +1/s	ok
magic_s4	Active Shield	3	ng_plus	Creates an active shield. Maintaining and blocking with it does not drain Stamina. Damage absorbed by the shield restores Vitality. / Stamina regeneration in combat: +1.5/s	Creates an active shield. Maintaining and blocking with it does not drain Stamina. Damage absorbed by the shield restores Vitality. / Stamina regeneration in combat: +1.5/s	ok
magic_s31	Puppetmaster	1	ng_plus	A targeted enemy briefly becomes an ally that deals 20% more damage. / Stamina regeneration in combat: +0.5/s	A targeted enemy briefly becomes an ally that deals 20% more damage. / Stamina regeneration in combat: +0.5/s	ok
magic_s31	Puppetmaster	2	ng_plus	A targeted enemy briefly becomes an ally that deals 40% more damage. / Stamina regeneration in combat: +1/s	A targeted enemy briefly becomes an ally that deals 40% more damage. / Stamina regeneration in combat: +1/s	ok
magic_s31	Puppetmaster	3	ng_plus	A targeted enemy briefly becomes an ally that deals 60% more damage. / Stamina regeneration in combat: +1.5/s	A targeted enemy briefly becomes an ally that deals 60% more damage. / Stamina regeneration in combat: +1.5/s	ok
magic_s11	Supercharged Glyphs	1	ng_plus	Enemies under the influence of Yrden lose 10 Vitality or Essence per second. Damage scales with enemy level and Sign intensity. / Stamina regeneration in combat: +0.5/s	Enemies under the influence of Yrden lose 10 Vitality or Essence per second. Damage scales with enemy level and Sign intensity. / Stamina regeneration in combat: +0.5/s	ok
magic_s11	Supercharged Glyphs	2	ng_plus	Enemies under the influence of Yrden lose 20 Vitality or Essence per second. Damage scales with enemy level and Sign intensity. / Stamina regeneration in combat: +1/s	Enemies under the influence of Yrden lose 20 Vitality or Essence per second. Damage scales with enemy level and Sign intensity. / Stamina regeneration in combat: +1/s	ok
magic_s11	Supercharged Glyphs	3	ng_plus	Enemies under the influence of Yrden lose 30 Vitality or Essence per second. Damage scales with enemy level and Sign intensity. / Stamina regeneration in combat: +1.5/s	Enemies under the influence of Yrden lose 30 Vitality or Essence per second. Damage scales with enemy level and Sign intensity. / Stamina regeneration in combat: +1.5/s	ok
magic_s33	Shockwave	1	ng_plus	Increases damage dealt by Aard by 1% of current Vitality. / Stamina regeneration in combat: +0.5/s	Increases damage dealt by Aard by 1% of current Vitality. / Stamina regeneration in combat: +0.5/s	ok
magic_s33	Shockwave	2	ng_plus	Increases damage dealt by Aard by 2% of current Vitality. / Stamina regeneration in combat: +1/s	Increases damage dealt by Aard by 2% of current Vitality. / Stamina regeneration in combat: +1/s	ok
magic_s33	Shockwave	3	ng_plus	Increases damage dealt by Aard by 3% of current Vitality. / Stamina regeneration in combat: +1.5/s	Increases damage dealt by Aard by 3% of current Vitality. / Stamina regeneration in combat: +1.5/s	ok
magic_s19	Domination	1	ng_plus	Axii can influence two targets simultaneously, but the effect is 50% weaker. / Stamina regeneration in combat: +0.5/s	Axii can influence two targets simultaneously, but the effect is 50% weaker. / Stamina regeneration in combat: +0.5/s	ok
magic_s19	Domination	2	ng_plus	Axii can influence two targets simultaneously, but the effect is 25% weaker. / Stamina regeneration in combat: +1/s	Axii can influence two targets simultaneously, but the effect is 25% weaker. / Stamina regeneration in combat: +1/s	ok
magic_s19	Domination	3	ng_plus	Axii can influence two targets simultaneously. / Stamina regeneration in combat: +1.5/s	Axii can influence two targets simultaneously. / Stamina regeneration in combat: +1.5/s	ok
magic_s35	Catalyst	1	ng_plus	Increases Aard and Igni intensity by 30% against enemies inside Yrden. / Stamina regeneration in combat: +0.5/s	Increases Aard and Igni intensity by 30% against enemies inside Yrden. / Stamina regeneration in combat: +0.5/s	ok
magic_s35	Catalyst	2	ng_plus	Increases Aard and Igni intensity by 60% against enemies inside Yrden. / Stamina regeneration in combat: +1/s	Increases Aard and Igni intensity by 60% against enemies inside Yrden. / Stamina regeneration in combat: +1/s	ok
magic_s35	Catalyst	3	ng_plus	Increases Aard and Igni intensity by 90% against enemies inside Yrden. / Stamina regeneration in combat: +1.5/s	Increases Aard and Igni intensity by 90% against enemies inside Yrden. / Stamina regeneration in combat: +1.5/s	ok
magic_s36	Fortify Signs	1	ng_plus	Increases the duration of Yrden, Quen and Axii by 20%. / Stamina regeneration in combat: +0.5/s	Increases the duration of Yrden, Quen and Axii by 20%. / Stamina regeneration in combat: +0.5/s	ok
magic_s36	Fortify Signs	2	ng_plus	Increases the duration of Yrden, Quen and Axii by 40%. / Stamina regeneration in combat: +1/s	Increases the duration of Yrden, Quen and Axii by 40%. / Stamina regeneration in combat: +1/s	ok
magic_s36	Fortify Signs	3	ng_plus	Increases the duration of Yrden, Quen and Axii by 60%. / Stamina regeneration in combat: +1.5/s	Increases the duration of Yrden, Quen and Axii by 60%. / Stamina regeneration in combat: +1.5/s	ok
magic_s37	Chain Reaction	1	ng_plus	Casting a Sign increases the intensity of the next different Sign by 5%. Stacks up to 5 times. / Stamina regeneration in combat: +0.5/s	Casting a Sign increases the intensity of the next different Sign by 5%. Stacks up to 5 times. / Stamina regeneration in combat: +0.5/s	ok
magic_s37	Chain Reaction	2	ng_plus	Casting a Sign increases the intensity of the next different Sign by 10%. Stacks up to 5 times. / Stamina regeneration in combat: +1/s	Casting a Sign increases the intensity of the next different Sign by 10%. Stacks up to 5 times. / Stamina regeneration in combat: +1/s	ok
magic_s37	Chain Reaction	3	ng_plus	Casting a Sign increases the intensity of the next different Sign by 15%. Stacks up to 5 times. / Stamina regeneration in combat: +1.5/s	Casting a Sign increases the intensity of the next different Sign by 15%. Stacks up to 5 times. / Stamina regeneration in combat: +1.5/s	ok
magic_s38	Focus	1	ng_plus	Adrenaline increases Sign intensity by 10% per Adrenaline point. / Stamina regeneration in combat: +0.5/s	Adrenaline increases Sign intensity by 10% per Adrenaline point. / Stamina regeneration in combat: +0.5/s	ok
magic_s38	Focus	2	ng_plus	Adrenaline increases Sign intensity by 20% per Adrenaline point. / Stamina regeneration in combat: +1/s	Adrenaline increases Sign intensity by 20% per Adrenaline point. / Stamina regeneration in combat: +1/s	ok
magic_s38	Focus	3	ng_plus	Adrenaline increases Sign intensity by 30% per Adrenaline point. / Stamina regeneration in combat: +1.5/s	Adrenaline increases Sign intensity by 30% per Adrenaline point. / Stamina regeneration in combat: +1.5/s	ok
magic_s39	Sidestep	1	ng_plus	After a successful dodge or roll, reduces the Stamina cost for the next Sign cast by 20%. / Stamina regeneration in combat: +0.5/s	After a successful dodge or roll, reduces the Stamina cost for the next Sign cast by 20%. / Stamina regeneration in combat: +0.5/s	ok
magic_s39	Sidestep	2	ng_plus	After a successful dodge or roll, reduces the Stamina cost for the next Sign cast by 40%. / Stamina regeneration in combat: +1/s	After a successful dodge or roll, reduces the Stamina cost for the next Sign cast by 40%. / Stamina regeneration in combat: +1/s	ok
magic_s39	Sidestep	3	ng_plus	After a successful dodge or roll, reduces the Stamina cost for the next Sign cast by 60%. / Stamina regeneration in combat: +1.5/s	After a successful dodge or roll, reduces the Stamina cost for the next Sign cast by 60%. / Stamina regeneration in combat: +1.5/s	ok
magic_s40	Aftershock	1	ng_plus	Casting any Sign deals magic damage within a small radius. Damage increases with skill level and Sign intensity. / Stamina regeneration in combat: +0.5/s	Casting any Sign deals magic damage within a small radius. Damage increases with skill level and Sign intensity. / Stamina regeneration in combat: +0.5/s	ok
magic_s40	Aftershock	2	ng_plus	Casting any Sign deals magic damage within a small radius. Damage increases with skill level and Sign intensity. / Stamina regeneration in combat: +1/s	Casting any Sign deals magic damage within a small radius. Damage increases with skill level and Sign intensity. / Stamina regeneration in combat: +1/s	ok
magic_s40	Aftershock	3	ng_plus	Casting any Sign deals magic damage within a small radius. Damage increases with skill level and Sign intensity. / Stamina regeneration in combat: +1.5/s	Casting any Sign deals magic damage within a small radius. Damage increases with skill level and Sign intensity. / Stamina regeneration in combat: +1.5/s	ok
magic_s41	Resonance	1	ng_plus	After casting a Sign, the next three melee attacks deal additional damage equal to $I$% Sign intensity.	After casting a Sign, the next three melee attacks deal additional damage equal to $I$% Sign intensity.	ok
magic_s41	Resonance	2	ng_plus	After casting a Sign, the next three melee attacks deal additional damage equal to $I$% Sign intensity.	After casting a Sign, the next three melee attacks deal additional damage equal to $I$% Sign intensity.	ok
magic_s41	Resonance	3	ng_plus	After casting a Sign, the next three melee attacks deal additional damage equal to $I$% Sign intensity.	After casting a Sign, the next three melee attacks deal additional damage equal to $I$% Sign intensity.	ok
alchemy_s2	Refreshment	1	ng_plus	Each potion dose heals 10% Vitality.	Each potion dose heals 10% Vitality.	ok
alchemy_s2	Refreshment	2	ng_plus	Each potion dose heals 20% Vitality.	Each potion dose heals 20% Vitality.	ok
alchemy_s2	Refreshment	3	ng_plus	Each potion dose heals 30% Vitality.	Each potion dose heals 30% Vitality.	ok
alchemy_s8	Efficiency	1	ng_plus	Increases the maximum number of bombs in each slot by 1.	Increases the maximum number of bombs in each slot by 1.	ok
alchemy_s8	Efficiency	2	ng_plus	Increases the maximum number of bombs in each slot by 2.	Increases the maximum number of bombs in each slot by 2.	ok
alchemy_s8	Efficiency	3	ng_plus	Increases the maximum number of bombs in each slot by 3.	Increases the maximum number of bombs in each slot by 3.	ok
alchemy_s16	Frenzy	1	ng_plus	If potion Toxicity is greater than 1, time automatically slows by 5% when the enemy is about to perform a counterattack.	If potion Toxicity is greater than 1, time automatically slows by 5% when the enemy is about to perform a counterattack.	ok
alchemy_s16	Frenzy	2	ng_plus	If potion Toxicity is greater than 1, time automatically slows by 10% when the enemy is about to perform a counterattack.	If potion Toxicity is greater than 1, time automatically slows by 10% when the enemy is about to perform a counterattack.	ok
alchemy_s16	Frenzy	3	ng_plus	If potion Toxicity is greater than 1, time automatically slows by 15% when the enemy is about to perform a counterattack.	If potion Toxicity is greater than 1, time automatically slows by 15% when the enemy is about to perform a counterattack.	ok
alchemy_s14	Adaptability	1	ng_plus	Extends the duration of all mutagen decoctions by 33%.	Extends the duration of all mutagen decoctions by 33%.	ok
alchemy_s14	Adaptability	2	ng_plus	Extends the duration of all mutagen decoctions by 67%.	Extends the duration of all mutagen decoctions by 67%.	ok
alchemy_s14	Adaptability	3	ng_plus	Extends the duration of all mutagen decoctions by 100%.	Extends the duration of all mutagen decoctions by 100%.	ok
alchemy_s20	Endure Pain	1	ng_plus	Increases maximum Vitality by 0% if Toxicity exceeds the safety threshold.	Increases maximum Vitality by 0% if Toxicity exceeds the safety threshold.	ok
alchemy_s20	Endure Pain	2	ng_plus	Increases maximum Vitality by 0% if Toxicity exceeds the safety threshold.	Increases maximum Vitality by 0% if Toxicity exceeds the safety threshold.	ok
alchemy_s20	Endure Pain	3	ng_plus	Increases maximum Vitality by 0% if Toxicity exceeds the safety threshold.	Increases maximum Vitality by 0% if Toxicity exceeds the safety threshold.	ok
alchemy_s10	Pyrotechnics	1	ng_plus	All bombs, even those that do not inflict damage, now deal 100 damage in addition to their normal effects.	All bombs, even those that do not inflict damage, now deal 100 damage in addition to their normal effects.	ok
alchemy_s10	Pyrotechnics	2	ng_plus	All bombs, even those that do not inflict damage, now deal 200 damage in addition to their normal effects.	All bombs, even those that do not inflict damage, now deal 200 damage in addition to their normal effects.	ok
alchemy_s10	Pyrotechnics	3	ng_plus	All bombs, even those that do not inflict damage, now deal 300 damage in addition to their normal effects.	All bombs, even those that do not inflict damage, now deal 300 damage in addition to their normal effects.	ok
alchemy_s27	Hunter Instinct	1	ng_plus	When Adrenaline points reach their maximum, increases critical hit damage against the targeted enemy type by 20% if the correct oil is applied.	When Adrenaline points reach their maximum, increases critical hit damage against the targeted enemy type by 20% if the correct oil is applied.	ok
alchemy_s27	Hunter Instinct	2	ng_plus	When Adrenaline points reach their maximum, increases critical hit damage against the targeted enemy type by 40% if the correct oil is applied.	When Adrenaline points reach their maximum, increases critical hit damage against the targeted enemy type by 40% if the correct oil is applied.	ok
alchemy_s27	Hunter Instinct	3	ng_plus	When Adrenaline points reach their maximum, increases critical hit damage against the targeted enemy type by 60% if the correct oil is applied.	When Adrenaline points reach their maximum, increases critical hit damage against the targeted enemy type by 60% if the correct oil is applied.	ok
alchemy_s12	Poisoned Blades	1	ng_plus	Oil applied to blades has a 5% chance of poisoning the target.	Oil applied to blades has a 5% chance of poisoning the target.	ok
alchemy_s12	Poisoned Blades	2	ng_plus	Oil applied to blades has a 10% chance of poisoning the target.	Oil applied to blades has a 10% chance of poisoning the target.	ok
alchemy_s12	Poisoned Blades	3	ng_plus	Oil applied to blades has a 15% chance of poisoning the target.	Oil applied to blades has a 15% chance of poisoning the target.	ok
alchemy_s5	Protective Coating	1	ng_plus	Adds 5% protection against attacks from the monster type targeted by the oil.	Adds 5% protection against attacks from the monster type targeted by the oil.	ok
alchemy_s5	Protective Coating	2	ng_plus	Adds 10% protection against attacks from the monster type targeted by the oil.	Adds 10% protection against attacks from the monster type targeted by the oil.	ok
alchemy_s5	Protective Coating	3	ng_plus	Adds 15% protection against attacks from the monster type targeted by the oil.	Adds 15% protection against attacks from the monster type targeted by the oil.	ok
alchemy_s18	Acquired Tolerance	1	ng_plus	Every learned alchemical recipe increases maximum Toxicity by 1.	Every learned alchemical recipe increases maximum Toxicity by 1.	ok
alchemy_s18	Acquired Tolerance	2	ng_plus	Every learned alchemical recipe increases maximum Toxicity by 2.	Every learned alchemical recipe increases maximum Toxicity by 2.	ok
alchemy_s18	Acquired Tolerance	3	ng_plus	Every learned alchemical recipe increases maximum Toxicity by 3.	Every learned alchemical recipe increases maximum Toxicity by 3.	ok
alchemy_s23	Toxic Shock	1	ng_plus	Hitting a poisoned enemy with a Strong Attack consumes the poison, causing an extra burst of poison damage equal to 25% of the attack damage. Can be used once every 5 seconds.	Hitting a poisoned enemy with a Strong Attack consumes the poison, causing an extra burst of poison damage equal to 25% of the attack damage. Can be used once every 5 seconds.	ok
alchemy_s23	Toxic Shock	2	ng_plus	Hitting a poisoned enemy with a Strong Attack consumes the poison, causing an extra burst of poison damage equal to 50% of the attack damage. Can be used once every 5 seconds.	Hitting a poisoned enemy with a Strong Attack consumes the poison, causing an extra burst of poison damage equal to 50% of the attack damage. Can be used once every 5 seconds.	ok
alchemy_s23	Toxic Shock	3	ng_plus	Hitting a poisoned enemy with a Strong Attack consumes the poison, causing an extra burst of poison damage equal to 75% of the attack damage. Can be used once every 5 seconds.	Hitting a poisoned enemy with a Strong Attack consumes the poison, causing an extra burst of poison damage equal to 75% of the attack damage. Can be used once every 5 seconds.	ok
alchemy_s13	Tissue Transmutation	1	ng_plus	Decoctions increase maximum Vitality by 300 for the decoction's effective duration.	Decoctions increase maximum Vitality by 300 for the decoction's effective duration.	ok
alchemy_s13	Tissue Transmutation	2	ng_plus	Decoctions increase maximum Vitality by 600 for the decoction's effective duration.	Decoctions increase maximum Vitality by 600 for the decoction's effective duration.	ok
alchemy_s13	Tissue Transmutation	3	ng_plus	Decoctions increase maximum Vitality by 900 for the decoction's effective duration.	Decoctions increase maximum Vitality by 900 for the decoction's effective duration.	ok
alchemy_s3	Delayed Recovery	1	ng_plus	When Toxicity is above 0%, each consumed potion increases the duration of active potions' effects by 5 seconds, up to their maximum duration.	When Toxicity is above 0%, each consumed potion increases the duration of active potions' effects by 5 seconds, up to their maximum duration.	ok
alchemy_s3	Delayed Recovery	2	ng_plus	When Toxicity is above 0%, each consumed potion increases the duration of active potions' effects by 5 seconds, up to their maximum duration.	When Toxicity is above 0%, each consumed potion increases the duration of active potions' effects by 5 seconds, up to their maximum duration.	ok
alchemy_s3	Delayed Recovery	3	ng_plus	When Toxicity is above 0%, each consumed potion increases the duration of active potions' effects by 5 seconds, up to their maximum duration.	When Toxicity is above 0%, each consumed potion increases the duration of active potions' effects by 5 seconds, up to their maximum duration.	ok
alchemy_s24	High Tolerance	1	ng_plus	While at 80% Toxicity or higher, take 150% damage from enemies. Increases critical hit damage equal to 33% of current Toxicity.	While at 80% Toxicity or higher, take 150% damage from enemies. Increases critical hit damage equal to 33% of current Toxicity.	ok
alchemy_s24	High Tolerance	2	ng_plus	While at 80% Toxicity or higher, take 150% damage from enemies. Increases critical hit damage equal to 67% of current Toxicity.	While at 80% Toxicity or higher, take 150% damage from enemies. Increases critical hit damage equal to 67% of current Toxicity.	ok
alchemy_s24	High Tolerance	3	ng_plus	While at 80% Toxicity or higher, take 150% damage from enemies. Increases critical hit damage equal to 100% of current Toxicity.	While at 80% Toxicity or higher, take 150% damage from enemies. Increases critical hit damage equal to 100% of current Toxicity.	ok
alchemy_s25	Volatile Compound	1	ng_plus	Bomb damage increases by 0.1% per point of Toxicity.	Bomb damage increases by 0.1% per point of Toxicity.	ok
alchemy_s25	Volatile Compound	2	ng_plus	Bomb damage increases by 0.2% per point of Toxicity.	Bomb damage increases by 0.2% per point of Toxicity.	ok
alchemy_s25	Volatile Compound	3	ng_plus	Bomb damage increases by 0.3% per point of Toxicity.	Bomb damage increases by 0.3% per point of Toxicity.	ok
alchemy_s22	Debilitating Poison	1	ng_plus	Poisoned targets deal 5% less damage.	Poisoned targets deal 5% less damage.	ok
alchemy_s22	Debilitating Poison	2	ng_plus	Poisoned targets deal 10% less damage.	Poisoned targets deal 10% less damage.	ok
alchemy_s22	Debilitating Poison	3	ng_plus	Poisoned targets deal 15% less damage.	Poisoned targets deal 15% less damage.	ok
alchemy_s15	Fast Metabolism	1	ng_plus	Toxicity drops 1 points per second faster.	Toxicity drops 1 points per second faster.	ok
alchemy_s15	Fast Metabolism	2	ng_plus	Toxicity drops 2 points per second faster.	Toxicity drops 2 points per second faster.	ok
alchemy_s15	Fast Metabolism	3	ng_plus	Toxicity drops 3 points per second faster.	Toxicity drops 3 points per second faster.	ok
alchemy_s11	Cluster Bombs	1	ng_plus	Bombs explode into 2 fragments, dealing 40% of the original bomb's damage for each fragment.	Bombs explode into 2 fragments, dealing 40% of the original bomb's damage for each fragment.	ok
alchemy_s11	Cluster Bombs	2	ng_plus	Bombs explode into 3 fragments, dealing 40% of the original bomb's damage for each fragment.	Bombs explode into 3 fragments, dealing 40% of the original bomb's damage for each fragment.	ok
alchemy_s11	Cluster Bombs	3	ng_plus	Bombs explode into 4 fragments, dealing 40% of the original bomb's damage for each fragment.	Bombs explode into 4 fragments, dealing 40% of the original bomb's damage for each fragment.	ok
alchemy_s4	Side Effects	1	ng_plus	Drinking a potion has a 33% chance of activating the effects of another random potion without increasing Toxicity. You can only have one bonus effect at a time.	Drinking a potion has a 33% chance of activating the effects of another random potion without increasing Toxicity. You can only have one bonus effect at a time.	ok
alchemy_s4	Side Effects	2	ng_plus	Drinking a potion has a 67% chance of activating the effects of another random potion without increasing Toxicity. You can only have one bonus effect at a time.	Drinking a potion has a 67% chance of activating the effects of another random potion without increasing Toxicity. You can only have one bonus effect at a time.	ok
alchemy_s4	Side Effects	3	ng_plus	Drinking a potion has a 100% chance of activating the effects of another random potion without increasing Toxicity. You can only have one bonus effect at a time.	Drinking a potion has a 100% chance of activating the effects of another random potion without increasing Toxicity. You can only have one bonus effect at a time.	ok
alchemy_s26	Potent Sting	1	ng_plus	Poisoned weapons deal an additional 5% damage, or an additional 10% damage to targets immune to poison.	Poisoned weapons deal an additional 5% damage, or an additional 10% damage to targets immune to poison.	ok
alchemy_s26	Potent Sting	2	ng_plus	Poisoned weapons deal an additional 10% damage, or an additional 20% damage to targets immune to poison.	Poisoned weapons deal an additional 10% damage, or an additional 20% damage to targets immune to poison.	ok
alchemy_s26	Potent Sting	3	ng_plus	Poisoned weapons deal an additional 15% damage, or an additional 30% damage to targets immune to poison.	Poisoned weapons deal an additional 15% damage, or an additional 30% damage to targets immune to poison.	ok
perk_23	Cat School Techniques	1	ng_plus	Each piece of Light Armor increases critical hit damage by 8% and Fast Attack damage by 2%.	Each piece of Light Armor increases critical hit damage by 8% and Fast Attack damage by 2%.	ok
perk_23	Cat School Techniques	2	ng_plus	Each piece of Light Armor increases critical hit damage by 16% and Fast Attack damage by 4%.	Each piece of Light Armor increases critical hit damage by 16% and Fast Attack damage by 4%.	ok
perk_23	Cat School Techniques	3	ng_plus	Each piece of Light Armor increases critical hit damage by 24% and Fast Attack damage by 6%.	Each piece of Light Armor increases critical hit damage by 24% and Fast Attack damage by 6%.	ok
perk_40	Battle Frenzy	1	ng_plus	Increases critical hit chance by 3% per Adrenaline point available.	Increases critical hit chance by 3% per Adrenaline point available.	ok
perk_40	Battle Frenzy	2	ng_plus	Increases critical hit chance by 6% per Adrenaline point available.	Increases critical hit chance by 6% per Adrenaline point available.	ok
perk_40	Battle Frenzy	3	ng_plus	Increases critical hit chance by 9% per Adrenaline point available.	Increases critical hit chance by 9% per Adrenaline point available.	ok
perk_26	Wolf School Techniques	1	ng_plus	Each piece of Medium Armor increases weapon damage by 2% and Sign intensity by 2%.	Each piece of Medium Armor increases weapon damage by 2% and Sign intensity by 2%.	ok
perk_26	Wolf School Techniques	2	ng_plus	Each piece of Medium Armor increases weapon damage by 4% and Sign intensity by 4%.	Each piece of Medium Armor increases weapon damage by 4% and Sign intensity by 4%.	ok
perk_26	Wolf School Techniques	3	ng_plus	Each piece of Medium Armor increases weapon damage by 6% and Sign intensity by 6%.	Each piece of Medium Armor increases weapon damage by 6% and Sign intensity by 6%.	ok
perk_42	Adrenaline Burst	1	ng_plus	Increases Adrenaline generation by 2% and allows Signs to generate Adrenaline.	Increases Adrenaline generation by 2% and allows Signs to generate Adrenaline.	ok
perk_42	Adrenaline Burst	2	ng_plus	Increases Adrenaline generation by 4% and allows Signs to generate Adrenaline.	Increases Adrenaline generation by 4% and allows Signs to generate Adrenaline.	ok
perk_42	Adrenaline Burst	3	ng_plus	Increases Adrenaline generation by 6% and allows Signs to generate Adrenaline.	Increases Adrenaline generation by 6% and allows Signs to generate Adrenaline.	ok
perk_31	Attack is the Best Defense	1	ng_plus	Each successful defensive action generates Adrenaline points. Scales with every skill level.	Each successful defensive action generates Adrenaline points. Scales with every skill level.	ok
perk_31	Attack is the Best Defense	2	ng_plus	Each successful defensive action generates Adrenaline points. Scales with every skill level.	Each successful defensive action generates Adrenaline points. Scales with every skill level.	ok
perk_31	Attack is the Best Defense	3	ng_plus	Each successful defensive action generates Adrenaline points. Scales with every skill level.	Each successful defensive action generates Adrenaline points. Scales with every skill level.	ok
perk_38	Sun and Stars	1	ng_plus	During the day, Vitality regenerates by an additional 10 points per second when Geralt is not in combat. During the night, Stamina regenerates by an additional 1 points per second during combat.	During the day, Vitality regenerates by an additional 10 points per second when Geralt is not in combat. During the night, Stamina regenerates by an additional 1 points per second during combat.	ok
perk_38	Sun and Stars	2	ng_plus	During the day, Vitality regenerates by an additional 20 points per second when Geralt is not in combat. During the night, Stamina regenerates by an additional 2 points per second during combat.	During the day, Vitality regenerates by an additional 20 points per second when Geralt is not in combat. During the night, Stamina regenerates by an additional 2 points per second during combat.	ok
perk_38	Sun and Stars	3	ng_plus	During the day, Vitality regenerates by an additional 30 points per second when Geralt is not in combat. During the night, Stamina regenerates by an additional 3 points per second during combat.	During the day, Vitality regenerates by an additional 30 points per second when Geralt is not in combat. During the night, Stamina regenerates by an additional 3 points per second during combat.	ok
perk_35	Strong Back	1	ng_plus	Increases maximum inventory weight by 20.	Increases maximum inventory weight by 20.	ok
perk_35	Strong Back	2	ng_plus	Increases maximum inventory weight by 40.	Increases maximum inventory weight by 40.	ok
perk_35	Strong Back	3	ng_plus	Increases maximum inventory weight by 60.	Increases maximum inventory weight by 60.	ok
perk_25	Bear School Techniques	1	ng_plus	Each piece of Heavy Armor increases maximum Vitality by 2% and Strong Attack damage by 2%.	Each piece of Heavy Armor increases maximum Vitality by 2% and Strong Attack damage by 2%.	ok
perk_25	Bear School Techniques	2	ng_plus	Each piece of Heavy Armor increases maximum Vitality by 4% and Strong Attack damage by 4%.	Each piece of Heavy Armor increases maximum Vitality by 4% and Strong Attack damage by 4%.	ok
perk_25	Bear School Techniques	3	ng_plus	Each piece of Heavy Armor increases maximum Vitality by 6% and Strong Attack damage by 6%.	Each piece of Heavy Armor increases maximum Vitality by 6% and Strong Attack damage by 6%.	ok
perk_30	Survival Instinct	1	ng_plus	Increases maximum Vitality by 8%.	Increases maximum Vitality by 8%.	ok
perk_30	Survival Instinct	2	ng_plus	Increases maximum Vitality by 16%.	Increases maximum Vitality by 16%.	ok
perk_30	Survival Instinct	3	ng_plus	Increases maximum Vitality by 24%.	Increases maximum Vitality by 24%.	ok
perk_41	Gourmand	1	ng_plus	Consuming food regenerates Vitality for 5 minutes.	Consuming food regenerates Vitality for 5 minutes.	ok
perk_41	Gourmand	2	ng_plus	Consuming food regenerates Vitality for 10 minutes.	Consuming food regenerates Vitality for 10 minutes.	ok
perk_41	Gourmand	3	ng_plus	Consuming food regenerates Vitality for 15 minutes.	Consuming food regenerates Vitality for 15 minutes.	ok
perk_34	Anger Management	1	ng_plus	Allows casting Signs using Adrenaline points when Stamina is empty. Consumes 2 Adrenaline point(s) per cast.	Allows casting Signs using Adrenaline points when Stamina is empty. Consumes 2 Adrenaline point(s) per cast.	ok
perk_34	Anger Management	2	ng_plus	Allows casting Signs using Adrenaline points when Stamina is empty. Consumes 1.5 Adrenaline point(s) per cast.	Allows casting Signs using Adrenaline points when Stamina is empty. Consumes 1.5 Adrenaline point(s) per cast.	ok
perk_34	Anger Management	3	ng_plus	Allows casting Signs using Adrenaline points when Stamina is empty. Consumes 1 Adrenaline point(s) per cast.	Allows casting Signs using Adrenaline points when Stamina is empty. Consumes 1 Adrenaline point(s) per cast.	ok
perk_37	Elemental Attunement	1	ng_plus	Increases non-physical damage (fire, frost, force, magic, poison) by 3%.	Increases non-physical damage (fire, frost, force, magic, poison) by 3%.	ok
perk_37	Elemental Attunement	2	ng_plus	Increases non-physical damage (fire, frost, force, magic, poison) by 6%.	Increases non-physical damage (fire, frost, force, magic, poison) by 6%.	ok
perk_37	Elemental Attunement	3	ng_plus	Increases non-physical damage (fire, frost, force, magic, poison) by 9%.	Increases non-physical damage (fire, frost, force, magic, poison) by 9%.	ok
perk_24	Griffin School Techniques	1	ng_plus	Each piece of Medium Armor increases Sign intensity by 2% and Stamina regeneration by 0/s.	Each piece of Medium Armor increases Sign intensity by 2% and Stamina regeneration by 0/s.	ok
perk_24	Griffin School Techniques	2	ng_plus	Each piece of Medium Armor increases Sign intensity by 4% and Stamina regeneration by 0/s.	Each piece of Medium Armor increases Sign intensity by 4% and Stamina regeneration by 0/s.	ok
perk_24	Griffin School Techniques	3	ng_plus	Each piece of Medium Armor increases Sign intensity by 6% and Stamina regeneration by 1/s.	Each piece of Medium Armor increases Sign intensity by 6% and Stamina regeneration by 1/s.	ok
perk_43	Synergy	1	ng_plus	Increases bonuses for mutagens placed in mutagen slots by 10%.	Increases bonuses for mutagens placed in mutagen slots by 10%.	ok
perk_43	Synergy	2	ng_plus	Increases bonuses for mutagens placed in mutagen slots by 20%.	Increases bonuses for mutagens placed in mutagen slots by 20%.	ok
perk_43	Synergy	3	ng_plus	Increases bonuses for mutagens placed in mutagen slots by 30%.	Increases bonuses for mutagens placed in mutagen slots by 30%.	ok
perk_44	Element of Surprise	1	ng_plus	Hitting enemies with a bomb increases your melee damage by 10% for 10 seconds.	Hitting enemies with a bomb increases your melee damage by 10% for 10 seconds.	ok
perk_44	Element of Surprise	2	ng_plus	Hitting enemies with a bomb increases your melee damage by 20% for 10 seconds.	Hitting enemies with a bomb increases your melee damage by 20% for 10 seconds.	ok
perk_44	Element of Surprise	3	ng_plus	Hitting enemies with a bomb increases your melee damage by 30% for 10 seconds.	Hitting enemies with a bomb increases your melee damage by 30% for 10 seconds.	ok
perk_33	Metabolic Control	1	ng_plus	Increases maximum Toxicity by 10.	Increases maximum Toxicity by 10.	ok
perk_33	Metabolic Control	2	ng_plus	Increases maximum Toxicity by 20.	Increases maximum Toxicity by 20.	ok
perk_33	Metabolic Control	3	ng_plus	Increases maximum Toxicity by 30.	Increases maximum Toxicity by 30.	ok
perk_39	Advanced Pyrotechnics	1	ng_plus	When thrown, bombs have a 10% chance of not being consumed. Grants immunity to damage dealt by the thrown bomb.	When thrown, bombs have a 10% chance of not being consumed. Grants immunity to damage dealt by the thrown bomb.	ok
perk_39	Advanced Pyrotechnics	2	ng_plus	When thrown, bombs have a 20% chance of not being consumed. Grants immunity to damage dealt by the thrown bomb.	When thrown, bombs have a 20% chance of not being consumed. Grants immunity to damage dealt by the thrown bomb.	ok
perk_39	Advanced Pyrotechnics	3	ng_plus	When thrown, bombs have a 30% chance of not being consumed. Grants immunity to damage dealt by the thrown bomb.	When thrown, bombs have a 30% chance of not being consumed. Grants immunity to damage dealt by the thrown bomb.	ok
perk_27	Manticore School Techniques	1	ng_plus	Each piece of Medium Armor increases sword damage by 2% and bomb damage by 2%.	Each piece of Medium Armor increases sword damage by 2% and bomb damage by 2%.	ok
perk_27	Manticore School Techniques	2	ng_plus	Each piece of Medium Armor increases sword damage by 4% and bomb damage by 4%.	Each piece of Medium Armor increases sword damage by 4% and bomb damage by 4%.	ok
perk_27	Manticore School Techniques	3	ng_plus	Each piece of Medium Armor increases sword damage by 6% and bomb damage by 6%.	Each piece of Medium Armor increases sword damage by 6% and bomb damage by 6%.	ok
perk_32	Metabolic Boost	1	ng_plus	Consumes Adrenaline and reduces the Toxicity cost of potions by 10% per Adrenaline point. Does not affect mutagen decoctions.	Consumes Adrenaline and reduces the Toxicity cost of potions by 10% per Adrenaline point. Does not affect mutagen decoctions.	ok
perk_32	Metabolic Boost	2	ng_plus	Consumes Adrenaline and reduces the Toxicity cost of potions by 20% per Adrenaline point. Does not affect mutagen decoctions.	Consumes Adrenaline and reduces the Toxicity cost of potions by 20% per Adrenaline point. Does not affect mutagen decoctions.	ok
perk_32	Metabolic Boost	3	ng_plus	Consumes Adrenaline and reduces the Toxicity cost of potions by 30% per Adrenaline point. Does not affect mutagen decoctions.	Consumes Adrenaline and reduces the Toxicity cost of potions by 30% per Adrenaline point. Does not affect mutagen decoctions.	ok
perk_28	Viper School Techniques	1	ng_plus	Each piece of Medium Armor increases maximum Vitality by 2% and poison damage by 2%.	Each piece of Medium Armor increases maximum Vitality by 2% and poison damage by 2%.	ok
perk_28	Viper School Techniques	2	ng_plus	Each piece of Medium Armor increases maximum Vitality by 4% and poison damage by 4%.	Each piece of Medium Armor increases maximum Vitality by 4% and poison damage by 4%.	ok
perk_28	Viper School Techniques	3	ng_plus	Each piece of Medium Armor increases maximum Vitality by 6% and poison damage by 6%.	Each piece of Medium Armor increases maximum Vitality by 6% and poison damage by 6%.	ok
